user_id,product_id,action,timestamp
1,564,view,2026-04-05T17:10:38Z
1,458,click,2026-04-05T17:26:38Z
1,210,add_to_cart,2026-04-05T17:35:38Z
1,1117,checkout,2026-04-05T18:19:38Z
1,1210,purchase,2026-04-05T18:25:38Z
1,62,remove_cart,2026-04-05T18:28:38Z
1,477,click,2026-04-05T18:42:38Z
1,408,view,2026-04-05T19:18:38Z
1,920,remove_cart,2026-04-05T19:33:38Z
1,14,search,2026-04-05T20:25:38Z
1,866,add_to_cart,2026-04-05T21:10:38Z
1,319,wishlist,2026-04-05T21:28:38Z
1,690,purchase,2026-04-05T22:17:38Z
1,779,click,2026-04-05T22:23:38Z
1,705,click,2026-04-05T22:46:38Z
1,89,search,2026-04-05T23:38:38Z
1,256,checkout,2026-04-06T00:13:38Z
1,1131,remove_cart,2026-04-06T00:19:38Z
1,1288,search,2026-04-06T01:13:38Z
1,394,wishlist,2026-04-06T01:50:38Z
1,1355,click,2026-04-06T01:53:38Z
1,593,purchase,2026-04-06T02:43:38Z
1,477,click,2026-04-06T03:38:38Z
1,570,click,2026-04-06T04:03:38Z
1,748,checkout,2026-04-06T04:44:38Z
1,728,add_to_cart,2026-04-06T05:08:38Z
1,547,purchase,2026-04-06T05:51:38Z
1,1301,click,2026-04-06T06:30:38Z
1,1494,add_to_cart,2026-04-06T07:05:38Z
1,947,purchase,2026-04-06T07:16:38Z
1,1311,remove_cart,2026-04-06T07:34:38Z
1,665,purchase,2026-04-06T08:18:38Z
1,66,view,2026-04-06T08:33:38Z
1,549,wishlist,2026-04-06T08:59:38Z
1,1162,click,2026-04-06T09:13:38Z
1,1343,wishlist,2026-04-06T09:27:38Z
1,1317,checkout,2026-04-06T09:53:38Z
1,543,checkout,2026-04-06T10:03:38Z
1,1150,add_to_cart,2026-04-06T10:19:38Z
1,1198,search,2026-04-06T11:07:38Z
1,1196,remove_cart,2026-04-06T12:05:38Z
1,450,remove_cart,2026-04-06T12:29:38Z
1,1011,add_to_cart,2026-04-06T13:02:38Z
1,97,click,2026-04-06T13:51:38Z
1,1286,click,2026-04-06T14:01:38Z
1,1394,add_to_cart,2026-04-06T14:52:38Z
1,131,remove_cart,2026-04-06T15:31:38Z
1,1221,remove_cart,2026-04-06T15:56:38Z
1,515,checkout,2026-04-06T16:30:38Z
1,1477,view,2026-04-06T17:14:38Z
1,1100,click,2026-04-06T17:58:38Z
1,1313,search,2026-04-06T18:48:38Z
1,602,wishlist,2026-04-06T18:56:38Z
1,930,remove_cart,2026-04-06T19:07:38Z
1,1474,view,2026-04-06T19:54:38Z
1,366,search,2026-04-06T20:27:38Z
1,1281,click,2026-04-06T21:23:38Z
1,1309,search,2026-04-06T22:17:38Z
1,766,purchase,2026-04-06T22:27:38Z
1,1087,add_to_cart,2026-04-06T23:02:38Z
2,40,view,2026-04-19T16:54:38Z
2,744,wishlist,2026-04-19T17:02:38Z
2,630,view,2026-04-19T17:59:38Z
2,119,click,2026-04-19T18:15:38Z
2,1162,add_to_cart,2026-04-19T18:31:38Z
2,1499,click,2026-04-19T18:37:38Z
2,142,checkout,2026-04-19T19:30:38Z
2,1352,add_to_cart,2026-04-19T19:39:38Z
2,339,checkout,2026-04-19T20:15:38Z
2,1243,search,2026-04-19T20:49:38Z
2,1105,remove_cart,2026-04-19T21:03:38Z
2,639,purchase,2026-04-19T21:49:38Z
2,1331,remove_cart,2026-04-19T22:32:38Z
2,1060,wishlist,2026-04-19T23:01:38Z
2,508,checkout,2026-04-19T23:09:38Z
2,693,purchase,2026-04-19T23:14:38Z
2,1135,view,2026-04-19T23:52:38Z
2,452,purchase,2026-04-20T00:30:38Z
2,1450,view,2026-04-20T00:35:38Z
2,139,view,2026-04-20T00:50:38Z
2,677,view,2026-04-20T01:46:38Z
2,488,click,2026-04-20T02:19:38Z
2,995,search,2026-04-20T03:02:38Z
2,271,purchase,2026-04-20T03:37:38Z
2,969,checkout,2026-04-20T03:53:38Z
2,194,remove_cart,2026-04-20T04:06:38Z
2,883,click,2026-04-20T04:49:38Z
2,842,wishlist,2026-04-20T05:17:38Z
2,1494,checkout,2026-04-20T06:13:38Z
2,1339,view,2026-04-20T06:57:38Z
2,825,click,2026-04-20T07:01:38Z
2,224,wishlist,2026-04-20T07:53:38Z
2,390,purchase,2026-04-20T08:06:38Z
2,865,checkout,2026-04-20T08:15:38Z
2,948,add_to_cart,2026-04-20T08:33:38Z
2,155,purchase,2026-04-20T09:29:38Z
2,1128,checkout,2026-04-20T10:21:38Z
2,1336,click,2026-04-20T10:25:38Z
2,485,view,2026-04-20T10:31:38Z
2,995,add_to_cart,2026-04-20T10:58:38Z
2,822,checkout,2026-04-20T11:12:38Z
2,777,view,2026-04-20T11:23:38Z
2,544,view,2026-04-20T11:48:38Z
2,867,checkout,2026-04-20T12:07:38Z
2,389,checkout,2026-04-20T12:17:38Z
2,120,search,2026-04-20T12:31:38Z
2,643,view,2026-04-20T13:19:38Z
2,1197,view,2026-04-20T13:23:38Z
2,1088,checkout,2026-04-20T13:56:38Z
2,1041,add_to_cart,2026-04-20T14:00:38Z
2,381,click,2026-04-20T14:55:38Z
2,140,click,2026-04-20T15:34:38Z
2,246,purchase,2026-04-20T16:00:38Z
2,1218,purchase,2026-04-20T16:38:38Z
2,168,view,2026-04-20T17:18:38Z
2,1196,remove_cart,2026-04-20T18:01:38Z
2,535,wishlist,2026-04-20T19:01:38Z
2,1467,purchase,2026-04-20T19:44:38Z
2,544,wishlist,2026-04-20T20:00:38Z
2,1376,remove_cart,2026-04-20T20:09:38Z
2,648,search,2026-04-20T20:39:38Z
2,939,click,2026-04-20T20:40:38Z
2,1102,click,2026-04-20T20:45:38Z
2,544,purchase,2026-04-20T21:18:38Z
2,715,add_to_cart,2026-04-20T22:18:38Z
2,501,click,2026-04-20T23:15:38Z
2,324,wishlist,2026-04-20T23:34:38Z
2,1113,checkout,2026-04-21T00:28:38Z
2,1340,search,2026-04-21T01:08:38Z
2,1136,view,2026-04-21T01:51:38Z
2,1359,search,2026-04-21T02:51:38Z
2,276,click,2026-04-21T03:48:38Z
2,220,search,2026-04-21T03:56:38Z
2,578,add_to_cart,2026-04-21T04:14:38Z
2,703,purchase,2026-04-21T05:00:38Z
2,1299,purchase,2026-04-21T05:44:38Z
2,1001,search,2026-04-21T06:17:38Z
2,105,search,2026-04-21T07:15:38Z
3,567,view,2026-01-28T17:16:38Z
3,8,click,2026-01-28T17:19:38Z
3,268,add_to_cart,2026-01-28T17:41:38Z
3,537,remove_cart,2026-01-28T18:22:38Z
3,905,view,2026-01-28T18:33:38Z
3,20,remove_cart,2026-01-28T19:09:38Z
3,1416,click,2026-01-28T19:14:38Z
3,74,add_to_cart,2026-01-28T19:49:38Z
3,1132,wishlist,2026-01-28T20:27:38Z
3,262,add_to_cart,2026-01-28T20:55:38Z
3,747,view,2026-01-28T21:15:38Z
3,733,view,2026-01-28T22:13:38Z
3,512,purchase,2026-01-28T22:57:38Z
3,1147,click,2026-01-28T23:20:38Z
3,317,remove_cart,2026-01-29T00:00:38Z
3,333,purchase,2026-01-29T00:56:38Z
3,845,add_to_cart,2026-01-29T01:53:38Z
3,681,view,2026-01-29T02:05:38Z
3,1372,remove_cart,2026-01-29T02:57:38Z
3,327,purchase,2026-01-29T03:15:38Z
3,80,click,2026-01-29T03:40:38Z
3,409,checkout,2026-01-29T03:55:38Z
3,626,checkout,2026-01-29T04:18:38Z
3,49,purchase,2026-01-29T04:33:38Z
3,673,purchase,2026-01-29T04:59:38Z
4,1314,view,2026-04-11T16:45:38Z
4,819,wishlist,2026-04-11T17:18:38Z
4,1099,view,2026-04-11T18:02:38Z
4,57,click,2026-04-11T18:24:38Z
4,535,add_to_cart,2026-04-11T18:32:38Z
4,544,add_to_cart,2026-04-11T19:10:38Z
4,1222,view,2026-04-11T19:17:38Z
4,1493,remove_cart,2026-04-11T19:40:38Z
4,1242,wishlist,2026-04-11T20:08:38Z
4,1181,click,2026-04-11T20:33:38Z
4,91,purchase,2026-04-11T20:50:38Z
4,1065,remove_cart,2026-04-11T20:51:38Z
4,884,purchase,2026-04-11T21:15:38Z
4,677,click,2026-04-11T21:58:38Z
4,256,wishlist,2026-04-11T22:41:38Z
4,634,search,2026-04-11T23:14:38Z
4,825,remove_cart,2026-04-11T23:35:38Z
4,261,search,2026-04-12T00:11:38Z
4,1362,purchase,2026-04-12T00:38:38Z
4,357,remove_cart,2026-04-12T01:22:38Z
4,1123,search,2026-04-12T01:48:38Z
4,588,view,2026-04-12T02:08:38Z
4,1188,purchase,2026-04-12T02:36:38Z
4,905,wishlist,2026-04-12T03:06:38Z
4,438,checkout,2026-04-12T03:50:38Z
4,348,checkout,2026-04-12T04:41:38Z
4,1056,click,2026-04-12T05:00:38Z
4,482,wishlist,2026-04-12T05:06:38Z
4,408,search,2026-04-12T05:21:38Z
4,95,add_to_cart,2026-04-12T05:23:38Z
4,1252,purchase,2026-04-12T05:54:38Z
4,849,click,2026-04-12T06:24:38Z
4,1427,purchase,2026-04-12T07:10:38Z
4,819,remove_cart,2026-04-12T07:42:38Z
4,1344,purchase,2026-04-12T07:52:38Z
4,219,view,2026-04-12T08:50:38Z
4,361,remove_cart,2026-04-12T09:05:38Z
5,1142,view,2026-01-20T16:26:38Z
5,249,click,2026-01-20T16:42:38Z
5,274,add_to_cart,2026-01-20T17:12:38Z
5,952,remove_cart,2026-01-20T18:04:38Z
5,1088,view,2026-01-20T18:47:38Z
5,907,wishlist,2026-01-20T19:36:38Z
5,1123,remove_cart,2026-01-20T20:30:38Z
5,326,checkout,2026-01-20T21:28:38Z
5,531,checkout,2026-01-20T21:57:38Z
5,1306,purchase,2026-01-20T22:51:38Z
5,1068,search,2026-01-20T23:41:38Z
5,490,checkout,2026-01-21T00:22:38Z
5,159,search,2026-01-21T00:51:38Z
5,557,search,2026-01-21T01:07:38Z
5,1107,wishlist,2026-01-21T01:28:38Z
5,309,click,2026-01-21T01:37:38Z
5,1422,purchase,2026-01-21T02:02:38Z
5,439,add_to_cart,2026-01-21T02:48:38Z
5,835,click,2026-01-21T03:15:38Z
5,955,wishlist,2026-01-21T03:50:38Z
5,424,remove_cart,2026-01-21T03:54:38Z
5,1197,remove_cart,2026-01-21T04:19:38Z
5,1180,view,2026-01-21T05:14:38Z
5,13,remove_cart,2026-01-21T05:45:38Z
5,799,wishlist,2026-01-21T06:05:38Z
5,1119,remove_cart,2026-01-21T06:40:38Z
5,450,purchase,2026-01-21T07:12:38Z
5,995,search,2026-01-21T07:40:38Z
5,689,view,2026-01-21T08:05:38Z
5,339,remove_cart,2026-01-21T08:52:38Z
5,262,checkout,2026-01-21T09:51:38Z
5,807,view,2026-01-21T10:50:38Z
5,1317,view,2026-01-21T10:56:38Z
5,946,remove_cart,2026-01-21T11:05:38Z
5,533,add_to_cart,2026-01-21T11:09:38Z
5,434,remove_cart,2026-01-21T11:30:38Z
5,692,checkout,2026-01-21T11:51:38Z
5,864,remove_cart,2026-01-21T12:09:38Z
5,168,search,2026-01-21T13:03:38Z
5,1105,checkout,2026-01-21T13:05:38Z
5,460,view,2026-01-21T13:28:38Z
5,1335,click,2026-01-21T14:18:38Z
5,64,view,2026-01-21T15:07:38Z
5,42,purchase,2026-01-21T15:20:38Z
5,259,add_to_cart,2026-01-21T15:36:38Z
5,235,checkout,2026-01-21T16:19:38Z
5,1433,purchase,2026-01-21T16:49:38Z
5,756,search,2026-01-21T17:39:38Z
5,1244,add_to_cart,2026-01-21T18:18:38Z
5,336,click,2026-01-21T19:08:38Z
5,1186,search,2026-01-21T19:15:38Z
5,639,view,2026-01-21T20:15:38Z
5,1465,remove_cart,2026-01-21T20:41:38Z
5,1213,purchase,2026-01-21T20:46:38Z
5,1428,purchase,2026-01-21T20:53:38Z
5,1402,search,2026-01-21T21:48:38Z
5,1160,click,2026-01-21T22:39:38Z
5,1092,view,2026-01-21T23:02:38Z
5,759,remove_cart,2026-01-21T23:45:38Z
5,1327,click,2026-01-22T00:18:38Z
5,861,wishlist,2026-01-22T00:19:38Z
5,888,checkout,2026-01-22T00:26:38Z
5,942,wishlist,2026-01-22T01:07:38Z
5,361,add_to_cart,2026-01-22T01:35:38Z
5,1103,search,2026-01-22T02:15:38Z
5,893,checkout,2026-01-22T02:45:38Z
5,503,search,2026-01-22T03:06:38Z
5,924,click,2026-01-22T03:24:38Z
5,952,purchase,2026-01-22T04:13:38Z
5,59,remove_cart,2026-01-22T04:35:38Z
5,666,checkout,2026-01-22T05:30:38Z
6,530,search,2026-02-16T16:45:38Z
6,573,view,2026-02-16T17:07:38Z
6,1221,click,2026-02-16T18:04:38Z
6,21,search,2026-02-16T18:40:38Z
6,495,purchase,2026-02-16T18:46:38Z
6,1138,remove_cart,2026-02-16T19:18:38Z
6,976,purchase,2026-02-16T20:03:38Z
6,36,checkout,2026-02-16T20:32:38Z
6,454,click,2026-02-16T20:51:38Z
6,499,remove_cart,2026-02-16T21:36:38Z
6,1192,search,2026-02-16T22:19:38Z
6,1134,wishlist,2026-02-16T22:50:38Z
6,1128,wishlist,2026-02-16T23:18:38Z
6,1440,wishlist,2026-02-16T23:41:38Z
6,628,checkout,2026-02-16T23:59:38Z
6,248,search,2026-02-17T00:14:38Z
6,245,purchase,2026-02-17T00:35:38Z
6,444,add_to_cart,2026-02-17T00:48:38Z
6,1484,checkout,2026-02-17T01:06:38Z
6,398,search,2026-02-17T01:13:38Z
6,740,search,2026-02-17T01:28:38Z
6,29,add_to_cart,2026-02-17T01:48:38Z
6,94,add_to_cart,2026-02-17T02:06:38Z
6,599,view,2026-02-17T02:42:38Z
6,1006,add_to_cart,2026-02-17T03:23:38Z
6,26,click,2026-02-17T04:19:38Z
6,981,search,2026-02-17T04:50:38Z
6,378,checkout,2026-02-17T05:12:38Z
6,979,view,2026-02-17T05:29:38Z
6,134,click,2026-02-17T06:22:38Z
6,152,remove_cart,2026-02-17T06:54:38Z
7,306,view,2026-01-29T16:32:38Z
7,1153,click,2026-01-29T17:24:38Z
7,175,add_to_cart,2026-01-29T17:44:38Z
7,243,checkout,2026-01-29T18:00:38Z
7,853,purchase,2026-01-29T18:36:38Z
7,1071,purchase,2026-01-29T19:26:38Z
7,907,remove_cart,2026-01-29T19:55:38Z
7,1206,search,2026-01-29T20:51:38Z
7,1165,remove_cart,2026-01-29T21:11:38Z
7,204,view,2026-01-29T21:51:38Z
7,433,purchase,2026-01-29T22:32:38Z
7,167,search,2026-01-29T23:15:38Z
7,356,add_to_cart,2026-01-29T23:31:38Z
7,6,click,2026-01-29T23:42:38Z
7,1412,remove_cart,2026-01-30T00:11:38Z
7,67,checkout,2026-01-30T00:30:38Z
7,1448,purchase,2026-01-30T00:49:38Z
7,930,search,2026-01-30T01:34:38Z
7,479,click,2026-01-30T02:18:38Z
7,1281,search,2026-01-30T03:09:38Z
7,236,purchase,2026-01-30T03:37:38Z
7,306,purchase,2026-01-30T04:19:38Z
7,292,search,2026-01-30T05:12:38Z
7,340,click,2026-01-30T05:16:38Z
7,1166,search,2026-01-30T05:55:38Z
7,255,search,2026-01-30T06:24:38Z
7,623,checkout,2026-01-30T07:09:38Z
7,1025,remove_cart,2026-01-30T07:27:38Z
7,165,checkout,2026-01-30T07:56:38Z
7,885,view,2026-01-30T08:53:38Z
7,513,wishlist,2026-01-30T09:32:38Z
7,469,view,2026-01-30T09:38:38Z
7,1377,view,2026-01-30T10:27:38Z
7,83,search,2026-01-30T11:04:38Z
7,1063,add_to_cart,2026-01-30T11:35:38Z
7,570,checkout,2026-01-30T12:34:38Z
7,893,add_to_cart,2026-01-30T13:12:38Z
7,963,checkout,2026-01-30T13:18:38Z
7,683,wishlist,2026-01-30T13:45:38Z
7,215,wishlist,2026-01-30T14:28:38Z
7,844,add_to_cart,2026-01-30T14:50:38Z
7,1357,checkout,2026-01-30T15:09:38Z
7,1127,remove_cart,2026-01-30T16:02:38Z
7,181,view,2026-01-30T16:32:38Z
7,663,wishlist,2026-01-30T16:49:38Z
7,828,click,2026-01-30T17:39:38Z
7,1112,view,2026-01-30T18:22:38Z
7,112,checkout,2026-01-30T18:49:38Z
7,741,purchase,2026-01-30T19:23:38Z
7,906,checkout,2026-01-30T20:04:38Z
7,547,view,2026-01-30T20:18:38Z
7,590,add_to_cart,2026-01-30T21:18:38Z
7,1431,checkout,2026-01-30T22:15:38Z
7,60,checkout,2026-01-30T22:23:38Z
7,325,purchase,2026-01-30T23:09:38Z
7,29,search,2026-01-30T23:45:38Z
8,233,view,2026-02-26T16:37:38Z
8,241,click,2026-02-26T17:07:38Z
8,316,add_to_cart,2026-02-26T17:49:38Z
8,1468,checkout,2026-02-26T18:21:38Z
8,1043,purchase,2026-02-26T18:40:38Z
8,989,search,2026-02-26T19:07:38Z
8,936,checkout,2026-02-26T19:23:38Z
8,391,add_to_cart,2026-02-26T19:48:38Z
8,143,add_to_cart,2026-02-26T20:44:38Z
8,850,search,2026-02-26T21:34:38Z
8,1040,wishlist,2026-02-26T22:34:38Z
8,6,search,2026-02-26T23:27:38Z
8,612,search,2026-02-27T00:14:38Z
8,305,checkout,2026-02-27T01:10:38Z
8,992,checkout,2026-02-27T01:45:38Z
8,1131,wishlist,2026-02-27T02:07:38Z
8,660,remove_cart,2026-02-27T02:37:38Z
8,490,purchase,2026-02-27T03:22:38Z
8,842,remove_cart,2026-02-27T03:37:38Z
8,969,view,2026-02-27T03:58:38Z
8,1360,remove_cart,2026-02-27T04:23:38Z
8,76,add_to_cart,2026-02-27T04:55:38Z
8,1209,add_to_cart,2026-02-27T05:28:38Z
8,206,wishlist,2026-02-27T06:24:38Z
8,1078,checkout,2026-02-27T06:31:38Z
8,1480,checkout,2026-02-27T06:32:38Z
8,1341,add_to_cart,2026-02-27T06:59:38Z
8,962,add_to_cart,2026-02-27T07:04:38Z
8,1277,search,2026-02-27T07:26:38Z
8,165,remove_cart,2026-02-27T08:08:38Z
8,1382,wishlist,2026-02-27T09:03:38Z
8,1284,remove_cart,2026-02-27T09:24:38Z
8,1109,checkout,2026-02-27T10:20:38Z
8,141,view,2026-02-27T11:00:38Z
8,1402,purchase,2026-02-27T11:41:38Z
8,186,search,2026-02-27T11:56:38Z
8,1298,remove_cart,2026-02-27T12:03:38Z
8,341,click,2026-02-27T12:32:38Z
8,60,search,2026-02-27T13:30:38Z
8,115,view,2026-02-27T13:51:38Z
8,768,search,2026-02-27T14:14:38Z
8,501,remove_cart,2026-02-27T14:24:38Z
8,1397,remove_cart,2026-02-27T15:01:38Z
8,359,add_to_cart,2026-02-27T15:12:38Z
8,784,click,2026-02-27T15:52:38Z
8,1195,purchase,2026-02-27T16:24:38Z
8,945,add_to_cart,2026-02-27T16:39:38Z
8,523,search,2026-02-27T17:09:38Z
8,953,view,2026-02-27T18:07:38Z
8,1120,search,2026-02-27T18:51:38Z
8,905,add_to_cart,2026-02-27T18:56:38Z
8,613,wishlist,2026-02-27T19:34:38Z
8,513,remove_cart,2026-02-27T20:19:38Z
8,619,checkout,2026-02-27T21:14:38Z
8,990,purchase,2026-02-27T21:39:38Z
9,736,view,2026-03-20T16:59:38Z
9,606,click,2026-03-20T17:36:38Z
9,605,add_to_cart,2026-03-20T18:21:38Z
9,1349,remove_cart,2026-03-20T18:23:38Z
9,563,view,2026-03-20T18:49:38Z
9,1405,view,2026-03-20T19:26:38Z
9,1242,view,2026-03-20T20:25:38Z
9,587,checkout,2026-03-20T21:19:38Z
9,722,purchase,2026-03-20T21:58:38Z
9,390,purchase,2026-03-20T22:39:38Z
9,1477,search,2026-03-20T23:23:38Z
9,199,add_to_cart,2026-03-21T00:04:38Z
9,903,view,2026-03-21T00:24:38Z
9,748,view,2026-03-21T01:02:38Z
9,605,add_to_cart,2026-03-21T01:08:38Z
9,851,wishlist,2026-03-21T01:56:38Z
9,271,add_to_cart,2026-03-21T02:09:38Z
9,1028,wishlist,2026-03-21T02:43:38Z
9,337,search,2026-03-21T03:37:38Z
9,987,search,2026-03-21T04:36:38Z
9,694,search,2026-03-21T05:24:38Z
9,155,click,2026-03-21T05:54:38Z
9,463,add_to_cart,2026-03-21T06:43:38Z
9,1142,remove_cart,2026-03-21T07:38:38Z
9,809,wishlist,2026-03-21T07:44:38Z
9,1099,view,2026-03-21T08:01:38Z
10,1377,view,2026-02-20T17:06:38Z
10,1198,wishlist,2026-02-20T17:23:38Z
10,1308,view,2026-02-20T17:48:38Z
10,222,click,2026-02-20T18:12:38Z
10,479,add_to_cart,2026-02-20T18:56:38Z
10,1269,checkout,2026-02-20T18:58:38Z
10,1250,wishlist,2026-02-20T19:57:38Z
10,130,purchase,2026-02-20T20:39:38Z
10,1436,checkout,2026-02-20T21:38:38Z
10,837,search,2026-02-20T22:20:38Z
10,93,click,2026-02-20T22:29:38Z
10,1009,view,2026-02-20T22:49:38Z
10,481,click,2026-02-20T22:56:38Z
10,930,add_to_cart,2026-02-20T23:21:38Z
10,1427,wishlist,2026-02-21T00:04:38Z
10,1489,remove_cart,2026-02-21T00:42:38Z
10,850,add_to_cart,2026-02-21T01:39:38Z
10,1003,click,2026-02-21T02:33:38Z
10,68,remove_cart,2026-02-21T02:51:38Z
10,909,wishlist,2026-02-21T03:05:38Z
10,743,checkout,2026-02-21T03:21:38Z
10,753,click,2026-02-21T04:05:38Z
10,816,wishlist,2026-02-21T04:09:38Z
10,251,search,2026-02-21T04:22:38Z
10,1358,checkout,2026-02-21T04:28:38Z
10,1310,purchase,2026-02-21T05:10:38Z
10,684,view,2026-02-21T05:14:38Z
11,1136,search,2026-04-03T16:27:38Z
11,1201,view,2026-04-03T16:41:38Z
11,478,click,2026-04-03T16:55:38Z
11,303,wishlist,2026-04-03T17:45:38Z
11,297,view,2026-04-03T18:03:38Z
11,514,add_to_cart,2026-04-03T18:38:38Z
11,1354,add_to_cart,2026-04-03T18:46:38Z
11,31,view,2026-04-03T18:55:38Z
11,488,wishlist,2026-04-03T19:46:38Z
11,357,wishlist,2026-04-03T19:48:38Z
11,260,search,2026-04-03T19:52:38Z
11,233,remove_cart,2026-04-03T20:26:38Z
11,919,click,2026-04-03T20:57:38Z
11,1216,wishlist,2026-04-03T21:30:38Z
11,1032,click,2026-04-03T21:59:38Z
11,89,purchase,2026-04-03T22:39:38Z
11,1318,search,2026-04-03T23:09:38Z
11,981,view,2026-04-03T23:13:38Z
11,1406,remove_cart,2026-04-03T23:41:38Z
11,1459,click,2026-04-04T00:13:38Z
11,166,checkout,2026-04-04T00:18:38Z
11,304,wishlist,2026-04-04T00:57:38Z
11,564,click,2026-04-04T01:06:38Z
11,1224,wishlist,2026-04-04T01:31:38Z
11,1036,search,2026-04-04T02:01:38Z
11,1438,remove_cart,2026-04-04T02:08:38Z
11,1341,click,2026-04-04T03:03:38Z
11,925,purchase,2026-04-04T03:31:38Z
11,695,purchase,2026-04-04T03:58:38Z
11,852,checkout,2026-04-04T04:24:38Z
11,875,click,2026-04-04T04:45:38Z
11,523,wishlist,2026-04-04T05:28:38Z
11,1407,wishlist,2026-04-04T05:38:38Z
11,187,checkout,2026-04-04T05:43:38Z
11,885,click,2026-04-04T05:49:38Z
12,123,search,2026-03-03T16:58:38Z
12,1151,view,2026-03-03T17:36:38Z
12,676,click,2026-03-03T18:12:38Z
12,725,click,2026-03-03T18:39:38Z
12,1477,remove_cart,2026-03-03T19:35:38Z
12,1230,view,2026-03-03T19:54:38Z
12,213,search,2026-03-03T20:17:38Z
12,1345,purchase,2026-03-03T20:27:38Z
12,222,checkout,2026-03-03T20:42:38Z
12,1140,wishlist,2026-03-03T21:37:38Z
12,571,wishlist,2026-03-03T21:45:38Z
12,879,purchase,2026-03-03T22:37:38Z
12,1348,view,2026-03-03T23:16:38Z
12,370,search,2026-03-03T23:18:38Z
12,633,search,2026-03-04T00:03:38Z
12,13,wishlist,2026-03-04T00:26:38Z
12,294,add_to_cart,2026-03-04T01:22:38Z
12,291,remove_cart,2026-03-04T01:27:38Z
12,1087,view,2026-03-04T01:33:38Z
12,860,purchase,2026-03-04T01:58:38Z
12,323,checkout,2026-03-04T02:20:38Z
12,1478,wishlist,2026-03-04T02:40:38Z
12,1163,wishlist,2026-03-04T03:30:38Z
12,108,click,2026-03-04T04:27:38Z
12,1266,add_to_cart,2026-03-04T04:38:38Z
12,168,view,2026-03-04T05:22:38Z
13,1244,view,2026-02-22T16:54:38Z
13,849,click,2026-02-22T17:23:38Z
13,442,add_to_cart,2026-02-22T17:41:38Z
13,1050,remove_cart,2026-02-22T18:30:38Z
13,707,view,2026-02-22T18:38:38Z
13,581,remove_cart,2026-02-22T18:46:38Z
13,1367,checkout,2026-02-22T19:20:38Z
13,452,search,2026-02-22T19:23:38Z
13,113,remove_cart,2026-02-22T20:02:38Z
13,618,view,2026-02-22T20:16:38Z
13,282,purchase,2026-02-22T21:06:38Z
13,672,search,2026-02-22T21:25:38Z
13,1019,click,2026-02-22T21:26:38Z
13,265,remove_cart,2026-02-22T21:38:38Z
13,1442,remove_cart,2026-02-22T22:13:38Z
13,1145,purchase,2026-02-22T22:46:38Z
13,814,wishlist,2026-02-22T22:51:38Z
13,39,view,2026-02-22T23:19:38Z
13,160,checkout,2026-02-23T00:18:38Z
13,880,wishlist,2026-02-23T00:55:38Z
13,1312,remove_cart,2026-02-23T01:41:38Z
13,236,remove_cart,2026-02-23T02:00:38Z
13,666,remove_cart,2026-02-23T02:02:38Z
13,1266,add_to_cart,2026-02-23T02:54:38Z
13,1413,checkout,2026-02-23T03:48:38Z
13,895,wishlist,2026-02-23T03:54:38Z
13,893,click,2026-02-23T04:10:38Z
13,162,remove_cart,2026-02-23T04:44:38Z
13,636,remove_cart,2026-02-23T05:40:38Z
13,683,wishlist,2026-02-23T05:55:38Z
13,1046,add_to_cart,2026-02-23T06:00:38Z
13,1045,click,2026-02-23T06:34:38Z
13,716,purchase,2026-02-23T07:32:38Z
13,1322,wishlist,2026-02-23T08:19:38Z
13,211,add_to_cart,2026-02-23T08:35:38Z
13,405,add_to_cart,2026-02-23T08:52:38Z
13,314,add_to_cart,2026-02-23T09:31:38Z
14,1287,view,2026-01-26T16:34:38Z
14,951,click,2026-01-26T17:06:38Z
14,1155,add_to_cart,2026-01-26T17:55:38Z
14,1187,checkout,2026-01-26T18:44:38Z
14,1395,purchase,2026-01-26T19:13:38Z
14,1285,wishlist,2026-01-26T20:09:38Z
14,901,wishlist,2026-01-26T20:19:38Z
14,906,click,2026-01-26T20:50:38Z
14,563,search,2026-01-26T21:41:38Z
14,1040,view,2026-01-26T22:04:38Z
14,946,click,2026-01-26T22:24:38Z
14,117,checkout,2026-01-26T22:27:38Z
14,588,wishlist,2026-01-26T23:21:38Z
14,185,click,2026-01-27T00:03:38Z
14,1189,remove_cart,2026-01-27T00:33:38Z
14,1171,view,2026-01-27T01:02:38Z
14,1240,purchase,2026-01-27T01:23:38Z
14,309,checkout,2026-01-27T01:56:38Z
14,212,view,2026-01-27T02:25:38Z
14,173,wishlist,2026-01-27T03:11:38Z
14,508,add_to_cart,2026-01-27T03:14:38Z
14,1074,checkout,2026-01-27T03:43:38Z
14,764,add_to_cart,2026-01-27T04:07:38Z
14,838,search,2026-01-27T04:32:38Z
14,1225,wishlist,2026-01-27T05:16:38Z
14,1293,view,2026-01-27T06:07:38Z
14,676,wishlist,2026-01-27T06:12:38Z
14,1390,click,2026-01-27T06:48:38Z
14,517,remove_cart,2026-01-27T07:07:38Z
14,167,add_to_cart,2026-01-27T07:29:38Z
14,717,add_to_cart,2026-01-27T08:28:38Z
14,1431,search,2026-01-27T09:10:38Z
14,1219,remove_cart,2026-01-27T09:19:38Z
14,1145,click,2026-01-27T09:39:38Z
14,673,remove_cart,2026-01-27T10:21:38Z
14,1440,add_to_cart,2026-01-27T11:04:38Z
14,1374,click,2026-01-27T11:46:38Z
14,742,remove_cart,2026-01-27T12:19:38Z
14,633,view,2026-01-27T12:43:38Z
14,700,add_to_cart,2026-01-27T12:57:38Z
14,464,checkout,2026-01-27T13:10:38Z
14,159,add_to_cart,2026-01-27T13:20:38Z
14,208,search,2026-01-27T14:15:38Z
14,690,view,2026-01-27T14:58:38Z
14,772,add_to_cart,2026-01-27T15:37:38Z
14,371,add_to_cart,2026-01-27T15:48:38Z
14,897,add_to_cart,2026-01-27T16:35:38Z
14,747,view,2026-01-27T17:02:38Z
14,1251,purchase,2026-01-27T17:31:38Z
14,920,search,2026-01-27T18:20:38Z
14,490,purchase,2026-01-27T18:55:38Z
14,961,search,2026-01-27T19:47:38Z
14,1390,purchase,2026-01-27T20:11:38Z
14,578,checkout,2026-01-27T20:41:38Z
14,1081,remove_cart,2026-01-27T21:14:38Z
14,409,remove_cart,2026-01-27T21:25:38Z
14,513,add_to_cart,2026-01-27T22:21:38Z
14,985,view,2026-01-27T23:03:38Z
14,211,wishlist,2026-01-27T23:39:38Z
14,172,click,2026-01-27T23:58:38Z
14,921,add_to_cart,2026-01-28T00:16:38Z
14,896,add_to_cart,2026-01-28T01:10:38Z
14,455,click,2026-01-28T02:09:38Z
14,716,checkout,2026-01-28T03:06:38Z
14,110,view,2026-01-28T03:33:38Z
14,766,remove_cart,2026-01-28T04:06:38Z
14,168,purchase,2026-01-28T04:31:38Z
14,58,wishlist,2026-01-28T04:46:38Z
15,300,view,2026-04-07T17:13:38Z
15,79,wishlist,2026-04-07T17:22:38Z
15,968,view,2026-04-07T17:41:38Z
15,285,click,2026-04-07T18:26:38Z
15,1445,add_to_cart,2026-04-07T19:15:38Z
15,1261,checkout,2026-04-07T19:44:38Z
15,163,view,2026-04-07T20:42:38Z
15,442,view,2026-04-07T20:59:38Z
15,1490,add_to_cart,2026-04-07T21:35:38Z
15,591,remove_cart,2026-04-07T21:43:38Z
15,250,purchase,2026-04-07T22:03:38Z
15,860,view,2026-04-07T22:19:38Z
15,228,checkout,2026-04-07T22:24:38Z
15,1098,checkout,2026-04-07T23:03:38Z
15,1056,view,2026-04-07T23:44:38Z
15,295,purchase,2026-04-08T00:30:38Z
15,4,search,2026-04-08T00:58:38Z
15,1169,wishlist,2026-04-08T01:14:38Z
15,1361,remove_cart,2026-04-08T01:26:38Z
15,739,click,2026-04-08T02:00:38Z
15,1115,click,2026-04-08T02:34:38Z
15,963,view,2026-04-08T02:59:38Z
15,793,view,2026-04-08T03:40:38Z
15,34,wishlist,2026-04-08T03:57:38Z
15,139,wishlist,2026-04-08T04:48:38Z
15,1346,wishlist,2026-04-08T05:04:38Z
15,1192,click,2026-04-08T05:54:38Z
15,91,wishlist,2026-04-08T06:03:38Z
15,694,wishlist,2026-04-08T06:38:38Z
15,1403,add_to_cart,2026-04-08T07:32:38Z
15,981,checkout,2026-04-08T08:17:38Z
15,277,add_to_cart,2026-04-08T09:09:38Z
15,938,click,2026-04-08T09:55:38Z
15,413,view,2026-04-08T10:14:38Z
15,409,view,2026-04-08T11:05:38Z
15,636,view,2026-04-08T11:26:38Z
15,1113,remove_cart,2026-04-08T12:19:38Z
15,75,checkout,2026-04-08T12:36:38Z
15,732,purchase,2026-04-08T12:55:38Z
15,1343,view,2026-04-08T13:51:38Z
16,754,view,2026-03-16T17:14:38Z
16,820,click,2026-03-16T17:42:38Z
16,901,add_to_cart,2026-03-16T18:30:38Z
16,792,checkout,2026-03-16T19:28:38Z
16,383,purchase,2026-03-16T19:50:38Z
16,1019,checkout,2026-03-16T20:35:38Z
16,1064,wishlist,2026-03-16T21:35:38Z
16,170,search,2026-03-16T22:27:38Z
16,882,remove_cart,2026-03-16T22:33:38Z
16,602,add_to_cart,2026-03-16T23:08:38Z
16,164,wishlist,2026-03-16T23:15:38Z
16,606,wishlist,2026-03-16T23:58:38Z
16,1235,search,2026-03-17T00:27:38Z
16,1413,remove_cart,2026-03-17T00:38:38Z
16,916,checkout,2026-03-17T01:01:38Z
16,723,view,2026-03-17T01:48:38Z
16,1310,remove_cart,2026-03-17T02:06:38Z
16,1375,view,2026-03-17T02:11:38Z
16,1051,remove_cart,2026-03-17T02:35:38Z
16,293,add_to_cart,2026-03-17T02:37:38Z
16,259,checkout,2026-03-17T02:40:38Z
16,1322,click,2026-03-17T02:56:38Z
16,785,wishlist,2026-03-17T03:20:38Z
16,315,view,2026-03-17T03:59:38Z
16,762,checkout,2026-03-17T04:23:38Z
16,158,checkout,2026-03-17T05:12:38Z
16,752,add_to_cart,2026-03-17T05:46:38Z
16,1331,remove_cart,2026-03-17T06:07:38Z
16,233,search,2026-03-17T06:23:38Z
16,382,view,2026-03-17T07:11:38Z
16,793,checkout,2026-03-17T07:45:38Z
16,534,click,2026-03-17T08:02:38Z
16,1254,checkout,2026-03-17T08:16:38Z
16,1006,search,2026-03-17T09:01:38Z
16,278,purchase,2026-03-17T09:09:38Z
16,354,click,2026-03-17T09:38:38Z
16,1397,checkout,2026-03-17T09:44:38Z
16,712,wishlist,2026-03-17T10:27:38Z
16,1111,click,2026-03-17T11:03:38Z
16,615,search,2026-03-17T12:01:38Z
16,1454,add_to_cart,2026-03-17T12:47:38Z
17,741,search,2026-01-20T17:13:38Z
17,460,view,2026-01-20T17:46:38Z
17,412,click,2026-01-20T17:54:38Z
17,1012,add_to_cart,2026-01-20T18:10:38Z
17,1135,view,2026-01-20T18:34:38Z
17,1130,wishlist,2026-01-20T19:04:38Z
17,177,add_to_cart,2026-01-20T19:44:38Z
17,816,click,2026-01-20T20:04:38Z
17,842,checkout,2026-01-20T20:38:38Z
17,1178,remove_cart,2026-01-20T21:31:38Z
17,650,click,2026-01-20T21:40:38Z
17,955,click,2026-01-20T22:09:38Z
17,1130,wishlist,2026-01-20T22:18:38Z
17,265,add_to_cart,2026-01-20T23:08:38Z
17,114,remove_cart,2026-01-20T23:41:38Z
17,314,click,2026-01-21T00:15:38Z
17,332,search,2026-01-21T00:26:38Z
17,1453,wishlist,2026-01-21T01:26:38Z
17,1063,purchase,2026-01-21T01:49:38Z
17,162,search,2026-01-21T02:44:38Z
17,1301,search,2026-01-21T02:57:38Z
17,1281,search,2026-01-21T03:06:38Z
17,1093,search,2026-01-21T03:46:38Z
17,1313,click,2026-01-21T04:19:38Z
17,1190,add_to_cart,2026-01-21T04:57:38Z
17,1350,add_to_cart,2026-01-21T05:08:38Z
17,1155,wishlist,2026-01-21T06:02:38Z
17,59,view,2026-01-21T06:55:38Z
17,1314,click,2026-01-21T06:58:38Z
17,432,search,2026-01-21T07:40:38Z
17,1309,remove_cart,2026-01-21T08:20:38Z
17,1285,view,2026-01-21T08:52:38Z
17,619,search,2026-01-21T09:34:38Z
17,1403,checkout,2026-01-21T09:50:38Z
17,929,remove_cart,2026-01-21T10:10:38Z
17,123,click,2026-01-21T10:55:38Z
17,852,add_to_cart,2026-01-21T11:24:38Z
17,418,checkout,2026-01-21T11:54:38Z
17,295,wishlist,2026-01-21T12:33:38Z
17,1472,wishlist,2026-01-21T13:29:38Z
17,708,wishlist,2026-01-21T14:16:38Z
17,759,remove_cart,2026-01-21T14:25:38Z
17,496,click,2026-01-21T14:46:38Z
17,548,checkout,2026-01-21T14:54:38Z
17,289,checkout,2026-01-21T15:10:38Z
17,595,click,2026-01-21T15:14:38Z
17,1261,remove_cart,2026-01-21T16:10:38Z
17,328,remove_cart,2026-01-21T16:26:38Z
17,1184,wishlist,2026-01-21T17:26:38Z
17,327,wishlist,2026-01-21T17:39:38Z
17,957,checkout,2026-01-21T18:12:38Z
17,632,checkout,2026-01-21T19:09:38Z
17,185,checkout,2026-01-21T19:11:38Z
17,937,remove_cart,2026-01-21T19:44:38Z
17,1195,purchase,2026-01-21T19:58:38Z
17,104,wishlist,2026-01-21T20:02:38Z
17,1224,search,2026-01-21T20:34:38Z
17,1100,checkout,2026-01-21T20:53:38Z
17,221,view,2026-01-21T21:48:38Z
17,542,remove_cart,2026-01-21T21:57:38Z
17,826,wishlist,2026-01-21T22:46:38Z
17,821,wishlist,2026-01-21T22:49:38Z
17,1151,view,2026-01-21T23:26:38Z
17,1134,purchase,2026-01-21T23:50:38Z
17,792,search,2026-01-21T23:55:38Z
17,1127,checkout,2026-01-22T00:44:38Z
17,1277,search,2026-01-22T01:37:38Z
17,199,click,2026-01-22T01:46:38Z
17,695,remove_cart,2026-01-22T02:10:38Z
17,296,wishlist,2026-01-22T02:59:38Z
17,1043,purchase,2026-01-22T03:38:38Z
17,83,remove_cart,2026-01-22T04:11:38Z
17,281,view,2026-01-22T04:14:38Z
17,971,wishlist,2026-01-22T05:06:38Z
17,1242,checkout,2026-01-22T05:16:38Z
17,1256,add_to_cart,2026-01-22T05:37:38Z
17,805,wishlist,2026-01-22T05:48:38Z
17,689,search,2026-01-22T06:26:38Z
17,1153,checkout,2026-01-22T07:12:38Z
18,679,view,2026-02-18T16:46:38Z
18,225,click,2026-02-18T17:30:38Z
18,1196,add_to_cart,2026-02-18T17:57:38Z
18,1486,checkout,2026-02-18T18:17:38Z
18,1410,purchase,2026-02-18T19:13:38Z
18,972,view,2026-02-18T19:52:38Z
18,1185,search,2026-02-18T20:34:38Z
18,106,purchase,2026-02-18T21:21:38Z
18,1074,checkout,2026-02-18T21:32:38Z
18,1395,remove_cart,2026-02-18T21:42:38Z
18,1173,purchase,2026-02-18T21:45:38Z
18,39,click,2026-02-18T21:58:38Z
18,858,checkout,2026-02-18T22:19:38Z
18,1415,add_to_cart,2026-02-18T22:46:38Z
18,1028,purchase,2026-02-18T23:13:38Z
18,1490,checkout,2026-02-19T00:09:38Z
18,283,view,2026-02-19T00:55:38Z
18,666,purchase,2026-02-19T01:31:38Z
18,772,checkout,2026-02-19T02:05:38Z
18,942,wishlist,2026-02-19T02:17:38Z
18,726,wishlist,2026-02-19T02:52:38Z
18,992,search,2026-02-19T03:32:38Z
18,572,purchase,2026-02-19T03:48:38Z
18,610,search,2026-02-19T04:03:38Z
18,425,search,2026-02-19T04:49:38Z
18,983,checkout,2026-02-19T05:10:38Z
18,1478,wishlist,2026-02-19T05:46:38Z
18,250,search,2026-02-19T06:05:38Z
18,809,remove_cart,2026-02-19T07:03:38Z
18,300,wishlist,2026-02-19T07:53:38Z
18,590,search,2026-02-19T07:56:38Z
18,906,click,2026-02-19T08:19:38Z
18,982,search,2026-02-19T09:07:38Z
18,1104,purchase,2026-02-19T09:20:38Z
18,1152,search,2026-02-19T10:20:38Z
18,224,search,2026-02-19T10:29:38Z
18,104,purchase,2026-02-19T10:45:38Z
18,477,purchase,2026-02-19T11:26:38Z
18,847,view,2026-02-19T11:33:38Z
19,282,view,2026-02-18T17:06:38Z
19,1128,click,2026-02-18T17:07:38Z
19,324,add_to_cart,2026-02-18T18:07:38Z
19,1338,checkout,2026-02-18T18:34:38Z
19,975,purchase,2026-02-18T19:34:38Z
19,409,checkout,2026-02-18T20:16:38Z
19,585,search,2026-02-18T20:37:38Z
19,184,view,2026-02-18T21:36:38Z
19,1481,purchase,2026-02-18T22:11:38Z
19,359,view,2026-02-18T23:10:38Z
19,361,remove_cart,2026-02-19T00:07:38Z
19,814,view,2026-02-19T01:01:38Z
19,593,checkout,2026-02-19T01:13:38Z
19,612,view,2026-02-19T01:14:38Z
19,687,click,2026-02-19T02:14:38Z
19,1314,search,2026-02-19T02:44:38Z
19,275,checkout,2026-02-19T03:41:38Z
19,395,checkout,2026-02-19T03:59:38Z
19,333,click,2026-02-19T04:21:38Z
19,527,checkout,2026-02-19T05:03:38Z
19,691,add_to_cart,2026-02-19T05:04:38Z
19,1382,search,2026-02-19T05:41:38Z
19,1252,purchase,2026-02-19T05:53:38Z
19,876,remove_cart,2026-02-19T06:46:38Z
19,821,wishlist,2026-02-19T06:52:38Z
19,288,click,2026-02-19T07:04:38Z
19,509,checkout,2026-02-19T07:25:38Z
19,786,view,2026-02-19T07:42:38Z
19,547,purchase,2026-02-19T08:11:38Z
19,1193,wishlist,2026-02-19T08:31:38Z
19,1339,view,2026-02-19T08:48:38Z
19,484,wishlist,2026-02-19T09:33:38Z
19,243,view,2026-02-19T10:16:38Z
19,328,checkout,2026-02-19T10:36:38Z
19,1030,remove_cart,2026-02-19T11:20:38Z
19,241,search,2026-02-19T12:05:38Z
19,1259,search,2026-02-19T12:29:38Z
19,274,purchase,2026-02-19T12:44:38Z
19,932,checkout,2026-02-19T12:54:38Z
19,1438,wishlist,2026-02-19T13:21:38Z
19,1101,checkout,2026-02-19T14:10:38Z
20,507,search,2026-01-24T17:11:38Z
20,1221,view,2026-01-24T17:55:38Z
20,168,click,2026-01-24T18:51:38Z
20,1442,checkout,2026-01-24T19:25:38Z
20,1156,wishlist,2026-01-24T19:30:38Z
20,1122,click,2026-01-24T19:34:38Z
20,1100,purchase,2026-01-24T20:11:38Z
20,672,add_to_cart,2026-01-24T20:22:38Z
20,1394,checkout,2026-01-24T20:30:38Z
20,1195,purchase,2026-01-24T21:16:38Z
20,1046,checkout,2026-01-24T21:22:38Z
20,114,checkout,2026-01-24T22:14:38Z
20,1052,checkout,2026-01-24T22:23:38Z
20,1155,remove_cart,2026-01-24T22:53:38Z
20,947,view,2026-01-24T23:29:38Z
20,45,search,2026-01-25T00:16:38Z
20,7,remove_cart,2026-01-25T00:33:38Z
20,150,purchase,2026-01-25T01:11:38Z
20,706,view,2026-01-25T01:39:38Z
20,124,click,2026-01-25T02:14:38Z
20,967,click,2026-01-25T03:14:38Z
20,838,view,2026-01-25T03:33:38Z
20,278,add_to_cart,2026-01-25T04:23:38Z
20,784,remove_cart,2026-01-25T04:47:38Z
20,774,checkout,2026-01-25T05:43:38Z
20,1399,remove_cart,2026-01-25T05:49:38Z
20,713,add_to_cart,2026-01-25T06:31:38Z
20,1101,click,2026-01-25T06:43:38Z
20,261,remove_cart,2026-01-25T07:17:38Z
20,8,purchase,2026-01-25T08:11:38Z
20,949,view,2026-01-25T08:31:38Z
20,777,remove_cart,2026-01-25T09:06:38Z
20,944,purchase,2026-01-25T09:22:38Z
20,565,wishlist,2026-01-25T09:32:38Z
20,1485,purchase,2026-01-25T10:32:38Z
20,1353,click,2026-01-25T10:35:38Z
20,33,remove_cart,2026-01-25T11:15:38Z
20,138,purchase,2026-01-25T11:29:38Z
20,69,click,2026-01-25T12:08:38Z
20,1377,checkout,2026-01-25T12:47:38Z
20,91,view,2026-01-25T13:03:38Z
20,480,remove_cart,2026-01-25T13:32:38Z
20,116,purchase,2026-01-25T14:21:38Z
20,593,add_to_cart,2026-01-25T14:54:38Z
20,1499,purchase,2026-01-25T15:47:38Z
20,1225,wishlist,2026-01-25T16:24:38Z
20,619,wishlist,2026-01-25T16:40:38Z
20,1068,add_to_cart,2026-01-25T17:23:38Z
20,616,purchase,2026-01-25T17:50:38Z
20,1141,search,2026-01-25T17:54:38Z
20,1391,add_to_cart,2026-01-25T18:35:38Z
20,1016,remove_cart,2026-01-25T19:11:38Z
20,1318,view,2026-01-25T19:34:38Z
20,1075,remove_cart,2026-01-25T20:25:38Z
20,853,wishlist,2026-01-25T21:10:38Z
20,615,remove_cart,2026-01-25T21:20:38Z
20,1102,remove_cart,2026-01-25T21:32:38Z
20,462,checkout,2026-01-25T21:48:38Z
20,1450,search,2026-01-25T22:43:38Z
20,949,add_to_cart,2026-01-25T23:35:38Z
20,846,view,2026-01-26T00:11:38Z
20,1086,remove_cart,2026-01-26T00:47:38Z
20,498,add_to_cart,2026-01-26T01:12:38Z
20,677,search,2026-01-26T01:26:38Z
20,922,click,2026-01-26T02:26:38Z
20,1097,wishlist,2026-01-26T02:32:38Z
20,550,purchase,2026-01-26T02:36:38Z
20,1239,remove_cart,2026-01-26T03:20:38Z
20,150,view,2026-01-26T04:16:38Z
20,1204,purchase,2026-01-26T05:08:38Z
20,428,purchase,2026-01-26T05:39:38Z
21,32,view,2026-03-08T17:21:38Z
21,390,wishlist,2026-03-08T17:35:38Z
21,241,view,2026-03-08T18:23:38Z
21,981,click,2026-03-08T19:11:38Z
21,497,add_to_cart,2026-03-08T20:10:38Z
21,491,purchase,2026-03-08T20:36:38Z
21,580,wishlist,2026-03-08T21:26:38Z
21,1093,remove_cart,2026-03-08T21:56:38Z
21,536,wishlist,2026-03-08T22:16:38Z
21,1019,wishlist,2026-03-08T22:49:38Z
21,1480,checkout,2026-03-08T22:56:38Z
21,656,checkout,2026-03-08T23:45:38Z
21,641,purchase,2026-03-09T00:09:38Z
21,1153,remove_cart,2026-03-09T00:12:38Z
21,299,purchase,2026-03-09T01:00:38Z
21,1134,view,2026-03-09T01:17:38Z
21,313,remove_cart,2026-03-09T01:36:38Z
21,472,purchase,2026-03-09T01:58:38Z
21,504,remove_cart,2026-03-09T02:35:38Z
21,1341,checkout,2026-03-09T03:11:38Z
21,1001,wishlist,2026-03-09T03:28:38Z
21,345,checkout,2026-03-09T03:58:38Z
21,287,wishlist,2026-03-09T04:09:38Z
21,1111,checkout,2026-03-09T04:21:38Z
21,70,view,2026-03-09T04:55:38Z
21,1369,click,2026-03-09T05:48:38Z
21,14,view,2026-03-09T06:37:38Z
21,1292,remove_cart,2026-03-09T06:46:38Z
21,1449,purchase,2026-03-09T06:51:38Z
21,448,add_to_cart,2026-03-09T06:52:38Z
21,124,checkout,2026-03-09T07:16:38Z
21,1000,checkout,2026-03-09T07:59:38Z
21,1090,view,2026-03-09T08:00:38Z
21,35,remove_cart,2026-03-09T08:01:38Z
21,588,search,2026-03-09T08:36:38Z
21,1430,view,2026-03-09T09:09:38Z
21,368,remove_cart,2026-03-09T10:01:38Z
21,198,click,2026-03-09T11:00:38Z
21,394,add_to_cart,2026-03-09T11:16:38Z
21,726,search,2026-03-09T12:09:38Z
21,813,search,2026-03-09T13:00:38Z
21,832,click,2026-03-09T13:24:38Z
21,499,checkout,2026-03-09T14:01:38Z
21,1401,purchase,2026-03-09T14:21:38Z
21,1331,click,2026-03-09T15:03:38Z
21,831,view,2026-03-09T15:09:38Z
21,1132,remove_cart,2026-03-09T15:34:38Z
21,1305,checkout,2026-03-09T15:38:38Z
21,351,view,2026-03-09T16:23:38Z
21,889,click,2026-03-09T16:55:38Z
21,196,wishlist,2026-03-09T17:32:38Z
21,433,view,2026-03-09T17:47:38Z
21,96,checkout,2026-03-09T18:05:38Z
21,575,click,2026-03-09T18:49:38Z
21,645,view,2026-03-09T19:01:38Z
21,1203,view,2026-03-09T19:15:38Z
21,1460,add_to_cart,2026-03-09T20:04:38Z
21,158,remove_cart,2026-03-09T21:04:38Z
21,1155,search,2026-03-09T21:15:38Z
21,797,purchase,2026-03-09T21:52:38Z
21,287,wishlist,2026-03-09T22:17:38Z
21,709,click,2026-03-09T22:50:38Z
21,896,view,2026-03-09T22:57:38Z
21,156,purchase,2026-03-09T23:51:38Z
21,1258,wishlist,2026-03-10T00:30:38Z
21,669,remove_cart,2026-03-10T01:20:38Z
21,560,view,2026-03-10T02:01:38Z
21,468,checkout,2026-03-10T02:33:38Z
21,769,wishlist,2026-03-10T03:09:38Z
21,1393,remove_cart,2026-03-10T03:21:38Z
21,1267,remove_cart,2026-03-10T03:27:38Z
21,505,search,2026-03-10T04:19:38Z
21,549,click,2026-03-10T04:25:38Z
21,1458,add_to_cart,2026-03-10T04:50:38Z
21,798,add_to_cart,2026-03-10T05:38:38Z
22,11,view,2026-03-04T16:28:38Z
22,911,click,2026-03-04T16:48:38Z
22,553,add_to_cart,2026-03-04T17:12:38Z
22,272,checkout,2026-03-04T17:19:38Z
22,384,purchase,2026-03-04T17:25:38Z
22,1141,remove_cart,2026-03-04T17:54:38Z
22,54,remove_cart,2026-03-04T18:01:38Z
22,1136,click,2026-03-04T18:24:38Z
22,1225,click,2026-03-04T19:03:38Z
22,789,wishlist,2026-03-04T19:59:38Z
22,848,view,2026-03-04T20:18:38Z
22,174,remove_cart,2026-03-04T21:08:38Z
22,1068,purchase,2026-03-04T21:45:38Z
22,780,add_to_cart,2026-03-04T22:29:38Z
22,551,add_to_cart,2026-03-04T22:38:38Z
22,1010,search,2026-03-04T22:56:38Z
22,343,add_to_cart,2026-03-04T23:01:38Z
22,863,remove_cart,2026-03-04T23:19:38Z
22,158,search,2026-03-04T23:50:38Z
22,506,wishlist,2026-03-05T00:07:38Z
22,1263,checkout,2026-03-05T00:46:38Z
22,220,purchase,2026-03-05T01:16:38Z
22,14,add_to_cart,2026-03-05T01:36:38Z
22,1271,remove_cart,2026-03-05T01:58:38Z
22,675,remove_cart,2026-03-05T02:50:38Z
22,882,checkout,2026-03-05T03:12:38Z
22,657,add_to_cart,2026-03-05T03:32:38Z
22,644,purchase,2026-03-05T04:03:38Z
22,654,add_to_cart,2026-03-05T04:29:38Z
22,1424,search,2026-03-05T05:17:38Z
22,497,checkout,2026-03-05T05:54:38Z
22,575,wishlist,2026-03-05T06:19:38Z
22,234,remove_cart,2026-03-05T06:43:38Z
22,1118,purchase,2026-03-05T07:21:38Z
22,1127,add_to_cart,2026-03-05T08:05:38Z
22,946,view,2026-03-05T08:52:38Z
22,597,purchase,2026-03-05T09:21:38Z
22,838,click,2026-03-05T10:14:38Z
22,1298,checkout,2026-03-05T10:23:38Z
22,518,search,2026-03-05T10:39:38Z
23,773,view,2026-03-31T17:13:38Z
23,920,click,2026-03-31T17:18:38Z
23,982,add_to_cart,2026-03-31T17:57:38Z
23,821,remove_cart,2026-03-31T18:35:38Z
23,1038,view,2026-03-31T19:10:38Z
23,76,remove_cart,2026-03-31T19:45:38Z
23,1100,wishlist,2026-03-31T20:30:38Z
23,509,click,2026-03-31T20:37:38Z
23,1326,wishlist,2026-03-31T20:48:38Z
23,1322,view,2026-03-31T21:25:38Z
23,680,remove_cart,2026-03-31T22:14:38Z
23,22,remove_cart,2026-03-31T22:21:38Z
23,455,click,2026-03-31T22:38:38Z
23,767,purchase,2026-03-31T23:07:38Z
23,1392,remove_cart,2026-03-31T23:37:38Z
23,51,add_to_cart,2026-04-01T00:00:38Z
23,606,checkout,2026-04-01T00:07:38Z
23,176,remove_cart,2026-04-01T01:06:38Z
23,1496,click,2026-04-01T02:00:38Z
23,639,add_to_cart,2026-04-01T02:23:38Z
23,424,wishlist,2026-04-01T02:53:38Z
23,976,checkout,2026-04-01T03:16:38Z
23,1479,click,2026-04-01T03:45:38Z
23,138,checkout,2026-04-01T04:06:38Z
23,1456,search,2026-04-01T04:09:38Z
23,703,click,2026-04-01T04:11:38Z
23,337,click,2026-04-01T04:55:38Z
23,358,purchase,2026-04-01T05:29:38Z
23,1147,add_to_cart,2026-04-01T05:51:38Z
23,475,remove_cart,2026-04-01T06:21:38Z
23,378,remove_cart,2026-04-01T07:02:38Z
23,1347,add_to_cart,2026-04-01T07:43:38Z
23,60,remove_cart,2026-04-01T08:09:38Z
23,1213,purchase,2026-04-01T08:38:38Z
23,10,remove_cart,2026-04-01T09:03:38Z
23,571,purchase,2026-04-01T09:17:38Z
23,209,click,2026-04-01T09:54:38Z
23,668,add_to_cart,2026-04-01T10:18:38Z
23,234,purchase,2026-04-01T10:48:38Z
23,1003,search,2026-04-01T11:31:38Z
23,796,wishlist,2026-04-01T12:10:38Z
23,234,remove_cart,2026-04-01T12:48:38Z
23,938,wishlist,2026-04-01T13:11:38Z
23,1380,add_to_cart,2026-04-01T14:04:38Z
23,1259,search,2026-04-01T15:03:38Z
23,275,click,2026-04-01T15:47:38Z
23,489,wishlist,2026-04-01T15:55:38Z
23,375,search,2026-04-01T16:03:38Z
23,290,wishlist,2026-04-01T16:48:38Z
23,1222,remove_cart,2026-04-01T17:15:38Z
23,786,add_to_cart,2026-04-01T17:52:38Z
23,997,remove_cart,2026-04-01T18:04:38Z
23,342,add_to_cart,2026-04-01T18:40:38Z
23,288,checkout,2026-04-01T18:59:38Z
23,924,add_to_cart,2026-04-01T19:20:38Z
23,736,view,2026-04-01T20:16:38Z
23,280,view,2026-04-01T20:48:38Z
23,787,purchase,2026-04-01T21:41:38Z
23,1403,checkout,2026-04-01T22:08:38Z
23,1455,checkout,2026-04-01T22:35:38Z
23,343,checkout,2026-04-01T23:07:38Z
23,64,click,2026-04-01T23:44:38Z
24,563,view,2026-03-22T16:25:38Z
24,1102,wishlist,2026-03-22T16:40:38Z
24,345,view,2026-03-22T16:59:38Z
24,937,click,2026-03-22T17:49:38Z
24,1015,add_to_cart,2026-03-22T18:26:38Z
24,234,click,2026-03-22T19:03:38Z
24,1113,search,2026-03-22T19:53:38Z
24,86,wishlist,2026-03-22T20:28:38Z
24,448,checkout,2026-03-22T21:03:38Z
24,1339,remove_cart,2026-03-22T21:10:38Z
24,67,purchase,2026-03-22T21:30:38Z
24,714,checkout,2026-03-22T21:47:38Z
24,241,click,2026-03-22T22:16:38Z
24,1205,purchase,2026-03-22T22:30:38Z
24,1456,wishlist,2026-03-22T23:26:38Z
24,1262,remove_cart,2026-03-22T23:37:38Z
24,424,add_to_cart,2026-03-23T00:28:38Z
24,122,purchase,2026-03-23T01:20:38Z
24,576,wishlist,2026-03-23T01:55:38Z
24,1442,add_to_cart,2026-03-23T02:16:38Z
24,1173,search,2026-03-23T02:35:38Z
24,1054,search,2026-03-23T03:30:38Z
24,843,click,2026-03-23T03:39:38Z
24,1344,view,2026-03-23T03:57:38Z
24,272,add_to_cart,2026-03-23T04:42:38Z
24,1457,purchase,2026-03-23T04:52:38Z
24,507,wishlist,2026-03-23T05:46:38Z
24,292,remove_cart,2026-03-23T06:18:38Z
24,849,search,2026-03-23T06:59:38Z
24,155,remove_cart,2026-03-23T07:28:38Z
24,1056,click,2026-03-23T07:54:38Z
24,756,search,2026-03-23T08:39:38Z
24,671,checkout,2026-03-23T09:11:38Z
24,191,view,2026-03-23T10:07:38Z
24,1361,checkout,2026-03-23T10:48:38Z
24,130,wishlist,2026-03-23T11:43:38Z
24,880,remove_cart,2026-03-23T11:57:38Z
24,550,purchase,2026-03-23T12:29:38Z
24,581,wishlist,2026-03-23T13:23:38Z
24,1184,wishlist,2026-03-23T13:59:38Z
24,994,add_to_cart,2026-03-23T14:36:38Z
24,1398,wishlist,2026-03-23T15:34:38Z
24,204,view,2026-03-23T15:37:38Z
24,255,checkout,2026-03-23T15:39:38Z
24,935,add_to_cart,2026-03-23T16:08:38Z
24,415,view,2026-03-23T16:36:38Z
24,1332,add_to_cart,2026-03-23T17:33:38Z
24,562,search,2026-03-23T17:44:38Z
24,739,click,2026-03-23T18:26:38Z
24,762,search,2026-03-23T18:32:38Z
24,812,add_to_cart,2026-03-23T18:36:38Z
24,1433,search,2026-03-23T19:23:38Z
24,1343,purchase,2026-03-23T19:51:38Z
24,195,click,2026-03-23T20:37:38Z
24,977,view,2026-03-23T20:51:38Z
24,1216,click,2026-03-23T21:00:38Z
24,1393,purchase,2026-03-23T21:34:38Z
24,17,checkout,2026-03-23T21:35:38Z
24,247,wishlist,2026-03-23T22:28:38Z
24,271,remove_cart,2026-03-23T23:13:38Z
24,469,checkout,2026-03-23T23:18:38Z
24,1497,remove_cart,2026-03-23T23:24:38Z
24,642,click,2026-03-23T23:31:38Z
24,613,wishlist,2026-03-24T00:28:38Z
24,273,add_to_cart,2026-03-24T00:53:38Z
24,1087,add_to_cart,2026-03-24T00:58:38Z
24,1332,view,2026-03-24T01:38:38Z
24,720,add_to_cart,2026-03-24T02:07:38Z
24,311,purchase,2026-03-24T02:48:38Z
24,1407,remove_cart,2026-03-24T03:28:38Z
25,206,view,2026-03-23T17:20:38Z
25,253,click,2026-03-23T17:29:38Z
25,1496,add_to_cart,2026-03-23T18:07:38Z
25,720,checkout,2026-03-23T18:32:38Z
25,645,purchase,2026-03-23T19:00:38Z
25,568,add_to_cart,2026-03-23T19:16:38Z
25,1134,click,2026-03-23T19:32:38Z
25,1415,search,2026-03-23T20:22:38Z
25,1349,view,2026-03-23T21:17:38Z
25,1061,search,2026-03-23T21:31:38Z
25,803,purchase,2026-03-23T22:19:38Z
25,112,search,2026-03-23T23:01:38Z
25,791,purchase,2026-03-23T23:33:38Z
25,1024,click,2026-03-23T23:49:38Z
25,25,click,2026-03-24T00:23:38Z
25,649,wishlist,2026-03-24T01:23:38Z
25,1165,add_to_cart,2026-03-24T01:48:38Z
25,1119,remove_cart,2026-03-24T02:12:38Z
25,965,add_to_cart,2026-03-24T03:01:38Z
25,1203,click,2026-03-24T03:03:38Z
25,537,click,2026-03-24T03:04:38Z
25,124,purchase,2026-03-24T03:07:38Z
25,587,remove_cart,2026-03-24T03:40:38Z
25,1438,remove_cart,2026-03-24T04:08:38Z
25,1312,remove_cart,2026-03-24T04:14:38Z
25,172,add_to_cart,2026-03-24T04:32:38Z
25,1048,search,2026-03-24T04:38:38Z
25,319,purchase,2026-03-24T05:30:38Z
25,1202,wishlist,2026-03-24T05:56:38Z
25,1431,click,2026-03-24T06:16:38Z
25,489,remove_cart,2026-03-24T07:03:38Z
25,177,view,2026-03-24T07:19:38Z
25,929,remove_cart,2026-03-24T07:27:38Z
25,1365,view,2026-03-24T07:47:38Z
25,26,add_to_cart,2026-03-24T07:55:38Z
25,24,add_to_cart,2026-03-24T08:40:38Z
25,711,add_to_cart,2026-03-24T09:12:38Z
25,762,search,2026-03-24T09:23:38Z
25,551,add_to_cart,2026-03-24T10:11:38Z
25,61,click,2026-03-24T11:01:38Z
25,880,wishlist,2026-03-24T11:53:38Z
25,131,search,2026-03-24T12:27:38Z
25,1181,search,2026-03-24T13:13:38Z
25,933,click,2026-03-24T13:45:38Z
25,1024,wishlist,2026-03-24T13:49:38Z
25,323,add_to_cart,2026-03-24T14:13:38Z
25,211,search,2026-03-24T15:03:38Z
25,1043,click,2026-03-24T15:18:38Z
26,95,view,2026-04-14T16:38:38Z
26,746,click,2026-04-14T17:09:38Z
26,308,add_to_cart,2026-04-14T17:34:38Z
26,73,checkout,2026-04-14T17:46:38Z
26,1463,purchase,2026-04-14T18:22:38Z
26,660,remove_cart,2026-04-14T18:37:38Z
26,1476,purchase,2026-04-14T19:04:38Z
26,160,wishlist,2026-04-14T19:22:38Z
26,1029,wishlist,2026-04-14T19:30:38Z
26,458,view,2026-04-14T19:42:38Z
26,142,view,2026-04-14T20:08:38Z
26,579,checkout,2026-04-14T21:04:38Z
26,177,search,2026-04-14T21:25:38Z
26,756,checkout,2026-04-14T21:26:38Z
26,1155,purchase,2026-04-14T21:45:38Z
26,1276,search,2026-04-14T22:33:38Z
26,755,purchase,2026-04-14T23:03:38Z
26,401,checkout,2026-04-14T23:53:38Z
26,14,purchase,2026-04-15T00:03:38Z
26,478,remove_cart,2026-04-15T00:05:38Z
27,3,view,2026-03-06T16:44:38Z
27,1347,click,2026-03-06T17:33:38Z
27,1490,add_to_cart,2026-03-06T17:58:38Z
27,213,checkout,2026-03-06T18:18:38Z
27,1086,purchase,2026-03-06T18:32:38Z
27,1008,purchase,2026-03-06T18:59:38Z
27,1458,view,2026-03-06T19:09:38Z
27,90,search,2026-03-06T19:15:38Z
27,1065,purchase,2026-03-06T20:13:38Z
27,763,remove_cart,2026-03-06T20:58:38Z
27,174,checkout,2026-03-06T21:46:38Z
27,274,click,2026-03-06T22:19:38Z
27,1213,remove_cart,2026-03-06T22:24:38Z
27,1357,view,2026-03-06T22:52:38Z
27,598,add_to_cart,2026-03-06T23:08:38Z
27,646,search,2026-03-07T00:03:38Z
27,669,remove_cart,2026-03-07T00:48:38Z
27,557,wishlist,2026-03-07T01:17:38Z
27,416,purchase,2026-03-07T01:22:38Z
27,1198,add_to_cart,2026-03-07T02:12:38Z
27,217,click,2026-03-07T02:22:38Z
27,955,add_to_cart,2026-03-07T02:51:38Z
27,248,wishlist,2026-03-07T03:18:38Z
27,426,wishlist,2026-03-07T04:08:38Z
27,949,checkout,2026-03-07T04:28:38Z
27,246,search,2026-03-07T05:23:38Z
27,1406,click,2026-03-07T05:34:38Z
27,1444,search,2026-03-07T06:27:38Z
27,672,view,2026-03-07T06:41:38Z
27,1457,add_to_cart,2026-03-07T06:47:38Z
27,812,purchase,2026-03-07T07:10:38Z
27,613,view,2026-03-07T07:54:38Z
27,357,search,2026-03-07T08:47:38Z
27,927,view,2026-03-07T09:13:38Z
27,947,purchase,2026-03-07T09:20:38Z
27,287,click,2026-03-07T10:12:38Z
27,127,click,2026-03-07T10:13:38Z
27,406,purchase,2026-03-07T10:22:38Z
27,1406,remove_cart,2026-03-07T10:46:38Z
27,1201,click,2026-03-07T11:24:38Z
27,154,search,2026-03-07T12:23:38Z
27,405,view,2026-03-07T12:28:38Z
27,264,checkout,2026-03-07T13:20:38Z
27,680,click,2026-03-07T14:18:38Z
27,945,click,2026-03-07T14:21:38Z
27,1176,view,2026-03-07T14:32:38Z
27,1484,remove_cart,2026-03-07T15:25:38Z
27,61,remove_cart,2026-03-07T15:57:38Z
27,874,remove_cart,2026-03-07T16:41:38Z
27,440,add_to_cart,2026-03-07T17:04:38Z
27,574,add_to_cart,2026-03-07T17:22:38Z
27,305,checkout,2026-03-07T18:19:38Z
27,1269,view,2026-03-07T18:59:38Z
27,605,purchase,2026-03-07T19:41:38Z
28,180,view,2026-02-26T16:26:38Z
28,785,click,2026-02-26T16:44:38Z
28,859,add_to_cart,2026-02-26T16:53:38Z
28,1317,remove_cart,2026-02-26T17:06:38Z
28,1077,view,2026-02-26T18:03:38Z
28,1114,purchase,2026-02-26T18:44:38Z
28,1461,view,2026-02-26T19:09:38Z
28,1116,wishlist,2026-02-26T19:40:38Z
28,1159,checkout,2026-02-26T20:03:38Z
28,554,wishlist,2026-02-26T20:28:38Z
28,654,add_to_cart,2026-02-26T20:30:38Z
28,576,purchase,2026-02-26T20:32:38Z
28,967,view,2026-02-26T21:24:38Z
28,1197,wishlist,2026-02-26T22:14:38Z
28,206,purchase,2026-02-26T22:25:38Z
28,494,purchase,2026-02-26T23:08:38Z
28,115,search,2026-02-26T23:43:38Z
28,796,purchase,2026-02-27T00:20:38Z
28,356,wishlist,2026-02-27T01:20:38Z
28,1214,add_to_cart,2026-02-27T01:36:38Z
28,1429,wishlist,2026-02-27T02:28:38Z
28,1212,wishlist,2026-02-27T03:27:38Z
28,1435,view,2026-02-27T04:13:38Z
28,1155,wishlist,2026-02-27T04:50:38Z
28,386,add_to_cart,2026-02-27T05:27:38Z
28,633,checkout,2026-02-27T06:02:38Z
28,78,add_to_cart,2026-02-27T06:34:38Z
28,477,click,2026-02-27T06:38:38Z
28,1079,purchase,2026-02-27T06:40:38Z
28,680,checkout,2026-02-27T06:41:38Z
28,268,purchase,2026-02-27T07:33:38Z
28,364,wishlist,2026-02-27T08:19:38Z
28,45,wishlist,2026-02-27T08:23:38Z
28,1444,add_to_cart,2026-02-27T09:01:38Z
28,228,add_to_cart,2026-02-27T09:51:38Z
28,766,wishlist,2026-02-27T09:56:38Z
28,207,remove_cart,2026-02-27T10:34:38Z
28,661,wishlist,2026-02-27T10:54:38Z
28,1500,add_to_cart,2026-02-27T11:05:38Z
28,1310,remove_cart,2026-02-27T11:56:38Z
28,650,checkout,2026-02-27T12:38:38Z
28,1151,add_to_cart,2026-02-27T13:24:38Z
28,1364,wishlist,2026-02-27T13:39:38Z
28,629,add_to_cart,2026-02-27T14:04:38Z
28,364,search,2026-02-27T14:13:38Z
28,1174,view,2026-02-27T14:58:38Z
28,1163,remove_cart,2026-02-27T15:53:38Z
28,1234,view,2026-02-27T16:05:38Z
28,1253,wishlist,2026-02-27T17:04:38Z
28,1159,purchase,2026-02-27T17:45:38Z
28,1017,click,2026-02-27T18:45:38Z
29,711,view,2026-03-08T16:38:38Z
29,344,click,2026-03-08T16:59:38Z
29,182,add_to_cart,2026-03-08T17:40:38Z
29,1452,checkout,2026-03-08T18:33:38Z
29,1309,purchase,2026-03-08T19:16:38Z
29,24,wishlist,2026-03-08T19:45:38Z
29,512,search,2026-03-08T19:59:38Z
29,526,click,2026-03-08T20:22:38Z
29,3,click,2026-03-08T21:09:38Z
29,898,view,2026-03-08T21:34:38Z
29,848,remove_cart,2026-03-08T21:45:38Z
29,776,checkout,2026-03-08T22:42:38Z
29,769,wishlist,2026-03-08T23:17:38Z
29,982,click,2026-03-09T00:11:38Z
29,925,purchase,2026-03-09T00:22:38Z
29,69,click,2026-03-09T01:14:38Z
29,653,search,2026-03-09T01:16:38Z
29,152,search,2026-03-09T01:23:38Z
29,769,wishlist,2026-03-09T01:34:38Z
29,154,add_to_cart,2026-03-09T02:21:38Z
29,1217,click,2026-03-09T02:43:38Z
29,64,checkout,2026-03-09T03:29:38Z
29,338,remove_cart,2026-03-09T04:11:38Z
29,110,remove_cart,2026-03-09T04:22:38Z
29,421,click,2026-03-09T04:44:38Z
29,1428,purchase,2026-03-09T05:11:38Z
29,577,search,2026-03-09T05:54:38Z
29,197,search,2026-03-09T06:10:38Z
29,1171,view,2026-03-09T06:36:38Z
30,739,search,2026-02-16T16:26:38Z
30,876,view,2026-02-16T16:27:38Z
30,604,click,2026-02-16T16:33:38Z
30,199,checkout,2026-02-16T16:46:38Z
30,350,view,2026-02-16T17:00:38Z
30,970,search,2026-02-16T17:06:38Z
30,815,click,2026-02-16T17:26:38Z
30,1354,checkout,2026-02-16T17:58:38Z
30,1315,search,2026-02-16T18:04:38Z
30,760,remove_cart,2026-02-16T18:16:38Z
30,383,remove_cart,2026-02-16T18:40:38Z
30,540,checkout,2026-02-16T18:43:38Z
30,540,checkout,2026-02-16T19:13:38Z
30,551,purchase,2026-02-16T20:07:38Z
30,1427,view,2026-02-16T20:17:38Z
30,1369,click,2026-02-16T20:23:38Z
30,1109,wishlist,2026-02-16T21:15:38Z
30,1208,remove_cart,2026-02-16T22:04:38Z
30,125,purchase,2026-02-16T22:40:38Z
30,1071,remove_cart,2026-02-16T23:33:38Z
30,1408,remove_cart,2026-02-17T00:08:38Z
30,483,checkout,2026-02-17T00:45:38Z
30,162,checkout,2026-02-17T01:05:38Z
30,1463,remove_cart,2026-02-17T02:03:38Z
30,1170,view,2026-02-17T02:36:38Z
30,920,add_to_cart,2026-02-17T02:44:38Z
30,434,add_to_cart,2026-02-17T02:55:38Z
30,88,purchase,2026-02-17T03:04:38Z
30,1400,remove_cart,2026-02-17T03:10:38Z
30,1285,remove_cart,2026-02-17T03:23:38Z
30,1219,add_to_cart,2026-02-17T04:17:38Z
30,1490,search,2026-02-17T04:38:38Z
30,795,click,2026-02-17T04:44:38Z
30,668,remove_cart,2026-02-17T05:20:38Z
30,939,search,2026-02-17T05:54:38Z
30,1435,view,2026-02-17T06:45:38Z
30,849,remove_cart,2026-02-17T06:53:38Z
30,1161,add_to_cart,2026-02-17T07:03:38Z
30,217,click,2026-02-17T08:03:38Z
30,586,click,2026-02-17T08:54:38Z
30,842,wishlist,2026-02-17T09:51:38Z
30,1342,search,2026-02-17T10:16:38Z
30,1248,checkout,2026-02-17T10:53:38Z
30,353,checkout,2026-02-17T10:56:38Z
30,295,search,2026-02-17T11:22:38Z
30,811,remove_cart,2026-02-17T11:25:38Z
30,487,wishlist,2026-02-17T12:10:38Z
30,974,view,2026-02-17T12:58:38Z
30,763,search,2026-02-17T13:56:38Z
30,621,view,2026-02-17T14:18:38Z
30,1007,search,2026-02-17T14:36:38Z
30,467,click,2026-02-17T15:32:38Z
30,908,add_to_cart,2026-02-17T15:52:38Z
30,1493,wishlist,2026-02-17T16:10:38Z
30,1323,remove_cart,2026-02-17T16:49:38Z
31,834,view,2026-03-26T16:36:38Z
31,993,click,2026-03-26T17:24:38Z
31,1058,add_to_cart,2026-03-26T18:13:38Z
31,766,remove_cart,2026-03-26T19:09:38Z
31,116,view,2026-03-26T20:02:38Z
31,638,add_to_cart,2026-03-26T20:07:38Z
31,1074,remove_cart,2026-03-26T20:16:38Z
31,395,view,2026-03-26T20:28:38Z
31,119,purchase,2026-03-26T21:22:38Z
31,935,purchase,2026-03-26T21:25:38Z
31,739,view,2026-03-26T22:24:38Z
31,755,purchase,2026-03-26T22:42:38Z
31,813,checkout,2026-03-26T23:15:38Z
31,63,click,2026-03-26T23:59:38Z
31,1002,purchase,2026-03-27T00:23:38Z
31,972,checkout,2026-03-27T00:35:38Z
31,335,wishlist,2026-03-27T00:58:38Z
31,1411,search,2026-03-27T01:46:38Z
31,57,click,2026-03-27T02:05:38Z
31,334,remove_cart,2026-03-27T02:09:38Z
31,454,purchase,2026-03-27T03:04:38Z
31,424,purchase,2026-03-27T03:48:38Z
31,839,search,2026-03-27T04:30:38Z
31,1398,view,2026-03-27T05:26:38Z
31,271,view,2026-03-27T05:57:38Z
32,517,view,2026-03-28T16:37:38Z
32,626,click,2026-03-28T17:16:38Z
32,1453,add_to_cart,2026-03-28T18:02:38Z
32,564,checkout,2026-03-28T18:44:38Z
32,772,purchase,2026-03-28T19:12:38Z
32,517,wishlist,2026-03-28T19:42:38Z
32,619,purchase,2026-03-28T20:12:38Z
32,210,remove_cart,2026-03-28T20:50:38Z
32,1357,view,2026-03-28T21:23:38Z
32,1326,wishlist,2026-03-28T21:59:38Z
32,1402,search,2026-03-28T22:19:38Z
32,131,click,2026-03-28T22:50:38Z
32,1312,wishlist,2026-03-28T23:08:38Z
32,568,wishlist,2026-03-29T00:04:38Z
32,1457,search,2026-03-29T00:46:38Z
32,308,search,2026-03-29T00:59:38Z
32,117,purchase,2026-03-29T01:57:38Z
32,655,remove_cart,2026-03-29T02:40:38Z
32,53,add_to_cart,2026-03-29T03:27:38Z
32,532,checkout,2026-03-29T03:46:38Z
32,796,remove_cart,2026-03-29T04:12:38Z
32,1451,view,2026-03-29T04:50:38Z
32,1488,purchase,2026-03-29T05:12:38Z
32,1095,purchase,2026-03-29T05:56:38Z
32,1376,checkout,2026-03-29T06:55:38Z
32,615,wishlist,2026-03-29T07:28:38Z
32,1347,add_to_cart,2026-03-29T08:22:38Z
32,200,add_to_cart,2026-03-29T08:41:38Z
32,530,checkout,2026-03-29T08:50:38Z
32,688,add_to_cart,2026-03-29T09:34:38Z
32,728,click,2026-03-29T09:49:38Z
32,629,purchase,2026-03-29T10:37:38Z
32,679,remove_cart,2026-03-29T11:28:38Z
32,1200,wishlist,2026-03-29T11:45:38Z
32,242,search,2026-03-29T12:15:38Z
32,1300,checkout,2026-03-29T12:19:38Z
32,399,click,2026-03-29T12:50:38Z
32,1395,click,2026-03-29T13:46:38Z
32,612,remove_cart,2026-03-29T14:20:38Z
32,309,remove_cart,2026-03-29T14:24:38Z
32,702,add_to_cart,2026-03-29T14:37:38Z
32,938,remove_cart,2026-03-29T15:14:38Z
32,1466,add_to_cart,2026-03-29T15:35:38Z
32,166,add_to_cart,2026-03-29T16:25:38Z
32,1293,checkout,2026-03-29T16:47:38Z
32,1300,add_to_cart,2026-03-29T17:08:38Z
32,926,view,2026-03-29T17:09:38Z
32,346,search,2026-03-29T17:23:38Z
32,181,add_to_cart,2026-03-29T17:55:38Z
32,889,add_to_cart,2026-03-29T18:35:38Z
32,879,remove_cart,2026-03-29T19:01:38Z
32,10,checkout,2026-03-29T19:26:38Z
32,409,view,2026-03-29T20:01:38Z
32,660,wishlist,2026-03-29T20:02:38Z
32,1386,purchase,2026-03-29T20:04:38Z
32,510,view,2026-03-29T20:45:38Z
32,706,purchase,2026-03-29T21:30:38Z
32,211,search,2026-03-29T21:39:38Z
32,1206,remove_cart,2026-03-29T22:12:38Z
32,134,search,2026-03-29T22:23:38Z
32,596,view,2026-03-29T22:43:38Z
33,1407,view,2026-02-12T16:50:38Z
33,702,wishlist,2026-02-12T16:59:38Z
33,1004,view,2026-02-12T17:57:38Z
33,386,click,2026-02-12T18:20:38Z
33,827,add_to_cart,2026-02-12T18:31:38Z
33,460,view,2026-02-12T18:46:38Z
33,45,add_to_cart,2026-02-12T19:00:38Z
33,751,add_to_cart,2026-02-12T19:08:38Z
33,1312,view,2026-02-12T19:33:38Z
33,1096,search,2026-02-12T20:23:38Z
33,99,view,2026-02-12T21:02:38Z
33,41,click,2026-02-12T21:44:38Z
33,238,view,2026-02-12T22:29:38Z
33,779,remove_cart,2026-02-12T22:58:38Z
33,518,click,2026-02-12T23:34:38Z
33,314,checkout,2026-02-13T00:19:38Z
33,1405,purchase,2026-02-13T01:04:38Z
33,862,view,2026-02-13T01:24:38Z
33,1066,click,2026-02-13T02:07:38Z
33,1241,search,2026-02-13T02:47:38Z
33,215,add_to_cart,2026-02-13T03:14:38Z
33,234,click,2026-02-13T03:33:38Z
33,407,click,2026-02-13T04:05:38Z
33,539,purchase,2026-02-13T04:55:38Z
33,1441,purchase,2026-02-13T05:18:38Z
33,329,remove_cart,2026-02-13T05:37:38Z
33,1017,view,2026-02-13T06:13:38Z
33,985,purchase,2026-02-13T06:58:38Z
33,6,wishlist,2026-02-13T07:14:38Z
33,183,view,2026-02-13T07:57:38Z
33,1176,click,2026-02-13T08:51:38Z
33,185,checkout,2026-02-13T09:01:38Z
33,1482,click,2026-02-13T09:48:38Z
33,525,click,2026-02-13T10:46:38Z
33,607,purchase,2026-02-13T11:16:38Z
33,103,search,2026-02-13T11:46:38Z
33,358,click,2026-02-13T12:39:38Z
33,596,view,2026-02-13T13:34:38Z
33,1387,wishlist,2026-02-13T14:26:38Z
33,238,wishlist,2026-02-13T14:54:38Z
33,94,click,2026-02-13T15:49:38Z
33,284,view,2026-02-13T16:44:38Z
33,733,add_to_cart,2026-02-13T17:06:38Z
33,550,checkout,2026-02-13T17:46:38Z
33,702,click,2026-02-13T18:10:38Z
33,821,add_to_cart,2026-02-13T18:18:38Z
33,557,remove_cart,2026-02-13T18:48:38Z
33,980,remove_cart,2026-02-13T19:33:38Z
33,342,remove_cart,2026-02-13T20:15:38Z
34,327,view,2026-04-03T17:17:38Z
34,853,click,2026-04-03T17:24:38Z
34,1210,add_to_cart,2026-04-03T18:23:38Z
34,1166,checkout,2026-04-03T18:54:38Z
34,898,purchase,2026-04-03T19:38:38Z
34,778,add_to_cart,2026-04-03T20:18:38Z
34,60,wishlist,2026-04-03T20:58:38Z
34,1000,add_to_cart,2026-04-03T21:29:38Z
34,843,click,2026-04-03T22:26:38Z
34,130,checkout,2026-04-03T22:29:38Z
34,644,search,2026-04-03T23:11:38Z
34,1389,view,2026-04-03T23:57:38Z
34,693,purchase,2026-04-04T00:40:38Z
34,1356,click,2026-04-04T01:08:38Z
34,709,purchase,2026-04-04T01:39:38Z
34,1144,remove_cart,2026-04-04T01:49:38Z
34,1318,view,2026-04-04T01:50:38Z
34,962,add_to_cart,2026-04-04T02:23:38Z
34,339,checkout,2026-04-04T03:19:38Z
34,1007,click,2026-04-04T04:08:38Z
34,678,wishlist,2026-04-04T04:24:38Z
34,1039,search,2026-04-04T04:28:38Z
34,1318,purchase,2026-04-04T05:04:38Z
34,482,remove_cart,2026-04-04T05:30:38Z
34,910,click,2026-04-04T06:00:38Z
34,1021,checkout,2026-04-04T06:06:38Z
34,244,checkout,2026-04-04T06:27:38Z
35,827,view,2026-01-26T16:29:38Z
35,74,click,2026-01-26T16:56:38Z
35,1125,add_to_cart,2026-01-26T17:32:38Z
35,187,checkout,2026-01-26T17:33:38Z
35,1238,purchase,2026-01-26T18:24:38Z
35,1042,search,2026-01-26T19:21:38Z
35,1376,purchase,2026-01-26T20:03:38Z
35,745,checkout,2026-01-26T20:25:38Z
35,457,view,2026-01-26T21:18:38Z
35,1148,checkout,2026-01-26T21:40:38Z
35,1346,checkout,2026-01-26T22:26:38Z
35,927,wishlist,2026-01-26T23:12:38Z
35,1350,click,2026-01-26T23:19:38Z
35,700,purchase,2026-01-26T23:20:38Z
35,1298,wishlist,2026-01-27T00:14:38Z
35,1070,search,2026-01-27T00:50:38Z
35,218,wishlist,2026-01-27T01:35:38Z
35,337,view,2026-01-27T02:33:38Z
35,1469,checkout,2026-01-27T02:42:38Z
35,521,remove_cart,2026-01-27T02:49:38Z
35,248,purchase,2026-01-27T03:02:38Z
35,937,remove_cart,2026-01-27T03:16:38Z
35,693,purchase,2026-01-27T04:02:38Z
35,849,click,2026-01-27T04:51:38Z
35,1297,view,2026-01-27T05:51:38Z
35,923,click,2026-01-27T06:41:38Z
35,1207,checkout,2026-01-27T07:24:38Z
35,9,add_to_cart,2026-01-27T07:56:38Z
35,887,view,2026-01-27T08:32:38Z
35,1042,checkout,2026-01-27T09:32:38Z
35,1185,add_to_cart,2026-01-27T10:17:38Z
35,263,add_to_cart,2026-01-27T11:04:38Z
35,1347,click,2026-01-27T11:29:38Z
35,788,wishlist,2026-01-27T12:02:38Z
35,1419,remove_cart,2026-01-27T12:41:38Z
35,815,purchase,2026-01-27T12:59:38Z
35,928,wishlist,2026-01-27T13:18:38Z
35,846,add_to_cart,2026-01-27T13:27:38Z
35,1437,search,2026-01-27T14:21:38Z
35,1134,wishlist,2026-01-27T15:07:38Z
35,430,purchase,2026-01-27T15:20:38Z
35,708,search,2026-01-27T16:04:38Z
35,1332,add_to_cart,2026-01-27T16:50:38Z
35,1112,add_to_cart,2026-01-27T17:23:38Z
35,237,wishlist,2026-01-27T18:09:38Z
35,984,wishlist,2026-01-27T18:45:38Z
35,1094,remove_cart,2026-01-27T19:29:38Z
35,866,search,2026-01-27T20:26:38Z
35,219,view,2026-01-27T21:00:38Z
35,298,view,2026-01-27T21:25:38Z
35,116,view,2026-01-27T22:08:38Z
36,1400,search,2026-03-16T16:41:38Z
36,300,view,2026-03-16T16:58:38Z
36,128,click,2026-03-16T17:52:38Z
36,1109,search,2026-03-16T18:06:38Z
36,927,view,2026-03-16T18:29:38Z
36,1384,click,2026-03-16T19:09:38Z
36,1326,purchase,2026-03-16T19:57:38Z
36,1047,remove_cart,2026-03-16T20:13:38Z
36,1361,search,2026-03-16T20:58:38Z
36,782,view,2026-03-16T21:58:38Z
36,1404,remove_cart,2026-03-16T22:25:38Z
36,111,wishlist,2026-03-16T23:01:38Z
36,515,view,2026-03-16T23:49:38Z
36,908,purchase,2026-03-17T00:29:38Z
36,1298,purchase,2026-03-17T01:28:38Z
36,1206,wishlist,2026-03-17T02:17:38Z
36,1485,purchase,2026-03-17T03:07:38Z
36,920,purchase,2026-03-17T03:26:38Z
36,153,add_to_cart,2026-03-17T04:10:38Z
36,1053,add_to_cart,2026-03-17T04:22:38Z
36,84,click,2026-03-17T04:47:38Z
36,1140,remove_cart,2026-03-17T05:05:38Z
36,330,search,2026-03-17T05:14:38Z
36,677,search,2026-03-17T05:15:38Z
36,318,checkout,2026-03-17T06:01:38Z
36,661,view,2026-03-17T06:11:38Z
36,1281,view,2026-03-17T07:01:38Z
36,1173,search,2026-03-17T07:33:38Z
36,1450,wishlist,2026-03-17T07:38:38Z
36,451,wishlist,2026-03-17T08:12:38Z
36,140,add_to_cart,2026-03-17T08:46:38Z
36,1113,add_to_cart,2026-03-17T09:13:38Z
37,454,view,2026-02-27T16:45:38Z
37,437,click,2026-02-27T17:42:38Z
37,680,add_to_cart,2026-02-27T18:25:38Z
37,739,checkout,2026-02-27T18:47:38Z
37,448,purchase,2026-02-27T19:06:38Z
37,1330,checkout,2026-02-27T19:42:38Z
37,1370,view,2026-02-27T19:50:38Z
37,493,wishlist,2026-02-27T20:19:38Z
37,1398,purchase,2026-02-27T20:22:38Z
37,233,wishlist,2026-02-27T20:47:38Z
37,1107,remove_cart,2026-02-27T21:04:38Z
37,1059,search,2026-02-27T21:06:38Z
37,1042,wishlist,2026-02-27T21:39:38Z
37,90,checkout,2026-02-27T22:11:38Z
37,1335,search,2026-02-27T23:09:38Z
37,1053,purchase,2026-02-27T23:30:38Z
37,343,click,2026-02-27T23:37:38Z
37,135,view,2026-02-28T00:18:38Z
37,1290,purchase,2026-02-28T01:01:38Z
37,1404,purchase,2026-02-28T01:57:38Z
37,213,remove_cart,2026-02-28T02:51:38Z
37,1440,purchase,2026-02-28T03:26:38Z
37,148,remove_cart,2026-02-28T04:08:38Z
37,941,add_to_cart,2026-02-28T04:10:38Z
37,180,wishlist,2026-02-28T04:13:38Z
37,365,click,2026-02-28T04:17:38Z
37,145,search,2026-02-28T04:53:38Z
37,530,purchase,2026-02-28T05:52:38Z
37,924,remove_cart,2026-02-28T06:17:38Z
37,648,remove_cart,2026-02-28T06:45:38Z
37,1379,view,2026-02-28T07:10:38Z
37,13,click,2026-02-28T07:45:38Z
37,1200,click,2026-02-28T08:34:38Z
37,149,view,2026-02-28T09:19:38Z
37,1030,wishlist,2026-02-28T10:19:38Z
37,1405,click,2026-02-28T10:38:38Z
37,178,search,2026-02-28T11:17:38Z
37,897,search,2026-02-28T12:06:38Z
37,1354,remove_cart,2026-02-28T12:32:38Z
37,321,view,2026-02-28T13:03:38Z
37,801,purchase,2026-02-28T13:12:38Z
37,296,search,2026-02-28T13:53:38Z
37,1494,search,2026-02-28T14:37:38Z
37,1134,wishlist,2026-02-28T14:38:38Z
37,86,add_to_cart,2026-02-28T14:46:38Z
37,1222,view,2026-02-28T15:23:38Z
37,1122,remove_cart,2026-02-28T15:58:38Z
37,431,click,2026-02-28T16:18:38Z
37,846,wishlist,2026-02-28T16:32:38Z
37,377,add_to_cart,2026-02-28T16:43:38Z
37,518,purchase,2026-02-28T17:23:38Z
37,372,purchase,2026-02-28T17:31:38Z
37,1125,view,2026-02-28T18:26:38Z
37,1126,checkout,2026-02-28T19:08:38Z
38,202,view,2026-03-13T16:39:38Z
38,1487,click,2026-03-13T16:52:38Z
38,998,add_to_cart,2026-03-13T17:30:38Z
38,732,checkout,2026-03-13T17:52:38Z
38,1375,purchase,2026-03-13T18:01:38Z
38,584,purchase,2026-03-13T18:08:38Z
38,397,click,2026-03-13T19:06:38Z
38,923,wishlist,2026-03-13T19:38:38Z
38,1351,wishlist,2026-03-13T20:18:38Z
38,1197,search,2026-03-13T21:03:38Z
38,1161,add_to_cart,2026-03-13T21:40:38Z
38,648,wishlist,2026-03-13T22:32:38Z
38,10,remove_cart,2026-03-13T22:43:38Z
38,454,wishlist,2026-03-13T22:59:38Z
38,737,remove_cart,2026-03-13T23:17:38Z
38,680,add_to_cart,2026-03-14T00:01:38Z
38,913,checkout,2026-03-14T00:31:38Z
38,626,wishlist,2026-03-14T01:21:38Z
38,223,checkout,2026-03-14T01:57:38Z
38,1243,add_to_cart,2026-03-14T02:39:38Z
38,575,click,2026-03-14T03:33:38Z
38,1104,add_to_cart,2026-03-14T04:31:38Z
38,1284,purchase,2026-03-14T04:48:38Z
38,155,click,2026-03-14T05:35:38Z
39,1192,view,2026-04-17T17:15:38Z
39,830,click,2026-04-17T17:53:38Z
39,1209,add_to_cart,2026-04-17T18:43:38Z
39,76,checkout,2026-04-17T18:57:38Z
39,534,purchase,2026-04-17T19:33:38Z
39,305,checkout,2026-04-17T20:15:38Z
39,458,wishlist,2026-04-17T20:41:38Z
39,952,search,2026-04-17T20:50:38Z
39,746,click,2026-04-17T21:16:38Z
39,490,view,2026-04-17T21:59:38Z
39,1053,add_to_cart,2026-04-17T22:48:38Z
39,327,add_to_cart,2026-04-17T23:17:38Z
39,1159,add_to_cart,2026-04-17T23:54:38Z
39,1500,add_to_cart,2026-04-18T00:42:38Z
39,83,checkout,2026-04-18T01:05:38Z
39,999,purchase,2026-04-18T01:54:38Z
39,542,purchase,2026-04-18T01:59:38Z
39,88,wishlist,2026-04-18T02:14:38Z
39,740,purchase,2026-04-18T02:48:38Z
39,932,remove_cart,2026-04-18T03:19:38Z
39,1329,view,2026-04-18T03:22:38Z
39,1442,wishlist,2026-04-18T03:29:38Z
39,540,search,2026-04-18T04:23:38Z
39,1339,add_to_cart,2026-04-18T04:48:38Z
39,1204,remove_cart,2026-04-18T05:12:38Z
39,516,click,2026-04-18T05:46:38Z
39,457,remove_cart,2026-04-18T06:45:38Z
39,707,remove_cart,2026-04-18T07:08:38Z
39,988,checkout,2026-04-18T07:59:38Z
39,285,view,2026-04-18T08:32:38Z
39,472,checkout,2026-04-18T08:43:38Z
39,1318,click,2026-04-18T09:16:38Z
39,308,search,2026-04-18T09:30:38Z
39,742,add_to_cart,2026-04-18T09:41:38Z
39,472,click,2026-04-18T10:24:38Z
39,677,remove_cart,2026-04-18T11:16:38Z
39,1383,click,2026-04-18T11:47:38Z
39,432,checkout,2026-04-18T12:18:38Z
39,842,add_to_cart,2026-04-18T13:00:38Z
39,89,view,2026-04-18T13:16:38Z
39,1214,add_to_cart,2026-04-18T13:53:38Z
39,1290,add_to_cart,2026-04-18T14:02:38Z
39,1173,view,2026-04-18T15:00:38Z
39,341,add_to_cart,2026-04-18T15:04:38Z
39,369,search,2026-04-18T16:04:38Z
39,1155,remove_cart,2026-04-18T16:43:38Z
39,1474,view,2026-04-18T17:40:38Z
39,444,search,2026-04-18T17:46:38Z
39,966,checkout,2026-04-18T18:25:38Z
39,450,checkout,2026-04-18T18:36:38Z
39,293,remove_cart,2026-04-18T19:15:38Z
39,1351,add_to_cart,2026-04-18T19:55:38Z
39,1484,search,2026-04-18T20:06:38Z
39,929,wishlist,2026-04-18T21:06:38Z
39,775,click,2026-04-18T21:21:38Z
39,223,remove_cart,2026-04-18T21:30:38Z
39,1071,view,2026-04-18T21:43:38Z
39,307,remove_cart,2026-04-18T22:36:38Z
39,975,click,2026-04-18T22:48:38Z
39,1089,view,2026-04-18T23:45:38Z
39,988,click,2026-04-18T23:51:38Z
39,1236,add_to_cart,2026-04-19T00:49:38Z
39,1390,view,2026-04-19T01:47:38Z
39,862,remove_cart,2026-04-19T02:21:38Z
39,89,wishlist,2026-04-19T03:17:38Z
39,988,remove_cart,2026-04-19T03:32:38Z
39,1207,remove_cart,2026-04-19T03:55:38Z
39,275,click,2026-04-19T04:23:38Z
39,477,search,2026-04-19T04:54:38Z
39,1226,click,2026-04-19T05:13:38Z
39,388,remove_cart,2026-04-19T05:30:38Z
39,15,view,2026-04-19T06:16:38Z
39,15,click,2026-04-19T06:50:38Z
39,421,remove_cart,2026-04-19T07:32:38Z
39,742,wishlist,2026-04-19T07:59:38Z
39,873,click,2026-04-19T08:09:38Z
39,1098,search,2026-04-19T08:26:38Z
40,565,view,2026-02-06T17:02:38Z
40,814,wishlist,2026-02-06T17:46:38Z
40,418,view,2026-02-06T18:35:38Z
40,1131,click,2026-02-06T19:02:38Z
40,1142,add_to_cart,2026-02-06T19:53:38Z
40,759,checkout,2026-02-06T20:05:38Z
40,629,checkout,2026-02-06T20:22:38Z
40,1445,wishlist,2026-02-06T21:12:38Z
40,283,remove_cart,2026-02-06T22:00:38Z
40,471,click,2026-02-06T22:48:38Z
40,1433,checkout,2026-02-06T23:39:38Z
40,440,add_to_cart,2026-02-06T23:46:38Z
40,694,remove_cart,2026-02-07T00:37:38Z
40,797,view,2026-02-07T00:48:38Z
40,187,view,2026-02-07T01:40:38Z
40,1230,add_to_cart,2026-02-07T02:11:38Z
40,132,remove_cart,2026-02-07T02:17:38Z
40,760,search,2026-02-07T02:32:38Z
40,78,click,2026-02-07T03:11:38Z
40,821,remove_cart,2026-02-07T04:11:38Z
40,1224,search,2026-02-07T04:57:38Z
40,359,view,2026-02-07T05:47:38Z
40,22,checkout,2026-02-07T06:16:38Z
40,1346,purchase,2026-02-07T07:11:38Z
40,69,search,2026-02-07T07:24:38Z
40,348,purchase,2026-02-07T08:04:38Z
40,490,view,2026-02-07T08:28:38Z
40,178,view,2026-02-07T08:39:38Z
40,819,search,2026-02-07T09:29:38Z
40,810,wishlist,2026-02-07T10:12:38Z
40,411,remove_cart,2026-02-07T10:50:38Z
40,1442,view,2026-02-07T11:38:38Z
40,185,click,2026-02-07T12:37:38Z
40,1146,search,2026-02-07T13:24:38Z
40,567,wishlist,2026-02-07T13:47:38Z
40,399,purchase,2026-02-07T14:26:38Z
40,828,checkout,2026-02-07T15:26:38Z
40,359,view,2026-02-07T15:43:38Z
40,219,remove_cart,2026-02-07T16:16:38Z
40,603,click,2026-02-07T16:49:38Z
40,1052,wishlist,2026-02-07T16:57:38Z
40,1102,search,2026-02-07T17:54:38Z
40,907,search,2026-02-07T18:39:38Z
40,991,remove_cart,2026-02-07T19:16:38Z
40,696,purchase,2026-02-07T20:05:38Z
40,944,checkout,2026-02-07T20:49:38Z
40,239,view,2026-02-07T21:20:38Z
41,452,view,2026-04-11T17:03:38Z
41,1437,click,2026-04-11T17:47:38Z
41,647,add_to_cart,2026-04-11T18:02:38Z
41,724,remove_cart,2026-04-11T18:29:38Z
41,1098,view,2026-04-11T19:03:38Z
41,540,view,2026-04-11T19:48:38Z
41,191,purchase,2026-04-11T20:07:38Z
41,701,remove_cart,2026-04-11T20:51:38Z
41,366,click,2026-04-11T21:27:38Z
41,725,checkout,2026-04-11T21:48:38Z
41,1175,purchase,2026-04-11T22:46:38Z
41,1400,search,2026-04-11T22:58:38Z
41,409,purchase,2026-04-11T23:30:38Z
41,496,purchase,2026-04-12T00:18:38Z
41,470,search,2026-04-12T00:32:38Z
41,512,purchase,2026-04-12T01:26:38Z
41,219,wishlist,2026-04-12T01:36:38Z
41,161,click,2026-04-12T02:35:38Z
41,14,checkout,2026-04-12T03:15:38Z
41,988,view,2026-04-12T04:10:38Z
41,646,wishlist,2026-04-12T04:50:38Z
41,1177,checkout,2026-04-12T05:48:38Z
41,375,search,2026-04-12T06:20:38Z
41,455,search,2026-04-12T06:46:38Z
41,1077,add_to_cart,2026-04-12T06:50:38Z
41,1108,remove_cart,2026-04-12T07:21:38Z
41,712,view,2026-04-12T07:54:38Z
41,1406,remove_cart,2026-04-12T08:50:38Z
41,247,add_to_cart,2026-04-12T09:20:38Z
41,1412,checkout,2026-04-12T09:41:38Z
41,1381,view,2026-04-12T09:42:38Z
41,1190,purchase,2026-04-12T10:07:38Z
41,741,click,2026-04-12T10:28:38Z
41,1124,search,2026-04-12T10:40:38Z
41,552,search,2026-04-12T10:56:38Z
41,703,checkout,2026-04-12T11:36:38Z
42,432,view,2026-03-27T16:50:38Z
42,1436,click,2026-03-27T17:17:38Z
42,763,add_to_cart,2026-03-27T18:06:38Z
42,821,remove_cart,2026-03-27T18:30:38Z
42,924,view,2026-03-27T18:48:38Z
42,269,add_to_cart,2026-03-27T19:25:38Z
42,205,purchase,2026-03-27T20:18:38Z
42,483,search,2026-03-27T21:10:38Z
42,781,remove_cart,2026-03-27T22:05:38Z
42,307,purchase,2026-03-27T22:15:38Z
42,20,checkout,2026-03-27T23:07:38Z
42,1024,add_to_cart,2026-03-27T23:34:38Z
42,1292,add_to_cart,2026-03-28T00:32:38Z
42,997,wishlist,2026-03-28T01:23:38Z
42,1152,search,2026-03-28T01:40:38Z
42,203,view,2026-03-28T02:06:38Z
42,442,add_to_cart,2026-03-28T02:10:38Z
42,1290,search,2026-03-28T02:41:38Z
42,686,click,2026-03-28T03:10:38Z
42,738,search,2026-03-28T03:34:38Z
42,41,search,2026-03-28T03:57:38Z
42,720,remove_cart,2026-03-28T04:05:38Z
42,1180,purchase,2026-03-28T04:42:38Z
42,583,add_to_cart,2026-03-28T05:32:38Z
42,1379,wishlist,2026-03-28T05:53:38Z
42,916,checkout,2026-03-28T06:43:38Z
42,1257,click,2026-03-28T07:08:38Z
42,1294,search,2026-03-28T07:38:38Z
42,344,add_to_cart,2026-03-28T08:34:38Z
42,1293,wishlist,2026-03-28T09:01:38Z
42,147,remove_cart,2026-03-28T09:56:38Z
42,704,click,2026-03-28T10:07:38Z
42,649,purchase,2026-03-28T10:28:38Z
42,548,search,2026-03-28T11:14:38Z
42,912,remove_cart,2026-03-28T11:32:38Z
42,1203,wishlist,2026-03-28T12:20:38Z
42,343,checkout,2026-03-28T12:47:38Z
42,48,add_to_cart,2026-03-28T13:42:38Z
42,481,add_to_cart,2026-03-28T14:29:38Z
42,1436,search,2026-03-28T15:17:38Z
42,342,click,2026-03-28T15:31:38Z
42,196,remove_cart,2026-03-28T15:38:38Z
42,970,click,2026-03-28T16:38:38Z
43,814,view,2026-04-13T17:12:38Z
43,171,click,2026-04-13T17:46:38Z
43,538,add_to_cart,2026-04-13T17:53:38Z
43,319,checkout,2026-04-13T18:33:38Z
43,1342,purchase,2026-04-13T18:39:38Z
43,470,remove_cart,2026-04-13T18:59:38Z
43,582,purchase,2026-04-13T19:47:38Z
43,259,checkout,2026-04-13T20:28:38Z
43,350,add_to_cart,2026-04-13T21:02:38Z
43,1359,view,2026-04-13T21:05:38Z
43,667,wishlist,2026-04-13T22:01:38Z
43,1108,checkout,2026-04-13T22:31:38Z
43,912,search,2026-04-13T23:07:38Z
43,1105,add_to_cart,2026-04-13T23:52:38Z
43,1224,add_to_cart,2026-04-14T00:30:38Z
43,1303,checkout,2026-04-14T01:11:38Z
43,1311,remove_cart,2026-04-14T01:45:38Z
43,712,search,2026-04-14T02:44:38Z
43,466,checkout,2026-04-14T03:19:38Z
43,631,click,2026-04-14T03:48:38Z
43,533,wishlist,2026-04-14T04:15:38Z
43,22,add_to_cart,2026-04-14T04:35:38Z
43,280,view,2026-04-14T05:09:38Z
43,961,wishlist,2026-04-14T05:28:38Z
43,1008,view,2026-04-14T06:13:38Z
43,19,checkout,2026-04-14T06:33:38Z
43,600,remove_cart,2026-04-14T07:25:38Z
43,15,purchase,2026-04-14T08:16:38Z
43,844,wishlist,2026-04-14T08:29:38Z
43,512,remove_cart,2026-04-14T08:55:38Z
43,1323,add_to_cart,2026-04-14T09:41:38Z
43,775,remove_cart,2026-04-14T10:35:38Z
43,163,purchase,2026-04-14T10:52:38Z
43,491,remove_cart,2026-04-14T11:33:38Z
43,1329,search,2026-04-14T11:52:38Z
43,386,search,2026-04-14T12:19:38Z
43,280,click,2026-04-14T12:31:38Z
43,1305,search,2026-04-14T12:39:38Z
43,928,checkout,2026-04-14T13:19:38Z
43,1276,search,2026-04-14T14:04:38Z
43,657,checkout,2026-04-14T14:17:38Z
43,102,view,2026-04-14T14:27:38Z
43,210,view,2026-04-14T14:39:38Z
43,257,search,2026-04-14T14:57:38Z
43,17,checkout,2026-04-14T15:44:38Z
43,309,purchase,2026-04-14T15:50:38Z
43,445,view,2026-04-14T16:22:38Z
43,639,wishlist,2026-04-14T16:49:38Z
43,950,checkout,2026-04-14T17:13:38Z
43,165,view,2026-04-14T17:35:38Z
43,546,add_to_cart,2026-04-14T17:39:38Z
43,1113,remove_cart,2026-04-14T17:44:38Z
43,394,checkout,2026-04-14T17:56:38Z
43,782,search,2026-04-14T18:49:38Z
43,1464,view,2026-04-14T18:57:38Z
44,69,view,2026-03-01T16:38:38Z
44,944,click,2026-03-01T16:51:38Z
44,193,add_to_cart,2026-03-01T17:39:38Z
44,1364,remove_cart,2026-03-01T18:13:38Z
44,969,view,2026-03-01T18:27:38Z
44,640,remove_cart,2026-03-01T19:11:38Z
44,1289,wishlist,2026-03-01T19:22:38Z
44,1126,view,2026-03-01T20:10:38Z
44,986,click,2026-03-01T20:27:38Z
44,739,search,2026-03-01T20:40:38Z
44,1366,view,2026-03-01T21:36:38Z
44,484,purchase,2026-03-01T21:44:38Z
44,31,remove_cart,2026-03-01T22:05:38Z
44,566,add_to_cart,2026-03-01T22:56:38Z
44,498,click,2026-03-01T23:22:38Z
44,1191,view,2026-03-01T23:25:38Z
44,1222,checkout,2026-03-02T00:10:38Z
44,184,add_to_cart,2026-03-02T00:34:38Z
44,1024,purchase,2026-03-02T00:45:38Z
44,1267,click,2026-03-02T01:29:38Z
44,1281,wishlist,2026-03-02T02:29:38Z
44,729,view,2026-03-02T02:33:38Z
44,1099,add_to_cart,2026-03-02T03:18:38Z
44,1000,click,2026-03-02T03:27:38Z
44,1144,purchase,2026-03-02T03:48:38Z
44,899,wishlist,2026-03-02T04:40:38Z
44,1412,purchase,2026-03-02T04:42:38Z
44,1484,remove_cart,2026-03-02T05:05:38Z
44,81,add_to_cart,2026-03-02T05:22:38Z
44,897,checkout,2026-03-02T06:08:38Z
44,1428,search,2026-03-02T06:43:38Z
44,1161,checkout,2026-03-02T06:56:38Z
44,713,add_to_cart,2026-03-02T07:31:38Z
44,960,wishlist,2026-03-02T08:18:38Z
44,1227,search,2026-03-02T09:14:38Z
45,1088,search,2026-02-08T16:27:38Z
45,921,view,2026-02-08T16:37:38Z
45,540,click,2026-02-08T16:56:38Z
45,2,wishlist,2026-02-08T17:26:38Z
45,380,remove_cart,2026-02-08T18:13:38Z
45,746,view,2026-02-08T18:53:38Z
45,1477,purchase,2026-02-08T19:14:38Z
45,1104,click,2026-02-08T19:57:38Z
45,1074,remove_cart,2026-02-08T20:10:38Z
45,1130,checkout,2026-02-08T21:00:38Z
45,580,add_to_cart,2026-02-08T21:40:38Z
45,1313,wishlist,2026-02-08T22:07:38Z
45,198,wishlist,2026-02-08T22:15:38Z
45,266,click,2026-02-08T22:18:38Z
45,65,add_to_cart,2026-02-08T23:14:38Z
45,995,purchase,2026-02-08T23:21:38Z
45,66,purchase,2026-02-08T23:28:38Z
45,1004,remove_cart,2026-02-09T00:11:38Z
45,751,search,2026-02-09T00:15:38Z
45,1471,purchase,2026-02-09T00:54:38Z
45,428,click,2026-02-09T00:55:38Z
45,164,checkout,2026-02-09T01:55:38Z
45,1309,checkout,2026-02-09T02:47:38Z
45,1143,view,2026-02-09T03:11:38Z
45,756,remove_cart,2026-02-09T04:04:38Z
45,1264,view,2026-02-09T04:57:38Z
45,84,search,2026-02-09T05:31:38Z
45,623,click,2026-02-09T06:25:38Z
45,1064,click,2026-02-09T06:39:38Z
45,1486,click,2026-02-09T06:46:38Z
45,790,purchase,2026-02-09T07:21:38Z
45,1078,purchase,2026-02-09T07:34:38Z
45,1281,purchase,2026-02-09T08:11:38Z
45,1144,add_to_cart,2026-02-09T08:47:38Z
45,217,remove_cart,2026-02-09T09:35:38Z
45,940,wishlist,2026-02-09T10:19:38Z
45,214,remove_cart,2026-02-09T11:16:38Z
45,370,add_to_cart,2026-02-09T12:07:38Z
45,692,remove_cart,2026-02-09T12:40:38Z
45,1229,add_to_cart,2026-02-09T13:15:38Z
45,722,checkout,2026-02-09T14:15:38Z
45,665,wishlist,2026-02-09T14:51:38Z
45,1297,wishlist,2026-02-09T15:18:38Z
45,1487,remove_cart,2026-02-09T16:11:38Z
45,493,wishlist,2026-02-09T16:50:38Z
45,1127,purchase,2026-02-09T17:15:38Z
45,927,search,2026-02-09T17:39:38Z
45,1,checkout,2026-02-09T18:05:38Z
45,1221,view,2026-02-09T18:24:38Z
45,277,view,2026-02-09T18:58:38Z
45,616,search,2026-02-09T18:59:38Z
45,645,purchase,2026-02-09T19:13:38Z
45,1413,view,2026-02-09T20:03:38Z
45,1134,search,2026-02-09T21:02:38Z
45,78,add_to_cart,2026-02-09T21:09:38Z
45,320,checkout,2026-02-09T21:32:38Z
45,752,add_to_cart,2026-02-09T21:49:38Z
45,525,purchase,2026-02-09T22:04:38Z
45,1169,search,2026-02-09T22:10:38Z
45,446,remove_cart,2026-02-09T22:47:38Z
45,665,click,2026-02-09T23:34:38Z
45,1000,checkout,2026-02-09T23:46:38Z
45,1316,click,2026-02-10T00:25:38Z
45,1497,search,2026-02-10T00:28:38Z
45,115,remove_cart,2026-02-10T00:34:38Z
45,890,wishlist,2026-02-10T00:57:38Z
45,247,remove_cart,2026-02-10T01:57:38Z
45,1337,purchase,2026-02-10T02:45:38Z
45,1295,view,2026-02-10T03:26:38Z
45,625,remove_cart,2026-02-10T03:30:38Z
45,1106,view,2026-02-10T03:51:38Z
45,1029,add_to_cart,2026-02-10T04:12:38Z
45,104,purchase,2026-02-10T04:22:38Z
45,1219,remove_cart,2026-02-10T04:51:38Z
45,885,click,2026-02-10T05:06:38Z
45,808,search,2026-02-10T05:57:38Z
45,689,add_to_cart,2026-02-10T06:06:38Z
45,1171,click,2026-02-10T06:37:38Z
46,175,view,2026-04-13T16:39:38Z
46,1028,click,2026-04-13T17:05:38Z
46,1430,add_to_cart,2026-04-13T17:33:38Z
46,277,remove_cart,2026-04-13T17:42:38Z
46,1146,view,2026-04-13T18:13:38Z
46,810,purchase,2026-04-13T18:45:38Z
46,1262,purchase,2026-04-13T19:21:38Z
46,147,purchase,2026-04-13T19:37:38Z
46,881,search,2026-04-13T20:27:38Z
46,1180,wishlist,2026-04-13T21:11:38Z
46,1376,click,2026-04-13T21:19:38Z
46,749,remove_cart,2026-04-13T21:47:38Z
46,657,wishlist,2026-04-13T22:00:38Z
46,1343,wishlist,2026-04-13T22:39:38Z
46,625,view,2026-04-13T23:29:38Z
46,1263,add_to_cart,2026-04-13T23:52:38Z
46,299,checkout,2026-04-14T00:32:38Z
46,479,checkout,2026-04-14T00:35:38Z
46,766,purchase,2026-04-14T01:19:38Z
46,1492,add_to_cart,2026-04-14T02:08:38Z
46,112,click,2026-04-14T02:16:38Z
46,303,purchase,2026-04-14T02:56:38Z
46,704,search,2026-04-14T02:57:38Z
46,922,click,2026-04-14T03:17:38Z
46,680,checkout,2026-04-14T03:19:38Z
46,1102,purchase,2026-04-14T04:07:38Z
46,1120,purchase,2026-04-14T04:21:38Z
46,990,search,2026-04-14T04:57:38Z
46,1432,add_to_cart,2026-04-14T05:42:38Z
46,1194,view,2026-04-14T06:07:38Z
46,349,view,2026-04-14T06:24:38Z
46,412,view,2026-04-14T06:43:38Z
46,953,search,2026-04-14T06:47:38Z
46,796,view,2026-04-14T06:52:38Z
46,1352,search,2026-04-14T07:35:38Z
46,221,wishlist,2026-04-14T08:31:38Z
46,1330,view,2026-04-14T08:50:38Z
46,780,remove_cart,2026-04-14T09:05:38Z
46,647,click,2026-04-14T10:03:38Z
46,1223,checkout,2026-04-14T10:59:38Z
46,408,click,2026-04-14T11:11:38Z
46,1460,checkout,2026-04-14T11:47:38Z
46,507,view,2026-04-14T11:50:38Z
46,1004,search,2026-04-14T12:12:38Z
46,322,remove_cart,2026-04-14T13:00:38Z
46,1402,view,2026-04-14T13:23:38Z
46,1281,wishlist,2026-04-14T13:46:38Z
46,1027,search,2026-04-14T14:02:38Z
46,127,search,2026-04-14T14:54:38Z
46,793,search,2026-04-14T15:51:38Z
46,574,view,2026-04-14T16:27:38Z
46,700,purchase,2026-04-14T16:37:38Z
46,282,remove_cart,2026-04-14T17:20:38Z
46,783,click,2026-04-14T18:07:38Z
46,493,purchase,2026-04-14T18:34:38Z
46,640,add_to_cart,2026-04-14T19:02:38Z
46,1111,wishlist,2026-04-14T19:31:38Z
46,1337,add_to_cart,2026-04-14T19:45:38Z
46,1109,add_to_cart,2026-04-14T20:23:38Z
46,283,purchase,2026-04-14T21:19:38Z
46,1445,search,2026-04-14T22:04:38Z
46,298,add_to_cart,2026-04-14T22:32:38Z
46,139,add_to_cart,2026-04-14T22:53:38Z
46,651,click,2026-04-14T23:05:38Z
46,61,add_to_cart,2026-04-14T23:52:38Z
46,848,wishlist,2026-04-15T00:49:38Z
46,908,remove_cart,2026-04-15T01:09:38Z
47,385,view,2026-01-28T16:32:38Z
47,270,wishlist,2026-01-28T16:39:38Z
47,54,view,2026-01-28T16:51:38Z
47,1254,click,2026-01-28T17:40:38Z
47,547,add_to_cart,2026-01-28T18:20:38Z
47,476,purchase,2026-01-28T18:59:38Z
47,54,purchase,2026-01-28T19:43:38Z
47,1410,wishlist,2026-01-28T19:49:38Z
47,1029,checkout,2026-01-28T19:58:38Z
47,1331,checkout,2026-01-28T20:44:38Z
47,794,wishlist,2026-01-28T20:56:38Z
47,282,checkout,2026-01-28T21:27:38Z
47,464,add_to_cart,2026-01-28T21:40:38Z
47,31,view,2026-01-28T22:07:38Z
47,456,search,2026-01-28T22:34:38Z
47,419,purchase,2026-01-28T23:23:38Z
47,900,click,2026-01-28T23:35:38Z
47,666,checkout,2026-01-29T00:20:38Z
47,506,checkout,2026-01-29T01:17:38Z
47,86,remove_cart,2026-01-29T01:43:38Z
47,641,remove_cart,2026-01-29T02:30:38Z
47,1172,remove_cart,2026-01-29T03:10:38Z
47,224,view,2026-01-29T03:44:38Z
47,87,checkout,2026-01-29T04:14:38Z
47,1102,purchase,2026-01-29T04:48:38Z
47,81,remove_cart,2026-01-29T05:36:38Z
47,1292,remove_cart,2026-01-29T06:10:38Z
47,597,view,2026-01-29T06:23:38Z
47,624,checkout,2026-01-29T06:49:38Z
47,341,search,2026-01-29T07:19:38Z
47,1256,remove_cart,2026-01-29T07:38:38Z
47,1059,view,2026-01-29T08:23:38Z
47,1324,add_to_cart,2026-01-29T08:53:38Z
47,1480,checkout,2026-01-29T08:59:38Z
47,1199,click,2026-01-29T09:11:38Z
47,847,add_to_cart,2026-01-29T09:37:38Z
47,52,wishlist,2026-01-29T10:06:38Z
47,1209,add_to_cart,2026-01-29T10:36:38Z
47,932,purchase,2026-01-29T11:33:38Z
47,664,click,2026-01-29T11:50:38Z
47,254,add_to_cart,2026-01-29T12:36:38Z
47,1447,click,2026-01-29T12:44:38Z
47,744,checkout,2026-01-29T13:25:38Z
47,1449,click,2026-01-29T13:59:38Z
47,1048,remove_cart,2026-01-29T14:46:38Z
47,1128,add_to_cart,2026-01-29T15:11:38Z
47,350,remove_cart,2026-01-29T15:14:38Z
47,1351,wishlist,2026-01-29T15:51:38Z
47,297,add_to_cart,2026-01-29T16:02:38Z
47,1459,add_to_cart,2026-01-29T16:52:38Z
47,631,view,2026-01-29T17:19:38Z
47,914,search,2026-01-29T18:06:38Z
47,371,search,2026-01-29T18:47:38Z
47,270,click,2026-01-29T19:45:38Z
47,1276,purchase,2026-01-29T19:46:38Z
47,940,search,2026-01-29T19:47:38Z
47,1022,checkout,2026-01-29T20:42:38Z
47,1011,view,2026-01-29T21:21:38Z
47,1206,purchase,2026-01-29T21:35:38Z
47,840,checkout,2026-01-29T22:05:38Z
47,1232,checkout,2026-01-29T22:11:38Z
47,1121,view,2026-01-29T22:27:38Z
47,1288,search,2026-01-29T23:07:38Z
47,379,purchase,2026-01-29T23:11:38Z
47,1338,add_to_cart,2026-01-29T23:15:38Z
47,298,wishlist,2026-01-29T23:18:38Z
47,1184,view,2026-01-30T00:01:38Z
48,180,view,2026-02-01T16:44:38Z
48,224,wishlist,2026-02-01T16:48:38Z
48,366,view,2026-02-01T17:15:38Z
48,1377,click,2026-02-01T17:26:38Z
48,1252,add_to_cart,2026-02-01T17:45:38Z
48,1186,add_to_cart,2026-02-01T18:15:38Z
48,74,wishlist,2026-02-01T19:15:38Z
48,613,click,2026-02-01T20:05:38Z
48,777,wishlist,2026-02-01T20:29:38Z
48,876,click,2026-02-01T21:18:38Z
48,965,click,2026-02-01T21:37:38Z
48,1423,add_to_cart,2026-02-01T21:45:38Z
48,1080,search,2026-02-01T22:07:38Z
48,430,remove_cart,2026-02-01T22:41:38Z
48,120,purchase,2026-02-01T23:21:38Z
48,1495,click,2026-02-01T23:58:38Z
48,1483,click,2026-02-02T00:29:38Z
48,1247,search,2026-02-02T00:57:38Z
48,1077,wishlist,2026-02-02T01:14:38Z
48,266,wishlist,2026-02-02T02:14:38Z
48,1494,checkout,2026-02-02T02:48:38Z
48,369,checkout,2026-02-02T03:20:38Z
48,595,purchase,2026-02-02T04:06:38Z
48,243,purchase,2026-02-02T04:07:38Z
48,1281,view,2026-02-02T04:37:38Z
48,425,click,2026-02-02T05:25:38Z
48,94,remove_cart,2026-02-02T05:52:38Z
48,1148,wishlist,2026-02-02T06:15:38Z
48,1312,purchase,2026-02-02T06:16:38Z
48,577,purchase,2026-02-02T07:01:38Z
48,139,search,2026-02-02T07:52:38Z
48,1038,search,2026-02-02T08:12:38Z
48,13,wishlist,2026-02-02T09:02:38Z
48,683,click,2026-02-02T09:46:38Z
48,1484,wishlist,2026-02-02T10:12:38Z
48,360,view,2026-02-02T11:06:38Z
48,693,purchase,2026-02-02T11:28:38Z
48,972,checkout,2026-02-02T12:27:38Z
48,279,view,2026-02-02T13:09:38Z
48,1285,checkout,2026-02-02T13:19:38Z
48,1100,checkout,2026-02-02T14:17:38Z
48,848,wishlist,2026-02-02T14:47:38Z
48,1068,view,2026-02-02T15:41:38Z
48,1485,search,2026-02-02T16:18:38Z
48,1098,wishlist,2026-02-02T16:54:38Z
48,1183,view,2026-02-02T17:08:38Z
48,725,wishlist,2026-02-02T18:00:38Z
48,575,click,2026-02-02T18:10:38Z
48,769,view,2026-02-02T18:32:38Z
48,1241,add_to_cart,2026-02-02T19:09:38Z
48,1219,remove_cart,2026-02-02T19:21:38Z
48,632,click,2026-02-02T20:17:38Z
48,65,wishlist,2026-02-02T21:03:38Z
48,178,search,2026-02-02T21:30:38Z
48,487,checkout,2026-02-02T22:27:38Z
48,620,wishlist,2026-02-02T22:56:38Z
48,620,purchase,2026-02-02T23:30:38Z
48,767,add_to_cart,2026-02-02T23:38:38Z
48,414,view,2026-02-03T00:28:38Z
48,1037,click,2026-02-03T00:57:38Z
48,989,view,2026-02-03T01:49:38Z
48,697,add_to_cart,2026-02-03T02:02:38Z
48,1073,checkout,2026-02-03T02:49:38Z
48,671,search,2026-02-03T03:39:38Z
48,202,add_to_cart,2026-02-03T04:29:38Z
48,1484,add_to_cart,2026-02-03T04:43:38Z
48,794,view,2026-02-03T05:13:38Z
48,637,click,2026-02-03T05:14:38Z
48,1218,view,2026-02-03T05:58:38Z
48,957,click,2026-02-03T06:20:38Z
48,1067,view,2026-02-03T06:27:38Z
48,1183,search,2026-02-03T06:29:38Z
48,430,search,2026-02-03T07:10:38Z
49,567,search,2026-03-25T16:41:38Z
49,654,view,2026-03-25T17:16:38Z
49,904,click,2026-03-25T18:06:38Z
49,306,click,2026-03-25T18:24:38Z
49,235,add_to_cart,2026-03-25T18:42:38Z
49,1147,view,2026-03-25T19:22:38Z
49,1112,click,2026-03-25T19:36:38Z
49,653,wishlist,2026-03-25T20:12:38Z
49,1443,search,2026-03-25T20:22:38Z
49,502,search,2026-03-25T20:59:38Z
49,638,add_to_cart,2026-03-25T21:04:38Z
49,909,wishlist,2026-03-25T21:39:38Z
49,60,view,2026-03-25T21:48:38Z
49,1384,checkout,2026-03-25T22:46:38Z
49,786,view,2026-03-25T22:53:38Z
49,874,view,2026-03-25T22:59:38Z
49,1444,remove_cart,2026-03-25T23:11:38Z
49,729,checkout,2026-03-25T23:51:38Z
49,406,search,2026-03-26T00:13:38Z
49,954,click,2026-03-26T01:13:38Z
49,1431,add_to_cart,2026-03-26T01:19:38Z
49,934,checkout,2026-03-26T01:26:38Z
49,1320,search,2026-03-26T02:10:38Z
49,475,checkout,2026-03-26T02:41:38Z
49,1264,purchase,2026-03-26T02:51:38Z
49,745,search,2026-03-26T03:50:38Z
49,1433,remove_cart,2026-03-26T04:02:38Z
49,666,wishlist,2026-03-26T04:53:38Z
49,62,checkout,2026-03-26T05:25:38Z
49,232,click,2026-03-26T05:56:38Z
49,945,wishlist,2026-03-26T06:27:38Z
49,714,add_to_cart,2026-03-26T06:46:38Z
49,211,add_to_cart,2026-03-26T07:19:38Z
49,1463,remove_cart,2026-03-26T08:12:38Z
49,1139,click,2026-03-26T08:33:38Z
49,619,click,2026-03-26T09:24:38Z
49,1210,checkout,2026-03-26T09:50:38Z
49,1272,remove_cart,2026-03-26T10:06:38Z
49,326,purchase,2026-03-26T10:42:38Z
49,136,checkout,2026-03-26T11:07:38Z
50,892,view,2026-03-24T17:13:38Z
50,701,click,2026-03-24T17:50:38Z
50,1422,add_to_cart,2026-03-24T18:25:38Z
50,355,remove_cart,2026-03-24T18:41:38Z
50,1372,view,2026-03-24T19:24:38Z
50,1458,click,2026-03-24T20:12:38Z
50,1213,checkout,2026-03-24T20:20:38Z
50,1137,checkout,2026-03-24T20:41:38Z
50,912,click,2026-03-24T21:34:38Z
50,832,add_to_cart,2026-03-24T21:54:38Z
50,223,click,2026-03-24T22:33:38Z
50,1013,remove_cart,2026-03-24T22:54:38Z
50,446,view,2026-03-24T23:00:38Z
50,1190,add_to_cart,2026-03-24T23:57:38Z
50,301,view,2026-03-25T00:46:38Z
50,1089,add_to_cart,2026-03-25T01:15:38Z
50,1261,search,2026-03-25T01:40:38Z
50,422,checkout,2026-03-25T01:53:38Z
50,1168,wishlist,2026-03-25T02:13:38Z
50,891,search,2026-03-25T03:12:38Z
50,1194,wishlist,2026-03-25T03:18:38Z
50,1046,view,2026-03-25T03:58:38Z
50,262,remove_cart,2026-03-25T04:53:38Z
50,757,search,2026-03-25T04:57:38Z
50,1441,view,2026-03-25T04:58:38Z
50,578,wishlist,2026-03-25T05:06:38Z
50,885,view,2026-03-25T05:22:38Z
50,652,remove_cart,2026-03-25T06:03:38Z
50,782,remove_cart,2026-03-25T06:29:38Z
50,433,remove_cart,2026-03-25T07:04:38Z
50,285,add_to_cart,2026-03-25T07:35:38Z
50,788,purchase,2026-03-25T08:11:38Z
50,855,wishlist,2026-03-25T09:05:38Z
50,1373,add_to_cart,2026-03-25T09:24:38Z
50,24,add_to_cart,2026-03-25T09:33:38Z
50,33,click,2026-03-25T10:15:38Z
50,997,add_to_cart,2026-03-25T11:02:38Z
50,174,remove_cart,2026-03-25T11:11:38Z
50,852,add_to_cart,2026-03-25T11:53:38Z
50,1425,checkout,2026-03-25T12:51:38Z
50,369,remove_cart,2026-03-25T13:31:38Z
51,922,view,2026-02-13T16:58:38Z
51,728,click,2026-02-13T17:23:38Z
51,381,add_to_cart,2026-02-13T17:38:38Z
51,1239,remove_cart,2026-02-13T18:06:38Z
51,1184,view,2026-02-13T18:07:38Z
51,1497,checkout,2026-02-13T19:02:38Z
51,1028,purchase,2026-02-13T19:48:38Z
51,1119,search,2026-02-13T20:15:38Z
51,78,wishlist,2026-02-13T20:18:38Z
51,755,checkout,2026-02-13T21:04:38Z
51,987,click,2026-02-13T21:42:38Z
51,1496,click,2026-02-13T21:52:38Z
51,1059,search,2026-02-13T22:22:38Z
51,1250,click,2026-02-13T22:56:38Z
51,968,click,2026-02-13T23:12:38Z
51,1298,click,2026-02-13T23:56:38Z
51,109,search,2026-02-14T00:36:38Z
51,23,wishlist,2026-02-14T01:11:38Z
51,1050,checkout,2026-02-14T01:41:38Z
51,679,checkout,2026-02-14T02:18:38Z
51,604,remove_cart,2026-02-14T02:41:38Z
51,73,search,2026-02-14T02:52:38Z
51,1155,search,2026-02-14T03:39:38Z
51,1289,search,2026-02-14T03:43:38Z
51,347,checkout,2026-02-14T04:21:38Z
51,598,view,2026-02-14T05:04:38Z
51,993,view,2026-02-14T05:23:38Z
51,1036,click,2026-02-14T05:32:38Z
51,570,click,2026-02-14T06:27:38Z
51,1262,search,2026-02-14T06:36:38Z
51,527,search,2026-02-14T06:54:38Z
51,229,view,2026-02-14T07:42:38Z
51,1212,add_to_cart,2026-02-14T08:41:38Z
51,915,add_to_cart,2026-02-14T09:24:38Z
51,360,wishlist,2026-02-14T10:16:38Z
51,1436,search,2026-02-14T11:07:38Z
51,371,purchase,2026-02-14T11:39:38Z
51,173,view,2026-02-14T12:01:38Z
51,316,add_to_cart,2026-02-14T12:40:38Z
51,846,checkout,2026-02-14T13:29:38Z
51,1354,remove_cart,2026-02-14T13:45:38Z
51,1306,checkout,2026-02-14T14:32:38Z
51,1184,add_to_cart,2026-02-14T14:46:38Z
51,1316,wishlist,2026-02-14T14:50:38Z
51,238,search,2026-02-14T15:39:38Z
51,951,view,2026-02-14T15:50:38Z
51,618,remove_cart,2026-02-14T16:21:38Z
51,1091,checkout,2026-02-14T17:09:38Z
51,1400,purchase,2026-02-14T17:34:38Z
52,298,view,2026-03-01T16:39:38Z
52,891,click,2026-03-01T17:13:38Z
52,592,add_to_cart,2026-03-01T17:14:38Z
52,920,remove_cart,2026-03-01T18:14:38Z
52,1390,view,2026-03-01T18:39:38Z
52,1399,wishlist,2026-03-01T19:13:38Z
52,1089,view,2026-03-01T19:20:38Z
52,885,wishlist,2026-03-01T20:15:38Z
52,554,search,2026-03-01T20:37:38Z
52,202,search,2026-03-01T21:29:38Z
52,1197,search,2026-03-01T22:11:38Z
52,1383,remove_cart,2026-03-01T22:41:38Z
52,1377,purchase,2026-03-01T23:28:38Z
52,692,purchase,2026-03-02T00:02:38Z
52,1122,add_to_cart,2026-03-02T00:23:38Z
52,18,view,2026-03-02T01:07:38Z
52,843,click,2026-03-02T01:08:38Z
52,213,click,2026-03-02T01:42:38Z
52,450,checkout,2026-03-02T02:05:38Z
52,396,search,2026-03-02T02:22:38Z
52,1269,view,2026-03-02T02:24:38Z
52,1217,click,2026-03-02T02:28:38Z
52,1307,purchase,2026-03-02T03:07:38Z
52,246,click,2026-03-02T03:53:38Z
52,1239,click,2026-03-02T04:48:38Z
52,1345,add_to_cart,2026-03-02T05:13:38Z
52,228,add_to_cart,2026-03-02T06:11:38Z
52,604,add_to_cart,2026-03-02T06:28:38Z
52,156,checkout,2026-03-02T07:11:38Z
52,567,checkout,2026-03-02T08:11:38Z
52,1368,remove_cart,2026-03-02T08:56:38Z
52,332,wishlist,2026-03-02T09:13:38Z
52,128,click,2026-03-02T09:31:38Z
52,682,remove_cart,2026-03-02T09:56:38Z
52,543,view,2026-03-02T10:13:38Z
52,143,add_to_cart,2026-03-02T10:42:38Z
52,411,checkout,2026-03-02T11:42:38Z
52,1322,remove_cart,2026-03-02T11:54:38Z
52,295,checkout,2026-03-02T12:01:38Z
52,1258,remove_cart,2026-03-02T12:15:38Z
52,905,click,2026-03-02T13:14:38Z
52,72,search,2026-03-02T13:21:38Z
52,1171,click,2026-03-02T13:26:38Z
52,914,search,2026-03-02T14:16:38Z
52,1020,view,2026-03-02T15:14:38Z
52,1312,add_to_cart,2026-03-02T15:56:38Z
52,78,view,2026-03-02T16:56:38Z
52,311,remove_cart,2026-03-02T17:14:38Z
52,802,wishlist,2026-03-02T18:12:38Z
52,1450,view,2026-03-02T18:45:38Z
52,894,checkout,2026-03-02T19:16:38Z
52,1491,remove_cart,2026-03-02T20:11:38Z
52,463,click,2026-03-02T20:46:38Z
52,1412,view,2026-03-02T21:11:38Z
52,1162,checkout,2026-03-02T21:19:38Z
52,1397,wishlist,2026-03-02T21:41:38Z
52,114,search,2026-03-02T22:07:38Z
52,1095,click,2026-03-02T22:31:38Z
52,942,wishlist,2026-03-02T22:37:38Z
52,416,search,2026-03-02T23:19:38Z
52,81,add_to_cart,2026-03-02T23:55:38Z
52,392,remove_cart,2026-03-03T00:38:38Z
52,799,search,2026-03-03T01:23:38Z
52,1411,click,2026-03-03T02:04:38Z
52,174,wishlist,2026-03-03T02:36:38Z
53,389,view,2026-01-29T17:10:38Z
53,74,click,2026-01-29T17:19:38Z
53,52,add_to_cart,2026-01-29T17:32:38Z
53,1215,remove_cart,2026-01-29T18:19:38Z
53,1002,view,2026-01-29T18:35:38Z
53,1108,remove_cart,2026-01-29T18:40:38Z
53,1094,search,2026-01-29T19:12:38Z
53,76,checkout,2026-01-29T19:14:38Z
53,692,wishlist,2026-01-29T19:18:38Z
53,243,view,2026-01-29T19:44:38Z
53,1340,purchase,2026-01-29T20:36:38Z
53,1099,checkout,2026-01-29T21:20:38Z
53,1187,add_to_cart,2026-01-29T22:08:38Z
53,148,purchase,2026-01-29T23:08:38Z
53,290,view,2026-01-29T23:56:38Z
53,40,checkout,2026-01-30T00:38:38Z
53,1267,checkout,2026-01-30T01:37:38Z
53,1437,view,2026-01-30T01:53:38Z
53,353,add_to_cart,2026-01-30T01:54:38Z
53,630,view,2026-01-30T02:52:38Z
53,1252,click,2026-01-30T03:22:38Z
53,1211,add_to_cart,2026-01-30T04:16:38Z
53,218,click,2026-01-30T05:09:38Z
53,1219,click,2026-01-30T05:41:38Z
53,416,purchase,2026-01-30T05:46:38Z
53,1390,remove_cart,2026-01-30T06:08:38Z
53,248,remove_cart,2026-01-30T06:29:38Z
53,437,add_to_cart,2026-01-30T06:50:38Z
53,356,view,2026-01-30T07:28:38Z
53,248,wishlist,2026-01-30T07:33:38Z
53,851,search,2026-01-30T07:43:38Z
53,758,add_to_cart,2026-01-30T08:28:38Z
53,499,add_to_cart,2026-01-30T08:57:38Z
53,205,view,2026-01-30T09:06:38Z
53,324,remove_cart,2026-01-30T09:56:38Z
53,998,view,2026-01-30T10:53:38Z
53,15,click,2026-01-30T10:54:38Z
53,183,add_to_cart,2026-01-30T11:54:38Z
53,1421,search,2026-01-30T12:21:38Z
53,260,checkout,2026-01-30T13:06:38Z
53,1311,purchase,2026-01-30T13:16:38Z
53,923,search,2026-01-30T13:50:38Z
53,358,remove_cart,2026-01-30T14:06:38Z
53,369,view,2026-01-30T14:45:38Z
53,181,checkout,2026-01-30T15:25:38Z
53,858,search,2026-01-30T15:48:38Z
53,483,view,2026-01-30T16:24:38Z
53,1086,purchase,2026-01-30T16:32:38Z
53,742,click,2026-01-30T17:12:38Z
53,1283,purchase,2026-01-30T17:42:38Z
53,109,purchase,2026-01-30T18:00:38Z
53,306,purchase,2026-01-30T18:08:38Z
53,362,checkout,2026-01-30T18:40:38Z
53,89,add_to_cart,2026-01-30T19:23:38Z
53,746,view,2026-01-30T20:05:38Z
53,891,search,2026-01-30T20:19:38Z
53,1264,search,2026-01-30T20:41:38Z
53,214,checkout,2026-01-30T20:44:38Z
53,1101,view,2026-01-30T21:44:38Z
53,60,add_to_cart,2026-01-30T21:55:38Z
53,238,checkout,2026-01-30T22:28:38Z
53,482,click,2026-01-30T23:26:38Z
53,1188,checkout,2026-01-31T00:04:38Z
53,408,wishlist,2026-01-31T00:31:38Z
53,226,wishlist,2026-01-31T00:46:38Z
53,201,wishlist,2026-01-31T01:01:38Z
53,845,purchase,2026-01-31T01:49:38Z
53,452,purchase,2026-01-31T02:14:38Z
53,1199,click,2026-01-31T02:45:38Z
53,893,checkout,2026-01-31T02:49:38Z
53,1249,add_to_cart,2026-01-31T03:03:38Z
53,794,checkout,2026-01-31T03:15:38Z
53,938,wishlist,2026-01-31T03:24:38Z
53,735,purchase,2026-01-31T04:05:38Z
53,688,search,2026-01-31T04:18:38Z
53,1418,add_to_cart,2026-01-31T04:21:38Z
54,228,view,2026-04-12T16:31:38Z
54,954,wishlist,2026-04-12T17:26:38Z
54,857,view,2026-04-12T17:56:38Z
54,704,click,2026-04-12T18:07:38Z
54,605,add_to_cart,2026-04-12T18:22:38Z
54,1307,add_to_cart,2026-04-12T19:13:38Z
54,1133,add_to_cart,2026-04-12T19:50:38Z
54,844,purchase,2026-04-12T19:56:38Z
54,444,checkout,2026-04-12T20:52:38Z
54,948,checkout,2026-04-12T21:46:38Z
54,1496,search,2026-04-12T21:47:38Z
54,506,remove_cart,2026-04-12T22:35:38Z
54,890,purchase,2026-04-12T22:56:38Z
54,1212,purchase,2026-04-12T23:54:38Z
54,1175,add_to_cart,2026-04-13T00:53:38Z
54,91,view,2026-04-13T01:20:38Z
54,1033,view,2026-04-13T01:51:38Z
54,1088,view,2026-04-13T02:19:38Z
54,1427,remove_cart,2026-04-13T02:50:38Z
54,1015,click,2026-04-13T03:19:38Z
54,1144,purchase,2026-04-13T03:25:38Z
54,1499,view,2026-04-13T04:10:38Z
54,272,remove_cart,2026-04-13T04:24:38Z
54,490,wishlist,2026-04-13T04:43:38Z
54,983,click,2026-04-13T04:45:38Z
54,1441,search,2026-04-13T04:56:38Z
54,1169,checkout,2026-04-13T05:51:38Z
54,950,view,2026-04-13T06:21:38Z
54,1441,add_to_cart,2026-04-13T07:17:38Z
54,759,remove_cart,2026-04-13T07:29:38Z
54,1298,checkout,2026-04-13T08:15:38Z
54,1285,view,2026-04-13T09:11:38Z
54,1415,click,2026-04-13T09:36:38Z
54,67,wishlist,2026-04-13T10:10:38Z
54,553,search,2026-04-13T10:38:38Z
54,1403,purchase,2026-04-13T11:29:38Z
54,688,click,2026-04-13T12:09:38Z
54,1382,view,2026-04-13T12:42:38Z
54,106,wishlist,2026-04-13T13:39:38Z
54,749,click,2026-04-13T14:04:38Z
54,84,checkout,2026-04-13T14:44:38Z
54,359,wishlist,2026-04-13T15:08:38Z
54,1453,click,2026-04-13T15:44:38Z
54,686,purchase,2026-04-13T15:53:38Z
54,233,purchase,2026-04-13T16:28:38Z
54,1189,checkout,2026-04-13T17:16:38Z
54,462,purchase,2026-04-13T18:05:38Z
54,548,wishlist,2026-04-13T18:28:38Z
54,112,remove_cart,2026-04-13T18:46:38Z
54,708,click,2026-04-13T19:10:38Z
54,1027,checkout,2026-04-13T19:42:38Z
54,1454,click,2026-04-13T20:13:38Z
54,1272,search,2026-04-13T20:42:38Z
54,1379,wishlist,2026-04-13T21:34:38Z
54,938,click,2026-04-13T21:47:38Z
54,801,click,2026-04-13T21:53:38Z
55,224,view,2026-03-28T16:27:38Z
55,566,wishlist,2026-03-28T16:38:38Z
55,1428,view,2026-03-28T16:46:38Z
55,1017,click,2026-03-28T16:56:38Z
55,419,add_to_cart,2026-03-28T17:06:38Z
55,854,view,2026-03-28T17:25:38Z
55,711,add_to_cart,2026-03-28T17:56:38Z
55,1321,remove_cart,2026-03-28T18:25:38Z
55,388,view,2026-03-28T18:44:38Z
55,476,click,2026-03-28T18:46:38Z
55,1186,wishlist,2026-03-28T19:13:38Z
55,1324,wishlist,2026-03-28T19:55:38Z
55,1216,wishlist,2026-03-28T20:27:38Z
55,623,checkout,2026-03-28T20:57:38Z
55,628,add_to_cart,2026-03-28T21:55:38Z
55,533,add_to_cart,2026-03-28T22:46:38Z
55,762,purchase,2026-03-28T23:17:38Z
55,97,search,2026-03-29T00:07:38Z
55,583,add_to_cart,2026-03-29T00:30:38Z
55,1267,checkout,2026-03-29T00:41:38Z
55,1097,add_to_cart,2026-03-29T01:27:38Z
55,360,search,2026-03-29T01:39:38Z
55,488,add_to_cart,2026-03-29T01:50:38Z
55,649,click,2026-03-29T01:53:38Z
55,534,add_to_cart,2026-03-29T02:22:38Z
55,421,wishlist,2026-03-29T02:34:38Z
55,650,view,2026-03-29T03:17:38Z
55,764,wishlist,2026-03-29T03:27:38Z
55,333,checkout,2026-03-29T04:02:38Z
55,52,search,2026-03-29T04:10:38Z
55,1023,remove_cart,2026-03-29T05:10:38Z
55,656,add_to_cart,2026-03-29T05:40:38Z
55,1119,add_to_cart,2026-03-29T05:41:38Z
55,1445,wishlist,2026-03-29T06:23:38Z
55,594,search,2026-03-29T06:54:38Z
55,1158,add_to_cart,2026-03-29T07:46:38Z
55,1412,checkout,2026-03-29T08:08:38Z
55,981,click,2026-03-29T08:55:38Z
55,1389,view,2026-03-29T09:04:38Z
55,51,click,2026-03-29T09:24:38Z
55,452,remove_cart,2026-03-29T10:04:38Z
55,190,checkout,2026-03-29T10:27:38Z
55,1246,wishlist,2026-03-29T10:31:38Z
55,1079,purchase,2026-03-29T11:09:38Z
55,570,purchase,2026-03-29T12:00:38Z
55,172,purchase,2026-03-29T12:02:38Z
55,1376,checkout,2026-03-29T12:46:38Z
55,808,click,2026-03-29T13:19:38Z
55,651,purchase,2026-03-29T13:51:38Z
55,1366,view,2026-03-29T14:50:38Z
55,303,wishlist,2026-03-29T15:16:38Z
55,791,remove_cart,2026-03-29T15:40:38Z
55,583,wishlist,2026-03-29T15:41:38Z
55,631,wishlist,2026-03-29T16:04:38Z
55,1149,checkout,2026-03-29T17:00:38Z
55,1491,click,2026-03-29T17:14:38Z
55,852,checkout,2026-03-29T18:02:38Z
55,336,checkout,2026-03-29T18:21:38Z
55,849,remove_cart,2026-03-29T19:08:38Z
55,1203,add_to_cart,2026-03-29T20:02:38Z
55,426,click,2026-03-29T20:12:38Z
55,1076,search,2026-03-29T20:43:38Z
55,1210,wishlist,2026-03-29T20:48:38Z
55,14,remove_cart,2026-03-29T20:54:38Z
55,560,remove_cart,2026-03-29T21:35:38Z
55,1139,remove_cart,2026-03-29T21:47:38Z
55,1164,checkout,2026-03-29T22:33:38Z
55,381,add_to_cart,2026-03-29T22:46:38Z
55,1135,remove_cart,2026-03-29T23:05:38Z
55,619,checkout,2026-03-29T23:08:38Z
55,1146,search,2026-03-29T23:40:38Z
55,55,checkout,2026-03-29T23:55:38Z
55,538,view,2026-03-30T00:05:38Z
55,1304,search,2026-03-30T00:46:38Z
55,1340,checkout,2026-03-30T00:54:38Z
55,368,search,2026-03-30T01:21:38Z
55,1409,checkout,2026-03-30T02:20:38Z
56,568,view,2026-03-19T16:30:38Z
56,137,click,2026-03-19T17:02:38Z
56,741,add_to_cart,2026-03-19T17:41:38Z
56,985,checkout,2026-03-19T18:19:38Z
56,894,purchase,2026-03-19T18:56:38Z
56,1405,search,2026-03-19T19:37:38Z
56,245,checkout,2026-03-19T20:22:38Z
56,1179,wishlist,2026-03-19T20:55:38Z
56,532,view,2026-03-19T21:50:38Z
56,120,add_to_cart,2026-03-19T22:28:38Z
56,945,add_to_cart,2026-03-19T22:49:38Z
56,335,add_to_cart,2026-03-19T23:12:38Z
56,740,view,2026-03-19T23:30:38Z
56,730,remove_cart,2026-03-20T00:11:38Z
56,598,view,2026-03-20T00:30:38Z
56,397,click,2026-03-20T01:03:38Z
56,194,add_to_cart,2026-03-20T01:52:38Z
56,661,add_to_cart,2026-03-20T02:27:38Z
56,1403,wishlist,2026-03-20T03:20:38Z
56,1404,search,2026-03-20T03:38:38Z
56,1095,wishlist,2026-03-20T03:45:38Z
56,295,wishlist,2026-03-20T04:38:38Z
56,1062,view,2026-03-20T04:47:38Z
56,994,search,2026-03-20T05:11:38Z
56,334,remove_cart,2026-03-20T05:33:38Z
56,317,click,2026-03-20T05:47:38Z
56,386,purchase,2026-03-20T06:41:38Z
56,944,click,2026-03-20T07:08:38Z
56,269,click,2026-03-20T07:16:38Z
56,714,view,2026-03-20T07:47:38Z
56,743,search,2026-03-20T08:32:38Z
56,906,add_to_cart,2026-03-20T09:25:38Z
56,1454,wishlist,2026-03-20T09:37:38Z
56,243,search,2026-03-20T09:39:38Z
56,1422,purchase,2026-03-20T09:48:38Z
56,465,add_to_cart,2026-03-20T10:33:38Z
56,430,search,2026-03-20T10:42:38Z
56,871,add_to_cart,2026-03-20T10:48:38Z
56,39,click,2026-03-20T10:53:38Z
56,884,checkout,2026-03-20T11:42:38Z
56,221,view,2026-03-20T11:55:38Z
56,1352,view,2026-03-20T12:46:38Z
56,244,view,2026-03-20T13:17:38Z
56,136,search,2026-03-20T13:20:38Z
56,22,search,2026-03-20T14:03:38Z
56,254,click,2026-03-20T14:54:38Z
56,410,purchase,2026-03-20T15:32:38Z
56,720,add_to_cart,2026-03-20T16:15:38Z
56,299,view,2026-03-20T16:21:38Z
56,713,search,2026-03-20T16:59:38Z
56,1026,wishlist,2026-03-20T17:10:38Z
56,1168,purchase,2026-03-20T17:43:38Z
56,1185,click,2026-03-20T17:50:38Z
56,445,view,2026-03-20T18:24:38Z
56,352,purchase,2026-03-20T18:43:38Z
56,203,view,2026-03-20T19:30:38Z
56,1033,purchase,2026-03-20T20:29:38Z
56,1430,checkout,2026-03-20T20:53:38Z
56,1380,add_to_cart,2026-03-20T21:22:38Z
56,727,click,2026-03-20T21:34:38Z
56,439,remove_cart,2026-03-20T22:02:38Z
57,644,view,2026-03-21T16:30:38Z
57,955,click,2026-03-21T16:38:38Z
57,1065,add_to_cart,2026-03-21T16:46:38Z
57,1016,remove_cart,2026-03-21T16:55:38Z
57,740,view,2026-03-21T17:44:38Z
57,1479,search,2026-03-21T18:20:38Z
57,672,view,2026-03-21T18:26:38Z
57,789,checkout,2026-03-21T18:34:38Z
57,1230,search,2026-03-21T19:04:38Z
57,910,search,2026-03-21T19:48:38Z
57,835,purchase,2026-03-21T20:24:38Z
57,877,search,2026-03-21T21:19:38Z
57,143,purchase,2026-03-21T22:14:38Z
57,753,checkout,2026-03-21T22:58:38Z
57,1381,add_to_cart,2026-03-21T22:59:38Z
57,216,checkout,2026-03-21T23:43:38Z
57,1071,remove_cart,2026-03-22T00:12:38Z
57,294,click,2026-03-22T00:20:38Z
57,1424,remove_cart,2026-03-22T00:46:38Z
57,346,click,2026-03-22T01:34:38Z
57,408,click,2026-03-22T01:58:38Z
57,1219,wishlist,2026-03-22T02:11:38Z
57,477,remove_cart,2026-03-22T02:19:38Z
57,1023,remove_cart,2026-03-22T03:06:38Z
57,1462,search,2026-03-22T03:55:38Z
57,1319,search,2026-03-22T04:44:38Z
57,975,remove_cart,2026-03-22T05:07:38Z
57,1048,remove_cart,2026-03-22T05:39:38Z
57,932,search,2026-03-22T05:49:38Z
57,514,click,2026-03-22T05:57:38Z
57,473,checkout,2026-03-22T06:29:38Z
57,204,add_to_cart,2026-03-22T06:31:38Z
57,140,view,2026-03-22T07:25:38Z
57,55,checkout,2026-03-22T08:09:38Z
57,1239,add_to_cart,2026-03-22T08:34:38Z
57,621,wishlist,2026-03-22T08:44:38Z
57,157,click,2026-03-22T09:33:38Z
57,955,checkout,2026-03-22T10:24:38Z
57,1356,purchase,2026-03-22T10:43:38Z
57,1034,checkout,2026-03-22T11:15:38Z
57,704,search,2026-03-22T11:50:38Z
57,65,view,2026-03-22T12:39:38Z
57,244,remove_cart,2026-03-22T13:36:38Z
57,645,remove_cart,2026-03-22T14:05:38Z
57,942,remove_cart,2026-03-22T14:34:38Z
57,363,view,2026-03-22T14:37:38Z
57,1447,search,2026-03-22T15:34:38Z
57,883,add_to_cart,2026-03-22T16:06:38Z
57,1466,add_to_cart,2026-03-22T16:26:38Z
57,225,remove_cart,2026-03-22T16:58:38Z
57,1135,checkout,2026-03-22T17:41:38Z
57,1152,checkout,2026-03-22T18:12:38Z
58,540,view,2026-03-30T16:48:38Z
58,1211,click,2026-03-30T17:20:38Z
58,1264,add_to_cart,2026-03-30T17:45:38Z
58,723,checkout,2026-03-30T18:29:38Z
58,583,purchase,2026-03-30T19:19:38Z
58,58,wishlist,2026-03-30T19:23:38Z
58,751,view,2026-03-30T19:32:38Z
58,1196,wishlist,2026-03-30T20:24:38Z
58,1281,view,2026-03-30T21:13:38Z
58,200,wishlist,2026-03-30T21:38:38Z
58,732,remove_cart,2026-03-30T22:01:38Z
58,116,remove_cart,2026-03-30T22:24:38Z
58,481,purchase,2026-03-30T22:40:38Z
58,174,search,2026-03-30T23:18:38Z
58,625,click,2026-03-31T00:14:38Z
58,348,click,2026-03-31T00:36:38Z
58,668,view,2026-03-31T01:11:38Z
58,1348,view,2026-03-31T01:41:38Z
58,1055,remove_cart,2026-03-31T02:18:38Z
58,42,remove_cart,2026-03-31T02:36:38Z
58,46,checkout,2026-03-31T03:14:38Z
58,1169,wishlist,2026-03-31T03:39:38Z
58,1173,remove_cart,2026-03-31T04:00:38Z
58,1001,click,2026-03-31T04:52:38Z
58,1383,click,2026-03-31T05:37:38Z
58,1018,purchase,2026-03-31T05:59:38Z
58,1260,wishlist,2026-03-31T06:10:38Z
58,893,search,2026-03-31T06:34:38Z
58,1302,purchase,2026-03-31T07:06:38Z
58,1098,click,2026-03-31T08:00:38Z
58,544,purchase,2026-03-31T08:19:38Z
58,1175,view,2026-03-31T08:39:38Z
58,463,remove_cart,2026-03-31T09:31:38Z
58,1185,click,2026-03-31T10:17:38Z
58,690,click,2026-03-31T10:55:38Z
58,1161,search,2026-03-31T11:00:38Z
58,430,checkout,2026-03-31T11:28:38Z
58,158,wishlist,2026-03-31T12:19:38Z
58,615,search,2026-03-31T12:52:38Z
58,1106,remove_cart,2026-03-31T13:35:38Z
58,849,wishlist,2026-03-31T13:48:38Z
58,1280,remove_cart,2026-03-31T14:05:38Z
58,1122,checkout,2026-03-31T14:48:38Z
58,39,add_to_cart,2026-03-31T15:45:38Z
58,1023,add_to_cart,2026-03-31T16:22:38Z
58,958,purchase,2026-03-31T17:05:38Z
58,1307,search,2026-03-31T18:05:38Z
58,1160,remove_cart,2026-03-31T19:05:38Z
58,411,view,2026-03-31T19:39:38Z
58,303,wishlist,2026-03-31T20:09:38Z
58,1404,purchase,2026-03-31T20:19:38Z
58,892,search,2026-03-31T21:14:38Z
58,132,remove_cart,2026-03-31T21:35:38Z
58,845,purchase,2026-03-31T22:30:38Z
58,588,search,2026-03-31T23:23:38Z
58,1407,add_to_cart,2026-03-31T23:40:38Z
58,489,purchase,2026-04-01T00:06:38Z
58,394,click,2026-04-01T00:16:38Z
58,636,view,2026-04-01T00:32:38Z
58,1147,checkout,2026-04-01T01:04:38Z
58,1325,remove_cart,2026-04-01T01:32:38Z
58,327,view,2026-04-01T01:45:38Z
58,60,search,2026-04-01T01:54:38Z
58,569,search,2026-04-01T02:45:38Z
58,87,add_to_cart,2026-04-01T03:27:38Z
58,41,checkout,2026-04-01T04:18:38Z
58,172,view,2026-04-01T05:14:38Z
58,611,wishlist,2026-04-01T05:53:38Z
58,834,click,2026-04-01T06:51:38Z
58,1347,wishlist,2026-04-01T07:34:38Z
58,1484,click,2026-04-01T08:00:38Z
58,230,add_to_cart,2026-04-01T08:16:38Z
58,1361,click,2026-04-01T08:50:38Z
58,185,search,2026-04-01T09:22:38Z
59,642,view,2026-02-02T17:12:38Z
59,1197,click,2026-02-02T17:34:38Z
59,799,add_to_cart,2026-02-02T18:22:38Z
59,484,checkout,2026-02-02T19:14:38Z
59,867,purchase,2026-02-02T20:14:38Z
59,219,purchase,2026-02-02T20:24:38Z
59,563,add_to_cart,2026-02-02T20:38:38Z
59,521,checkout,2026-02-02T21:05:38Z
59,1093,view,2026-02-02T21:37:38Z
59,232,wishlist,2026-02-02T22:22:38Z
59,868,wishlist,2026-02-02T22:57:38Z
59,505,checkout,2026-02-02T23:41:38Z
59,297,search,2026-02-03T00:38:38Z
59,1466,wishlist,2026-02-03T01:09:38Z
59,632,wishlist,2026-02-03T02:02:38Z
59,1241,view,2026-02-03T02:44:38Z
59,1357,view,2026-02-03T03:38:38Z
59,1376,view,2026-02-03T04:23:38Z
59,1132,purchase,2026-02-03T04:40:38Z
59,1309,remove_cart,2026-02-03T05:00:38Z
59,1404,wishlist,2026-02-03T05:58:38Z
59,485,click,2026-02-03T06:33:38Z
59,17,checkout,2026-02-03T06:58:38Z
59,524,remove_cart,2026-02-03T07:58:38Z
59,483,search,2026-02-03T08:04:38Z
59,329,search,2026-02-03T08:18:38Z
59,650,checkout,2026-02-03T08:59:38Z
59,70,remove_cart,2026-02-03T09:50:38Z
59,165,search,2026-02-03T10:46:38Z
59,846,checkout,2026-02-03T11:17:38Z
59,866,wishlist,2026-02-03T12:03:38Z
59,329,click,2026-02-03T12:56:38Z
59,136,search,2026-02-03T13:29:38Z
59,1234,wishlist,2026-02-03T13:56:38Z
59,1424,wishlist,2026-02-03T14:26:38Z
60,909,search,2026-04-13T17:03:38Z
60,1313,view,2026-04-13T17:54:38Z
60,7,click,2026-04-13T18:03:38Z
60,1287,remove_cart,2026-04-13T18:16:38Z
60,1180,search,2026-04-13T18:37:38Z
60,324,click,2026-04-13T18:45:38Z
60,1462,purchase,2026-04-13T19:19:38Z
60,1217,add_to_cart,2026-04-13T20:14:38Z
60,655,remove_cart,2026-04-13T21:05:38Z
60,274,checkout,2026-04-13T21:36:38Z
60,1408,search,2026-04-13T21:48:38Z
60,578,wishlist,2026-04-13T22:40:38Z
60,849,purchase,2026-04-13T22:46:38Z
60,806,wishlist,2026-04-13T22:58:38Z
60,1169,remove_cart,2026-04-13T23:52:38Z
60,48,purchase,2026-04-13T23:54:38Z
60,183,purchase,2026-04-14T00:53:38Z
60,537,checkout,2026-04-14T01:06:38Z
60,822,add_to_cart,2026-04-14T01:10:38Z
60,533,remove_cart,2026-04-14T01:49:38Z
60,754,add_to_cart,2026-04-14T01:55:38Z
61,1472,view,2026-02-06T16:23:38Z
61,892,click,2026-02-06T16:57:38Z
61,930,add_to_cart,2026-02-06T17:47:38Z
61,1380,checkout,2026-02-06T18:40:38Z
61,243,purchase,2026-02-06T19:12:38Z
61,417,purchase,2026-02-06T19:58:38Z
61,546,purchase,2026-02-06T20:54:38Z
61,1013,search,2026-02-06T21:42:38Z
61,884,remove_cart,2026-02-06T21:51:38Z
61,442,purchase,2026-02-06T22:30:38Z
61,1387,search,2026-02-06T23:17:38Z
61,370,purchase,2026-02-06T23:44:38Z
61,299,remove_cart,2026-02-07T00:35:38Z
61,537,view,2026-02-07T00:54:38Z
61,924,purchase,2026-02-07T01:34:38Z
61,1194,purchase,2026-02-07T01:58:38Z
61,22,checkout,2026-02-07T02:04:38Z
61,663,checkout,2026-02-07T02:13:38Z
61,435,remove_cart,2026-02-07T02:57:38Z
61,867,remove_cart,2026-02-07T03:43:38Z
61,196,search,2026-02-07T03:48:38Z
61,682,view,2026-02-07T03:52:38Z
61,726,purchase,2026-02-07T04:23:38Z
61,520,view,2026-02-07T04:24:38Z
61,809,remove_cart,2026-02-07T04:44:38Z
61,1146,wishlist,2026-02-07T04:53:38Z
61,368,view,2026-02-07T05:31:38Z
61,1032,search,2026-02-07T05:42:38Z
61,695,checkout,2026-02-07T06:42:38Z
61,184,checkout,2026-02-07T06:51:38Z
62,534,view,2026-02-11T16:32:38Z
62,642,click,2026-02-11T16:40:38Z
62,262,add_to_cart,2026-02-11T16:43:38Z
62,576,remove_cart,2026-02-11T17:15:38Z
62,739,view,2026-02-11T18:03:38Z
62,540,remove_cart,2026-02-11T18:22:38Z
62,642,search,2026-02-11T18:56:38Z
62,338,remove_cart,2026-02-11T19:54:38Z
62,1007,wishlist,2026-02-11T20:42:38Z
62,1347,add_to_cart,2026-02-11T21:18:38Z
62,387,checkout,2026-02-11T21:22:38Z
62,471,add_to_cart,2026-02-11T21:26:38Z
62,964,add_to_cart,2026-02-11T21:29:38Z
62,1446,search,2026-02-11T21:40:38Z
62,238,checkout,2026-02-11T22:08:38Z
62,905,checkout,2026-02-11T22:11:38Z
62,1149,wishlist,2026-02-11T22:57:38Z
62,1010,checkout,2026-02-11T23:27:38Z
62,1475,click,2026-02-12T00:22:38Z
62,716,add_to_cart,2026-02-12T00:30:38Z
62,582,click,2026-02-12T00:44:38Z
62,345,add_to_cart,2026-02-12T01:38:38Z
62,1359,search,2026-02-12T02:15:38Z
62,9,purchase,2026-02-12T02:53:38Z
62,158,add_to_cart,2026-02-12T03:20:38Z
62,1021,purchase,2026-02-12T04:10:38Z
62,674,click,2026-02-12T05:07:38Z
62,1396,view,2026-02-12T05:26:38Z
62,766,click,2026-02-12T05:52:38Z
62,663,click,2026-02-12T06:46:38Z
62,167,add_to_cart,2026-02-12T06:48:38Z
62,1450,checkout,2026-02-12T07:42:38Z
62,1287,checkout,2026-02-12T08:12:38Z
62,1348,search,2026-02-12T08:51:38Z
62,90,view,2026-02-12T09:13:38Z
62,1499,checkout,2026-02-12T09:34:38Z
62,100,add_to_cart,2026-02-12T09:48:38Z
62,114,search,2026-02-12T10:09:38Z
62,1234,click,2026-02-12T10:45:38Z
62,817,remove_cart,2026-02-12T10:51:38Z
63,817,search,2026-03-28T17:12:38Z
63,43,view,2026-03-28T17:18:38Z
63,427,click,2026-03-28T18:13:38Z
63,825,add_to_cart,2026-03-28T18:38:38Z
63,1340,search,2026-03-28T19:20:38Z
63,612,add_to_cart,2026-03-28T19:28:38Z
63,886,checkout,2026-03-28T20:20:38Z
63,1403,search,2026-03-28T21:18:38Z
63,1363,add_to_cart,2026-03-28T21:41:38Z
63,753,click,2026-03-28T22:35:38Z
63,913,purchase,2026-03-28T23:07:38Z
63,550,remove_cart,2026-03-28T23:38:38Z
63,866,remove_cart,2026-03-28T23:44:38Z
63,382,wishlist,2026-03-29T00:24:38Z
63,873,remove_cart,2026-03-29T01:05:38Z
63,1052,click,2026-03-29T01:08:38Z
63,1386,wishlist,2026-03-29T01:38:38Z
63,1406,purchase,2026-03-29T02:20:38Z
63,1015,add_to_cart,2026-03-29T03:20:38Z
63,959,click,2026-03-29T03:39:38Z
63,979,remove_cart,2026-03-29T03:45:38Z
63,262,search,2026-03-29T03:55:38Z
63,510,search,2026-03-29T04:49:38Z
63,1165,remove_cart,2026-03-29T05:08:38Z
63,157,view,2026-03-29T05:44:38Z
63,221,view,2026-03-29T06:17:38Z
63,194,remove_cart,2026-03-29T06:44:38Z
63,1476,checkout,2026-03-29T07:27:38Z
63,522,search,2026-03-29T07:50:38Z
63,1032,click,2026-03-29T08:40:38Z
63,1355,view,2026-03-29T08:48:38Z
63,374,checkout,2026-03-29T09:00:38Z
63,171,remove_cart,2026-03-29T09:03:38Z
63,1443,remove_cart,2026-03-29T10:00:38Z
63,1203,search,2026-03-29T10:21:38Z
63,1373,checkout,2026-03-29T11:10:38Z
64,384,view,2026-01-30T16:44:38Z
64,380,wishlist,2026-01-30T16:58:38Z
64,1238,view,2026-01-30T17:04:38Z
64,1380,click,2026-01-30T17:21:38Z
64,889,add_to_cart,2026-01-30T17:28:38Z
64,809,view,2026-01-30T17:29:38Z
64,352,click,2026-01-30T17:30:38Z
64,1417,checkout,2026-01-30T18:00:38Z
64,1348,remove_cart,2026-01-30T18:56:38Z
64,1267,checkout,2026-01-30T19:16:38Z
64,1380,wishlist,2026-01-30T20:01:38Z
64,620,remove_cart,2026-01-30T20:53:38Z
64,277,click,2026-01-30T21:02:38Z
64,230,view,2026-01-30T21:15:38Z
64,386,view,2026-01-30T22:00:38Z
64,986,view,2026-01-30T22:14:38Z
64,496,add_to_cart,2026-01-30T22:56:38Z
64,1283,remove_cart,2026-01-30T23:50:38Z
64,617,purchase,2026-01-30T23:56:38Z
64,971,checkout,2026-01-31T00:06:38Z
64,239,remove_cart,2026-01-31T00:08:38Z
64,313,add_to_cart,2026-01-31T01:06:38Z
64,966,checkout,2026-01-31T01:38:38Z
64,921,view,2026-01-31T02:34:38Z
64,604,purchase,2026-01-31T02:47:38Z
64,684,remove_cart,2026-01-31T02:51:38Z
64,1292,view,2026-01-31T02:58:38Z
64,1016,remove_cart,2026-01-31T03:25:38Z
64,999,search,2026-01-31T03:28:38Z
64,1052,remove_cart,2026-01-31T04:00:38Z
64,1463,checkout,2026-01-31T04:15:38Z
64,39,view,2026-01-31T04:49:38Z
64,647,remove_cart,2026-01-31T05:26:38Z
64,1328,click,2026-01-31T05:44:38Z
64,970,remove_cart,2026-01-31T06:41:38Z
64,1276,click,2026-01-31T07:13:38Z
64,1429,wishlist,2026-01-31T07:42:38Z
64,331,remove_cart,2026-01-31T07:44:38Z
64,394,search,2026-01-31T08:31:38Z
64,898,checkout,2026-01-31T08:54:38Z
64,450,purchase,2026-01-31T09:27:38Z
64,1234,wishlist,2026-01-31T10:26:38Z
64,601,checkout,2026-01-31T10:35:38Z
64,1379,remove_cart,2026-01-31T11:02:38Z
64,968,wishlist,2026-01-31T11:53:38Z
64,425,add_to_cart,2026-01-31T12:33:38Z
64,177,search,2026-01-31T13:18:38Z
64,355,checkout,2026-01-31T13:27:38Z
65,852,view,2026-03-30T16:29:38Z
65,622,click,2026-03-30T17:01:38Z
65,429,add_to_cart,2026-03-30T17:17:38Z
65,97,remove_cart,2026-03-30T17:53:38Z
65,735,view,2026-03-30T17:55:38Z
65,1387,search,2026-03-30T18:18:38Z
65,1032,add_to_cart,2026-03-30T18:30:38Z
65,131,view,2026-03-30T19:22:38Z
65,234,wishlist,2026-03-30T19:50:38Z
65,1151,purchase,2026-03-30T19:58:38Z
65,529,purchase,2026-03-30T20:30:38Z
65,728,wishlist,2026-03-30T21:21:38Z
65,1141,view,2026-03-30T22:11:38Z
65,310,search,2026-03-30T23:09:38Z
65,104,click,2026-03-30T23:55:38Z
65,937,checkout,2026-03-31T00:47:38Z
65,1251,click,2026-03-31T00:54:38Z
65,1152,click,2026-03-31T01:47:38Z
65,216,view,2026-03-31T02:20:38Z
65,242,add_to_cart,2026-03-31T03:01:38Z
65,741,purchase,2026-03-31T04:00:38Z
65,599,add_to_cart,2026-03-31T04:47:38Z
65,1037,checkout,2026-03-31T05:36:38Z
65,204,checkout,2026-03-31T06:23:38Z
65,745,add_to_cart,2026-03-31T07:05:38Z
65,283,wishlist,2026-03-31T07:58:38Z
65,414,click,2026-03-31T08:53:38Z
65,14,checkout,2026-03-31T09:20:38Z
65,971,purchase,2026-03-31T10:14:38Z
65,1035,wishlist,2026-03-31T10:33:38Z
65,545,add_to_cart,2026-03-31T10:39:38Z
65,850,wishlist,2026-03-31T11:25:38Z
66,1085,search,2026-01-29T16:32:38Z
66,468,view,2026-01-29T16:59:38Z
66,879,click,2026-01-29T17:08:38Z
66,839,remove_cart,2026-01-29T18:07:38Z
66,1058,checkout,2026-01-29T19:02:38Z
66,907,wishlist,2026-01-29T19:04:38Z
66,21,add_to_cart,2026-01-29T19:54:38Z
66,693,click,2026-01-29T20:00:38Z
66,337,wishlist,2026-01-29T20:26:38Z
66,806,remove_cart,2026-01-29T20:30:38Z
66,1314,view,2026-01-29T21:13:38Z
66,1177,add_to_cart,2026-01-29T22:11:38Z
66,1461,view,2026-01-29T22:52:38Z
66,824,search,2026-01-29T23:19:38Z
66,643,search,2026-01-30T00:06:38Z
66,573,wishlist,2026-01-30T00:07:38Z
66,828,add_to_cart,2026-01-30T00:52:38Z
66,421,checkout,2026-01-30T01:34:38Z
66,708,checkout,2026-01-30T02:19:38Z
66,405,remove_cart,2026-01-30T03:09:38Z
66,76,search,2026-01-30T03:15:38Z
66,1486,wishlist,2026-01-30T03:40:38Z
66,1108,add_to_cart,2026-01-30T04:14:38Z
66,191,search,2026-01-30T04:28:38Z
66,698,search,2026-01-30T05:02:38Z
66,58,add_to_cart,2026-01-30T05:04:38Z
66,623,search,2026-01-30T05:20:38Z
66,227,remove_cart,2026-01-30T05:53:38Z
66,764,view,2026-01-30T06:47:38Z
66,1040,search,2026-01-30T07:28:38Z
66,98,wishlist,2026-01-30T07:36:38Z
66,611,click,2026-01-30T08:05:38Z
66,695,view,2026-01-30T08:35:38Z
66,1192,purchase,2026-01-30T09:27:38Z
66,613,purchase,2026-01-30T09:50:38Z
66,1465,search,2026-01-30T10:33:38Z
66,774,add_to_cart,2026-01-30T11:19:38Z
66,672,purchase,2026-01-30T11:26:38Z
66,740,purchase,2026-01-30T12:19:38Z
66,301,checkout,2026-01-30T12:26:38Z
66,844,remove_cart,2026-01-30T13:20:38Z
66,128,click,2026-01-30T13:26:38Z
66,267,remove_cart,2026-01-30T14:23:38Z
67,757,view,2026-03-23T16:27:38Z
67,1078,click,2026-03-23T17:11:38Z
67,1205,add_to_cart,2026-03-23T17:37:38Z
67,1063,remove_cart,2026-03-23T18:13:38Z
67,809,view,2026-03-23T19:03:38Z
67,1022,search,2026-03-23T19:41:38Z
67,1412,remove_cart,2026-03-23T20:10:38Z
67,854,checkout,2026-03-23T20:57:38Z
67,1036,add_to_cart,2026-03-23T21:07:38Z
67,1457,add_to_cart,2026-03-23T21:39:38Z
67,1443,checkout,2026-03-23T21:48:38Z
67,436,click,2026-03-23T22:33:38Z
67,67,checkout,2026-03-23T23:04:38Z
67,757,add_to_cart,2026-03-23T23:40:38Z
67,837,click,2026-03-24T00:19:38Z
67,757,click,2026-03-24T00:27:38Z
67,1071,search,2026-03-24T00:30:38Z
67,761,add_to_cart,2026-03-24T00:38:38Z
67,622,search,2026-03-24T01:02:38Z
67,58,search,2026-03-24T01:34:38Z
67,1208,add_to_cart,2026-03-24T01:44:38Z
67,625,remove_cart,2026-03-24T01:48:38Z
67,375,search,2026-03-24T02:02:38Z
67,251,checkout,2026-03-24T02:03:38Z
67,92,wishlist,2026-03-24T02:08:38Z
67,1174,remove_cart,2026-03-24T02:39:38Z
67,927,search,2026-03-24T03:16:38Z
67,773,wishlist,2026-03-24T04:07:38Z
67,1475,checkout,2026-03-24T05:01:38Z
67,284,add_to_cart,2026-03-24T05:50:38Z
67,922,checkout,2026-03-24T06:39:38Z
67,1491,checkout,2026-03-24T06:49:38Z
67,1280,wishlist,2026-03-24T06:55:38Z
67,477,remove_cart,2026-03-24T07:20:38Z
67,1108,remove_cart,2026-03-24T07:42:38Z
67,908,view,2026-03-24T08:25:38Z
67,182,search,2026-03-24T09:07:38Z
67,51,add_to_cart,2026-03-24T09:53:38Z
67,1322,search,2026-03-24T10:29:38Z
67,1146,click,2026-03-24T11:11:38Z
67,1268,click,2026-03-24T11:24:38Z
67,1069,view,2026-03-24T12:01:38Z
67,975,purchase,2026-03-24T12:50:38Z
67,1349,view,2026-03-24T12:58:38Z
67,564,add_to_cart,2026-03-24T13:00:38Z
67,1446,purchase,2026-03-24T13:16:38Z
67,1093,checkout,2026-03-24T13:22:38Z
67,1207,wishlist,2026-03-24T13:48:38Z
67,48,view,2026-03-24T14:20:38Z
67,370,wishlist,2026-03-24T14:48:38Z
68,527,view,2026-04-16T16:47:38Z
68,235,wishlist,2026-04-16T16:53:38Z
68,1110,view,2026-04-16T17:00:38Z
68,585,click,2026-04-16T17:11:38Z
68,375,add_to_cart,2026-04-16T17:21:38Z
68,184,search,2026-04-16T18:11:38Z
68,835,add_to_cart,2026-04-16T18:31:38Z
68,1259,add_to_cart,2026-04-16T18:35:38Z
68,56,wishlist,2026-04-16T18:47:38Z
68,799,view,2026-04-16T19:07:38Z
68,292,click,2026-04-16T19:28:38Z
68,664,remove_cart,2026-04-16T20:26:38Z
68,248,search,2026-04-16T20:51:38Z
68,491,view,2026-04-16T21:04:38Z
68,1042,purchase,2026-04-16T21:36:38Z
68,552,remove_cart,2026-04-16T21:44:38Z
68,952,view,2026-04-16T22:05:38Z
68,992,remove_cart,2026-04-16T22:10:38Z
68,1298,view,2026-04-16T22:37:38Z
68,39,purchase,2026-04-16T23:36:38Z
68,1201,search,2026-04-17T00:12:38Z
68,1137,click,2026-04-17T00:28:38Z
68,1164,add_to_cart,2026-04-17T00:48:38Z
68,172,remove_cart,2026-04-17T01:17:38Z
68,292,purchase,2026-04-17T02:08:38Z
68,345,wishlist,2026-04-17T02:43:38Z
68,868,purchase,2026-04-17T03:18:38Z
68,3,checkout,2026-04-17T03:21:38Z
68,1272,checkout,2026-04-17T04:15:38Z
68,343,search,2026-04-17T04:57:38Z
68,988,view,2026-04-17T05:01:38Z
68,514,search,2026-04-17T05:40:38Z
68,1295,remove_cart,2026-04-17T06:03:38Z
68,1046,purchase,2026-04-17T06:41:38Z
68,331,search,2026-04-17T06:44:38Z
68,184,click,2026-04-17T07:04:38Z
68,252,remove_cart,2026-04-17T07:49:38Z
68,1140,add_to_cart,2026-04-17T08:36:38Z
68,885,search,2026-04-17T09:33:38Z
68,1034,purchase,2026-04-17T10:13:38Z
68,1397,wishlist,2026-04-17T11:10:38Z
68,536,wishlist,2026-04-17T11:51:38Z
68,504,checkout,2026-04-17T12:09:38Z
68,432,wishlist,2026-04-17T12:31:38Z
68,673,checkout,2026-04-17T13:10:38Z
68,1417,view,2026-04-17T14:09:38Z
69,976,view,2026-01-27T17:01:38Z
69,20,click,2026-01-27T17:02:38Z
69,356,add_to_cart,2026-01-27T17:46:38Z
69,1139,checkout,2026-01-27T18:13:38Z
69,1427,purchase,2026-01-27T19:11:38Z
69,805,checkout,2026-01-27T20:00:38Z
69,1330,click,2026-01-27T20:51:38Z
69,64,click,2026-01-27T21:26:38Z
69,253,checkout,2026-01-27T22:10:38Z
69,771,wishlist,2026-01-27T23:03:38Z
69,363,wishlist,2026-01-27T23:28:38Z
69,948,view,2026-01-27T23:36:38Z
69,396,wishlist,2026-01-28T00:36:38Z
69,454,checkout,2026-01-28T00:37:38Z
69,576,view,2026-01-28T01:26:38Z
69,185,wishlist,2026-01-28T01:39:38Z
69,1471,search,2026-01-28T02:31:38Z
69,1012,purchase,2026-01-28T02:46:38Z
69,575,wishlist,2026-01-28T02:49:38Z
69,1442,checkout,2026-01-28T03:47:38Z
69,402,purchase,2026-01-28T03:48:38Z
69,569,remove_cart,2026-01-28T03:56:38Z
69,1131,checkout,2026-01-28T04:07:38Z
69,1159,purchase,2026-01-28T04:50:38Z
69,1205,add_to_cart,2026-01-28T04:55:38Z
69,134,add_to_cart,2026-01-28T05:43:38Z
69,1168,add_to_cart,2026-01-28T06:00:38Z
69,1072,purchase,2026-01-28T06:57:38Z
70,1389,search,2026-03-15T17:17:38Z
70,1420,view,2026-03-15T17:19:38Z
70,1092,click,2026-03-15T18:03:38Z
70,1148,search,2026-03-15T18:47:38Z
70,875,checkout,2026-03-15T18:48:38Z
70,662,view,2026-03-15T19:43:38Z
70,834,remove_cart,2026-03-15T20:38:38Z
70,1393,search,2026-03-15T20:46:38Z
70,741,checkout,2026-03-15T21:18:38Z
70,1478,view,2026-03-15T22:15:38Z
70,570,purchase,2026-03-15T22:19:38Z
70,920,remove_cart,2026-03-15T22:54:38Z
70,803,wishlist,2026-03-15T22:55:38Z
70,168,purchase,2026-03-15T23:17:38Z
70,463,view,2026-03-16T00:05:38Z
70,512,remove_cart,2026-03-16T00:10:38Z
70,675,purchase,2026-03-16T00:21:38Z
70,1283,search,2026-03-16T00:26:38Z
70,983,click,2026-03-16T00:28:38Z
70,50,remove_cart,2026-03-16T01:20:38Z
70,513,wishlist,2026-03-16T02:14:38Z
70,970,purchase,2026-03-16T02:21:38Z
70,112,purchase,2026-03-16T02:43:38Z
70,485,wishlist,2026-03-16T03:17:38Z
70,1229,click,2026-03-16T04:07:38Z
70,196,checkout,2026-03-16T04:56:38Z
70,256,checkout,2026-03-16T05:34:38Z
70,69,click,2026-03-16T05:38:38Z
70,1421,remove_cart,2026-03-16T05:59:38Z
70,262,click,2026-03-16T06:50:38Z
70,906,view,2026-03-16T07:49:38Z
70,1251,view,2026-03-16T08:09:38Z
70,209,remove_cart,2026-03-16T08:14:38Z
70,107,view,2026-03-16T08:50:38Z
70,782,search,2026-03-16T09:45:38Z
70,1265,remove_cart,2026-03-16T09:52:38Z
70,1228,remove_cart,2026-03-16T10:07:38Z
70,787,view,2026-03-16T10:37:38Z
70,877,checkout,2026-03-16T11:28:38Z
70,1334,click,2026-03-16T11:50:38Z
70,1060,view,2026-03-16T12:20:38Z
70,395,wishlist,2026-03-16T12:58:38Z
70,26,click,2026-03-16T13:05:38Z
70,397,click,2026-03-16T13:43:38Z
70,1043,add_to_cart,2026-03-16T14:24:38Z
70,863,search,2026-03-16T14:47:38Z
70,1272,checkout,2026-03-16T15:34:38Z
70,498,checkout,2026-03-16T15:46:38Z
70,91,add_to_cart,2026-03-16T16:38:38Z
70,639,view,2026-03-16T16:47:38Z
70,1335,remove_cart,2026-03-16T17:20:38Z
70,1196,wishlist,2026-03-16T17:40:38Z
70,962,add_to_cart,2026-03-16T17:50:38Z
70,703,search,2026-03-16T18:29:38Z
70,17,search,2026-03-16T18:53:38Z
70,487,add_to_cart,2026-03-16T18:57:38Z
70,705,view,2026-03-16T19:25:38Z
70,1312,purchase,2026-03-16T19:38:38Z
70,141,purchase,2026-03-16T20:29:38Z
70,1368,wishlist,2026-03-16T20:42:38Z
70,1417,checkout,2026-03-16T21:27:38Z
70,1419,checkout,2026-03-16T22:06:38Z
70,1185,wishlist,2026-03-16T23:01:38Z
70,614,wishlist,2026-03-16T23:41:38Z
70,333,remove_cart,2026-03-17T00:03:38Z
70,87,click,2026-03-17T00:33:38Z
71,457,view,2026-03-22T17:03:38Z
71,472,click,2026-03-22T17:48:38Z
71,1278,add_to_cart,2026-03-22T18:18:38Z
71,490,checkout,2026-03-22T18:32:38Z
71,679,purchase,2026-03-22T19:03:38Z
71,820,remove_cart,2026-03-22T19:17:38Z
71,14,add_to_cart,2026-03-22T20:10:38Z
71,152,wishlist,2026-03-22T20:11:38Z
71,1137,wishlist,2026-03-22T20:13:38Z
71,596,click,2026-03-22T20:23:38Z
71,1293,checkout,2026-03-22T20:36:38Z
71,61,wishlist,2026-03-22T20:39:38Z
71,582,purchase,2026-03-22T20:52:38Z
71,537,add_to_cart,2026-03-22T21:07:38Z
71,1136,add_to_cart,2026-03-22T21:29:38Z
71,402,purchase,2026-03-22T21:41:38Z
71,537,view,2026-03-22T21:53:38Z
71,1388,click,2026-03-22T21:55:38Z
71,1342,add_to_cart,2026-03-22T22:20:38Z
71,431,click,2026-03-22T22:42:38Z
71,492,search,2026-03-22T23:12:38Z
71,763,wishlist,2026-03-23T00:04:38Z
71,1277,add_to_cart,2026-03-23T00:38:38Z
71,1457,remove_cart,2026-03-23T01:35:38Z
71,296,click,2026-03-23T01:43:38Z
71,389,add_to_cart,2026-03-23T02:34:38Z
71,775,purchase,2026-03-23T03:09:38Z
71,1228,wishlist,2026-03-23T03:30:38Z
71,501,remove_cart,2026-03-23T04:11:38Z
71,1262,view,2026-03-23T05:00:38Z
71,1097,purchase,2026-03-23T05:55:38Z
71,305,search,2026-03-23T06:46:38Z
71,110,wishlist,2026-03-23T07:02:38Z
71,259,search,2026-03-23T07:58:38Z
71,1490,checkout,2026-03-23T08:12:38Z
71,964,click,2026-03-23T09:03:38Z
71,1042,click,2026-03-23T09:14:38Z
71,1322,remove_cart,2026-03-23T10:03:38Z
71,1063,wishlist,2026-03-23T10:35:38Z
71,660,checkout,2026-03-23T10:47:38Z
71,1423,wishlist,2026-03-23T11:21:38Z
71,1014,checkout,2026-03-23T12:07:38Z
71,1191,checkout,2026-03-23T12:25:38Z
71,1196,remove_cart,2026-03-23T13:06:38Z
71,450,view,2026-03-23T13:20:38Z
71,481,purchase,2026-03-23T13:49:38Z
71,627,remove_cart,2026-03-23T14:03:38Z
71,773,remove_cart,2026-03-23T15:00:38Z
71,767,add_to_cart,2026-03-23T16:00:38Z
71,174,search,2026-03-23T16:36:38Z
71,173,add_to_cart,2026-03-23T17:25:38Z
72,1196,view,2026-02-22T16:37:38Z
72,953,wishlist,2026-02-22T16:40:38Z
72,1273,view,2026-02-22T17:13:38Z
72,873,click,2026-02-22T17:35:38Z
72,958,add_to_cart,2026-02-22T18:04:38Z
72,753,remove_cart,2026-02-22T18:31:38Z
72,560,checkout,2026-02-22T18:52:38Z
72,368,remove_cart,2026-02-22T18:54:38Z
72,544,checkout,2026-02-22T19:09:38Z
72,169,click,2026-02-22T19:32:38Z
72,1028,search,2026-02-22T20:26:38Z
72,567,click,2026-02-22T21:17:38Z
72,243,purchase,2026-02-22T21:24:38Z
72,79,click,2026-02-22T21:48:38Z
72,403,purchase,2026-02-22T22:10:38Z
72,620,wishlist,2026-02-22T22:27:38Z
72,1446,search,2026-02-22T22:40:38Z
72,1467,add_to_cart,2026-02-22T23:35:38Z
72,614,search,2026-02-22T23:36:38Z
72,710,search,2026-02-23T00:29:38Z
72,1188,remove_cart,2026-02-23T00:55:38Z
72,1340,view,2026-02-23T01:26:38Z
72,815,add_to_cart,2026-02-23T02:22:38Z
72,1482,purchase,2026-02-23T02:37:38Z
72,479,purchase,2026-02-23T03:08:38Z
72,945,checkout,2026-02-23T03:55:38Z
72,176,wishlist,2026-02-23T04:46:38Z
72,385,wishlist,2026-02-23T05:41:38Z
72,1430,remove_cart,2026-02-23T06:31:38Z
72,899,remove_cart,2026-02-23T06:45:38Z
72,1144,checkout,2026-02-23T07:40:38Z
72,285,view,2026-02-23T08:04:38Z
72,20,add_to_cart,2026-02-23T08:24:38Z
72,1350,checkout,2026-02-23T09:16:38Z
72,462,wishlist,2026-02-23T09:38:38Z
72,1405,remove_cart,2026-02-23T10:06:38Z
72,1415,remove_cart,2026-02-23T10:55:38Z
72,1203,search,2026-02-23T11:16:38Z
73,285,view,2026-02-06T17:22:38Z
73,677,click,2026-02-06T17:32:38Z
73,1290,add_to_cart,2026-02-06T18:09:38Z
73,1235,checkout,2026-02-06T19:01:38Z
73,1245,purchase,2026-02-06T20:00:38Z
73,419,remove_cart,2026-02-06T20:25:38Z
73,1095,remove_cart,2026-02-06T20:30:38Z
73,973,remove_cart,2026-02-06T20:43:38Z
73,1167,click,2026-02-06T21:05:38Z
73,624,checkout,2026-02-06T21:46:38Z
73,214,click,2026-02-06T21:57:38Z
73,1412,add_to_cart,2026-02-06T22:00:38Z
73,383,checkout,2026-02-06T22:02:38Z
73,791,purchase,2026-02-06T22:07:38Z
73,478,search,2026-02-06T22:21:38Z
73,1074,search,2026-02-06T23:04:38Z
73,118,click,2026-02-06T23:34:38Z
73,23,wishlist,2026-02-07T00:08:38Z
73,842,add_to_cart,2026-02-07T00:29:38Z
73,227,remove_cart,2026-02-07T00:40:38Z
73,857,add_to_cart,2026-02-07T01:15:38Z
74,423,view,2026-04-11T17:20:38Z
74,422,click,2026-04-11T17:29:38Z
74,886,add_to_cart,2026-04-11T17:49:38Z
74,1454,remove_cart,2026-04-11T18:42:38Z
74,973,view,2026-04-11T19:25:38Z
74,1178,add_to_cart,2026-04-11T20:04:38Z
74,416,search,2026-04-11T20:42:38Z
74,414,checkout,2026-04-11T21:00:38Z
74,913,view,2026-04-11T21:10:38Z
74,818,click,2026-04-11T22:03:38Z
74,674,purchase,2026-04-11T22:37:38Z
74,948,checkout,2026-04-11T23:07:38Z
74,187,view,2026-04-11T23:55:38Z
74,935,search,2026-04-12T00:37:38Z
74,1458,wishlist,2026-04-12T01:22:38Z
74,1256,search,2026-04-12T01:48:38Z
74,511,add_to_cart,2026-04-12T02:15:38Z
74,1266,add_to_cart,2026-04-12T03:13:38Z
74,788,remove_cart,2026-04-12T03:43:38Z
74,1165,add_to_cart,2026-04-12T04:28:38Z
74,1431,click,2026-04-12T04:54:38Z
74,324,view,2026-04-12T05:10:38Z
74,1287,search,2026-04-12T06:07:38Z
74,137,search,2026-04-12T06:50:38Z
74,1011,purchase,2026-04-12T07:49:38Z
74,1133,remove_cart,2026-04-12T08:38:38Z
74,157,click,2026-04-12T09:02:38Z
74,668,click,2026-04-12T09:35:38Z
74,338,remove_cart,2026-04-12T10:04:38Z
74,1037,search,2026-04-12T10:18:38Z
74,55,view,2026-04-12T10:48:38Z
74,1423,click,2026-04-12T11:29:38Z
74,704,checkout,2026-04-12T11:54:38Z
74,399,remove_cart,2026-04-12T12:49:38Z
74,22,remove_cart,2026-04-12T12:52:38Z
74,1453,search,2026-04-12T13:00:38Z
74,1373,add_to_cart,2026-04-12T13:21:38Z
74,945,checkout,2026-04-12T13:53:38Z
74,1124,click,2026-04-12T13:59:38Z
74,897,purchase,2026-04-12T14:45:38Z
74,572,add_to_cart,2026-04-12T15:16:38Z
74,37,add_to_cart,2026-04-12T15:27:38Z
74,603,click,2026-04-12T15:39:38Z
74,801,click,2026-04-12T16:14:38Z
74,1376,add_to_cart,2026-04-12T16:19:38Z
74,560,view,2026-04-12T17:03:38Z
74,734,add_to_cart,2026-04-12T17:32:38Z
74,1464,add_to_cart,2026-04-12T17:46:38Z
74,1383,view,2026-04-12T18:44:38Z
74,1427,purchase,2026-04-12T19:13:38Z
75,1414,view,2026-01-28T16:47:38Z
75,910,click,2026-01-28T17:07:38Z
75,1226,add_to_cart,2026-01-28T17:11:38Z
75,100,checkout,2026-01-28T17:12:38Z
75,773,purchase,2026-01-28T18:02:38Z
75,512,purchase,2026-01-28T19:02:38Z
75,489,wishlist,2026-01-28T20:01:38Z
75,33,purchase,2026-01-28T20:07:38Z
75,30,remove_cart,2026-01-28T20:09:38Z
75,394,wishlist,2026-01-28T21:02:38Z
75,198,click,2026-01-28T21:17:38Z
75,343,add_to_cart,2026-01-28T22:04:38Z
75,1050,view,2026-01-28T22:31:38Z
75,670,click,2026-01-28T23:24:38Z
75,1284,wishlist,2026-01-29T00:00:38Z
75,425,purchase,2026-01-29T00:40:38Z
75,248,remove_cart,2026-01-29T01:08:38Z
75,217,purchase,2026-01-29T01:22:38Z
75,356,wishlist,2026-01-29T01:43:38Z
75,1340,view,2026-01-29T02:09:38Z
75,798,wishlist,2026-01-29T02:10:38Z
75,451,purchase,2026-01-29T02:40:38Z
75,571,click,2026-01-29T03:23:38Z
76,138,view,2026-01-30T16:25:38Z
76,448,wishlist,2026-01-30T17:22:38Z
76,618,view,2026-01-30T17:49:38Z
76,1227,click,2026-01-30T18:39:38Z
76,209,add_to_cart,2026-01-30T19:11:38Z
76,195,add_to_cart,2026-01-30T19:28:38Z
76,1427,wishlist,2026-01-30T20:09:38Z
76,1421,remove_cart,2026-01-30T20:53:38Z
76,360,add_to_cart,2026-01-30T21:15:38Z
76,1365,wishlist,2026-01-30T22:10:38Z
76,687,checkout,2026-01-30T22:15:38Z
76,1199,view,2026-01-30T22:54:38Z
76,1047,checkout,2026-01-30T23:19:38Z
76,1204,purchase,2026-01-30T23:52:38Z
76,44,view,2026-01-31T00:07:38Z
76,485,click,2026-01-31T00:27:38Z
76,499,remove_cart,2026-01-31T01:16:38Z
76,282,click,2026-01-31T01:20:38Z
76,608,wishlist,2026-01-31T01:52:38Z
76,770,purchase,2026-01-31T02:02:38Z
76,78,purchase,2026-01-31T02:44:38Z
76,1486,purchase,2026-01-31T03:44:38Z
76,674,checkout,2026-01-31T04:32:38Z
76,651,add_to_cart,2026-01-31T04:50:38Z
76,850,view,2026-01-31T05:24:38Z
76,49,search,2026-01-31T06:13:38Z
76,679,purchase,2026-01-31T07:08:38Z
76,422,wishlist,2026-01-31T07:24:38Z
76,1362,view,2026-01-31T08:23:38Z
76,1408,purchase,2026-01-31T09:15:38Z
76,782,purchase,2026-01-31T09:54:38Z
76,906,wishlist,2026-01-31T10:06:38Z
76,1007,view,2026-01-31T10:11:38Z
76,107,click,2026-01-31T10:24:38Z
76,258,add_to_cart,2026-01-31T10:38:38Z
76,1214,click,2026-01-31T10:50:38Z
76,1040,purchase,2026-01-31T11:06:38Z
76,1485,click,2026-01-31T11:34:38Z
76,337,checkout,2026-01-31T11:54:38Z
76,869,purchase,2026-01-31T12:10:38Z
76,510,add_to_cart,2026-01-31T12:49:38Z
76,1181,search,2026-01-31T13:08:38Z
76,413,checkout,2026-01-31T13:49:38Z
76,986,search,2026-01-31T14:45:38Z
76,816,click,2026-01-31T15:09:38Z
76,965,remove_cart,2026-01-31T15:20:38Z
76,1035,checkout,2026-01-31T15:48:38Z
76,320,remove_cart,2026-01-31T16:37:38Z
76,782,checkout,2026-01-31T16:39:38Z
76,171,remove_cart,2026-01-31T17:34:38Z
76,1101,search,2026-01-31T18:13:38Z
76,1489,add_to_cart,2026-01-31T18:49:38Z
76,780,add_to_cart,2026-01-31T19:06:38Z
76,929,checkout,2026-01-31T19:26:38Z
76,1152,search,2026-01-31T19:51:38Z
76,683,checkout,2026-01-31T19:56:38Z
76,962,add_to_cart,2026-01-31T20:42:38Z
76,389,purchase,2026-01-31T20:52:38Z
76,1026,view,2026-01-31T20:53:38Z
76,829,wishlist,2026-01-31T21:25:38Z
76,765,remove_cart,2026-01-31T21:51:38Z
77,1205,view,2026-02-16T17:04:38Z
77,838,wishlist,2026-02-16T17:09:38Z
77,80,view,2026-02-16T18:06:38Z
77,255,click,2026-02-16T19:05:38Z
77,1159,add_to_cart,2026-02-16T19:30:38Z
77,894,add_to_cart,2026-02-16T19:43:38Z
77,1480,search,2026-02-16T20:33:38Z
77,1453,wishlist,2026-02-16T21:06:38Z
77,1411,checkout,2026-02-16T21:47:38Z
77,119,wishlist,2026-02-16T22:32:38Z
77,869,remove_cart,2026-02-16T23:32:38Z
77,979,purchase,2026-02-16T23:48:38Z
77,741,view,2026-02-17T00:47:38Z
77,1364,view,2026-02-17T01:32:38Z
77,1240,add_to_cart,2026-02-17T01:49:38Z
77,302,checkout,2026-02-17T02:33:38Z
77,1234,search,2026-02-17T02:49:38Z
77,240,add_to_cart,2026-02-17T02:50:38Z
77,1458,click,2026-02-17T03:32:38Z
77,1447,remove_cart,2026-02-17T03:58:38Z
77,387,click,2026-02-17T04:32:38Z
77,875,remove_cart,2026-02-17T04:43:38Z
77,619,search,2026-02-17T05:28:38Z
77,631,remove_cart,2026-02-17T06:06:38Z
77,1491,remove_cart,2026-02-17T06:55:38Z
77,1303,click,2026-02-17T07:02:38Z
77,293,wishlist,2026-02-17T07:55:38Z
77,430,search,2026-02-17T08:43:38Z
77,631,remove_cart,2026-02-17T09:28:38Z
77,1008,view,2026-02-17T09:39:38Z
77,144,view,2026-02-17T09:46:38Z
77,854,remove_cart,2026-02-17T10:20:38Z
77,883,search,2026-02-17T11:07:38Z
77,768,add_to_cart,2026-02-17T11:19:38Z
77,276,add_to_cart,2026-02-17T12:05:38Z
77,373,purchase,2026-02-17T12:37:38Z
77,1162,click,2026-02-17T13:06:38Z
77,412,purchase,2026-02-17T13:18:38Z
77,375,view,2026-02-17T14:06:38Z
77,838,purchase,2026-02-17T14:23:38Z
77,1279,checkout,2026-02-17T15:04:38Z
77,1304,click,2026-02-17T16:00:38Z
77,601,add_to_cart,2026-02-17T16:06:38Z
77,256,click,2026-02-17T16:31:38Z
78,1200,view,2026-04-11T16:24:38Z
78,979,wishlist,2026-04-11T16:40:38Z
78,1378,view,2026-04-11T17:12:38Z
78,207,click,2026-04-11T18:01:38Z
78,126,add_to_cart,2026-04-11T18:02:38Z
78,15,search,2026-04-11T18:51:38Z
78,433,view,2026-04-11T18:58:38Z
78,1235,view,2026-04-11T19:23:38Z
78,996,search,2026-04-11T20:23:38Z
78,691,checkout,2026-04-11T21:12:38Z
78,760,remove_cart,2026-04-11T21:34:38Z
78,491,wishlist,2026-04-11T21:55:38Z
78,817,wishlist,2026-04-11T22:38:38Z
78,118,remove_cart,2026-04-11T23:18:38Z
78,677,wishlist,2026-04-12T00:14:38Z
78,936,click,2026-04-12T00:15:38Z
78,285,remove_cart,2026-04-12T01:02:38Z
78,252,view,2026-04-12T01:41:38Z
78,510,search,2026-04-12T02:26:38Z
78,1267,wishlist,2026-04-12T02:55:38Z
78,847,checkout,2026-04-12T03:28:38Z
78,1307,purchase,2026-04-12T03:29:38Z
78,1298,wishlist,2026-04-12T03:31:38Z
78,94,wishlist,2026-04-12T04:27:38Z
78,910,wishlist,2026-04-12T05:11:38Z
78,993,purchase,2026-04-12T05:50:38Z
78,1255,remove_cart,2026-04-12T06:38:38Z
78,877,click,2026-04-12T07:01:38Z
78,1433,checkout,2026-04-12T07:44:38Z
78,789,click,2026-04-12T08:31:38Z
78,400,search,2026-04-12T09:10:38Z
78,1066,add_to_cart,2026-04-12T10:06:38Z
78,1020,view,2026-04-12T10:15:38Z
78,1379,click,2026-04-12T10:35:38Z
78,914,checkout,2026-04-12T10:46:38Z
78,1358,click,2026-04-12T11:17:38Z
78,434,purchase,2026-04-12T11:33:38Z
79,891,view,2026-01-25T16:29:38Z
79,60,click,2026-01-25T17:15:38Z
79,669,add_to_cart,2026-01-25T17:26:38Z
79,786,checkout,2026-01-25T18:24:38Z
79,575,purchase,2026-01-25T19:14:38Z
79,528,purchase,2026-01-25T20:01:38Z
79,1374,checkout,2026-01-25T20:59:38Z
79,279,click,2026-01-25T21:42:38Z
79,1417,checkout,2026-01-25T21:48:38Z
79,459,wishlist,2026-01-25T22:44:38Z
79,703,click,2026-01-25T23:26:38Z
79,1470,remove_cart,2026-01-26T00:25:38Z
79,1316,remove_cart,2026-01-26T01:07:38Z
79,478,remove_cart,2026-01-26T01:59:38Z
79,237,purchase,2026-01-26T02:16:38Z
79,229,search,2026-01-26T02:22:38Z
79,1213,click,2026-01-26T02:44:38Z
79,238,purchase,2026-01-26T03:32:38Z
79,642,wishlist,2026-01-26T03:41:38Z
79,4,remove_cart,2026-01-26T04:18:38Z
79,1209,search,2026-01-26T04:22:38Z
79,795,purchase,2026-01-26T05:17:38Z
79,748,remove_cart,2026-01-26T05:38:38Z
79,1360,add_to_cart,2026-01-26T06:12:38Z
79,810,purchase,2026-01-26T06:19:38Z
79,944,view,2026-01-26T06:54:38Z
79,608,wishlist,2026-01-26T07:04:38Z
79,1393,purchase,2026-01-26T07:36:38Z
79,1232,checkout,2026-01-26T07:46:38Z
79,1363,search,2026-01-26T07:56:38Z
80,656,view,2026-01-20T17:01:38Z
80,1029,click,2026-01-20T17:21:38Z
80,253,add_to_cart,2026-01-20T18:06:38Z
80,1447,checkout,2026-01-20T18:24:38Z
80,980,purchase,2026-01-20T19:01:38Z
80,597,purchase,2026-01-20T19:33:38Z
80,683,remove_cart,2026-01-20T19:37:38Z
80,1468,add_to_cart,2026-01-20T20:30:38Z
80,461,purchase,2026-01-20T21:25:38Z
80,367,view,2026-01-20T22:25:38Z
80,803,checkout,2026-01-20T23:12:38Z
80,1351,search,2026-01-21T00:05:38Z
80,1123,add_to_cart,2026-01-21T00:07:38Z
80,866,remove_cart,2026-01-21T00:29:38Z
80,802,checkout,2026-01-21T00:52:38Z
80,1082,remove_cart,2026-01-21T00:57:38Z
80,1427,search,2026-01-21T01:16:38Z
80,1123,purchase,2026-01-21T02:01:38Z
80,269,remove_cart,2026-01-21T02:08:38Z
80,1189,wishlist,2026-01-21T02:57:38Z
80,1454,view,2026-01-21T03:52:38Z
80,1341,search,2026-01-21T04:22:38Z
80,282,add_to_cart,2026-01-21T04:59:38Z
80,989,checkout,2026-01-21T05:44:38Z
80,297,search,2026-01-21T06:42:38Z
80,401,purchase,2026-01-21T06:56:38Z
80,1487,view,2026-01-21T07:20:38Z
80,303,click,2026-01-21T08:04:38Z
80,1392,remove_cart,2026-01-21T08:32:38Z
80,116,add_to_cart,2026-01-21T09:32:38Z
80,971,click,2026-01-21T09:55:38Z
80,241,add_to_cart,2026-01-21T09:59:38Z
80,889,wishlist,2026-01-21T10:37:38Z
80,1480,add_to_cart,2026-01-21T11:18:38Z
80,70,remove_cart,2026-01-21T11:34:38Z
80,813,click,2026-01-21T11:50:38Z
80,1409,checkout,2026-01-21T12:10:38Z
80,769,add_to_cart,2026-01-21T12:52:38Z
80,950,click,2026-01-21T13:42:38Z
80,1296,remove_cart,2026-01-21T14:00:38Z
80,24,checkout,2026-01-21T14:24:38Z
80,170,click,2026-01-21T14:32:38Z
80,1314,click,2026-01-21T15:04:38Z
80,1202,purchase,2026-01-21T15:06:38Z
80,1421,checkout,2026-01-21T15:24:38Z
80,1215,click,2026-01-21T16:15:38Z
80,992,add_to_cart,2026-01-21T16:40:38Z
80,1171,remove_cart,2026-01-21T17:00:38Z
80,667,add_to_cart,2026-01-21T17:07:38Z
80,1101,click,2026-01-21T17:53:38Z
80,1436,add_to_cart,2026-01-21T18:19:38Z
80,1139,view,2026-01-21T18:45:38Z
80,1063,checkout,2026-01-21T18:50:38Z
80,425,click,2026-01-21T19:39:38Z
80,1227,click,2026-01-21T19:51:38Z
80,1137,add_to_cart,2026-01-21T19:52:38Z
80,644,checkout,2026-01-21T20:44:38Z
80,264,click,2026-01-21T20:47:38Z
80,331,purchase,2026-01-21T21:29:38Z
80,526,click,2026-01-21T22:05:38Z
80,256,view,2026-01-21T22:11:38Z
80,1115,search,2026-01-21T22:35:38Z
80,1348,add_to_cart,2026-01-21T23:03:38Z
80,616,view,2026-01-21T23:19:38Z
80,601,view,2026-01-21T23:53:38Z
80,1182,checkout,2026-01-22T00:02:38Z
80,641,checkout,2026-01-22T00:47:38Z
80,1103,wishlist,2026-01-22T01:26:38Z
80,203,purchase,2026-01-22T02:11:38Z
80,76,view,2026-01-22T02:27:38Z
80,614,purchase,2026-01-22T02:37:38Z
80,1234,purchase,2026-01-22T02:46:38Z
80,736,purchase,2026-01-22T03:24:38Z
80,1494,search,2026-01-22T03:33:38Z
81,523,view,2026-02-24T16:58:38Z
81,782,click,2026-02-24T17:15:38Z
81,335,add_to_cart,2026-02-24T17:57:38Z
81,935,checkout,2026-02-24T18:23:38Z
81,521,purchase,2026-02-24T18:29:38Z
81,294,remove_cart,2026-02-24T19:14:38Z
81,1290,purchase,2026-02-24T19:19:38Z
81,1428,search,2026-02-24T20:00:38Z
81,763,purchase,2026-02-24T20:46:38Z
81,315,add_to_cart,2026-02-24T21:13:38Z
81,889,wishlist,2026-02-24T22:04:38Z
81,1237,remove_cart,2026-02-24T22:06:38Z
81,554,purchase,2026-02-24T22:11:38Z
81,226,click,2026-02-24T22:46:38Z
81,675,remove_cart,2026-02-24T22:51:38Z
81,684,click,2026-02-24T23:15:38Z
81,463,search,2026-02-24T23:25:38Z
81,201,search,2026-02-24T23:26:38Z
81,776,remove_cart,2026-02-24T23:41:38Z
81,253,click,2026-02-25T00:32:38Z
81,1492,add_to_cart,2026-02-25T01:06:38Z
81,1003,search,2026-02-25T01:44:38Z
81,715,click,2026-02-25T02:18:38Z
81,556,search,2026-02-25T02:54:38Z
81,99,click,2026-02-25T03:52:38Z
81,798,add_to_cart,2026-02-25T04:13:38Z
81,1389,add_to_cart,2026-02-25T04:36:38Z
81,1214,remove_cart,2026-02-25T05:07:38Z
81,20,add_to_cart,2026-02-25T05:24:38Z
81,259,add_to_cart,2026-02-25T06:07:38Z
81,1163,add_to_cart,2026-02-25T06:32:38Z
81,1486,search,2026-02-25T06:36:38Z
81,511,wishlist,2026-02-25T07:22:38Z
81,938,remove_cart,2026-02-25T08:08:38Z
81,725,add_to_cart,2026-02-25T08:37:38Z
81,588,checkout,2026-02-25T09:10:38Z
81,1067,search,2026-02-25T09:38:38Z
81,1302,purchase,2026-02-25T09:58:38Z
81,833,click,2026-02-25T10:18:38Z
81,185,wishlist,2026-02-25T11:13:38Z
81,1495,click,2026-02-25T11:18:38Z
81,339,purchase,2026-02-25T11:24:38Z
81,586,view,2026-02-25T11:30:38Z
81,22,checkout,2026-02-25T12:22:38Z
81,1042,remove_cart,2026-02-25T13:06:38Z
81,1020,add_to_cart,2026-02-25T13:37:38Z
81,29,click,2026-02-25T14:03:38Z
81,15,purchase,2026-02-25T15:02:38Z
81,1095,remove_cart,2026-02-25T15:47:38Z
81,1355,wishlist,2026-02-25T16:03:38Z
81,919,view,2026-02-25T16:42:38Z
81,1073,add_to_cart,2026-02-25T17:26:38Z
81,154,purchase,2026-02-25T17:38:38Z
81,274,wishlist,2026-02-25T18:32:38Z
81,866,wishlist,2026-02-25T18:36:38Z
81,350,checkout,2026-02-25T19:01:38Z
81,693,wishlist,2026-02-25T19:09:38Z
81,1105,purchase,2026-02-25T20:03:38Z
81,613,click,2026-02-25T20:22:38Z
82,5,view,2026-03-13T16:36:38Z
82,1293,wishlist,2026-03-13T17:24:38Z
82,807,view,2026-03-13T18:01:38Z
82,625,click,2026-03-13T18:15:38Z
82,1317,add_to_cart,2026-03-13T19:15:38Z
82,949,view,2026-03-13T20:15:38Z
82,729,checkout,2026-03-13T20:19:38Z
82,943,view,2026-03-13T20:59:38Z
82,725,wishlist,2026-03-13T21:19:38Z
82,717,click,2026-03-13T21:20:38Z
82,727,add_to_cart,2026-03-13T21:46:38Z
82,883,view,2026-03-13T21:53:38Z
82,174,checkout,2026-03-13T22:06:38Z
82,254,add_to_cart,2026-03-13T22:33:38Z
82,319,checkout,2026-03-13T22:34:38Z
82,964,search,2026-03-13T22:49:38Z
82,613,remove_cart,2026-03-13T23:13:38Z
82,374,wishlist,2026-03-13T23:41:38Z
82,899,search,2026-03-13T23:48:38Z
82,287,checkout,2026-03-13T23:59:38Z
82,889,wishlist,2026-03-14T00:47:38Z
82,1453,view,2026-03-14T01:10:38Z
82,389,purchase,2026-03-14T01:18:38Z
82,274,search,2026-03-14T01:21:38Z
82,679,remove_cart,2026-03-14T01:48:38Z
82,1365,view,2026-03-14T01:59:38Z
82,1363,purchase,2026-03-14T02:30:38Z
82,863,search,2026-03-14T02:38:38Z
82,1015,checkout,2026-03-14T03:14:38Z
82,819,add_to_cart,2026-03-14T03:35:38Z
82,225,remove_cart,2026-03-14T03:44:38Z
82,44,click,2026-03-14T04:35:38Z
82,705,add_to_cart,2026-03-14T04:45:38Z
82,1402,view,2026-03-14T05:35:38Z
82,1390,purchase,2026-03-14T05:39:38Z
82,1223,wishlist,2026-03-14T06:07:38Z
82,984,view,2026-03-14T06:35:38Z
82,996,search,2026-03-14T06:54:38Z
82,879,click,2026-03-14T07:43:38Z
82,313,purchase,2026-03-14T08:23:38Z
82,576,add_to_cart,2026-03-14T08:39:38Z
82,540,click,2026-03-14T09:35:38Z
82,879,purchase,2026-03-14T10:18:38Z
82,1447,purchase,2026-03-14T10:49:38Z
82,1496,click,2026-03-14T11:34:38Z
82,1211,add_to_cart,2026-03-14T11:47:38Z
82,247,add_to_cart,2026-03-14T12:02:38Z
82,79,add_to_cart,2026-03-14T12:28:38Z
82,300,search,2026-03-14T12:41:38Z
82,1263,remove_cart,2026-03-14T12:43:38Z
83,835,view,2026-04-08T16:47:38Z
83,628,click,2026-04-08T17:21:38Z
83,1298,add_to_cart,2026-04-08T18:06:38Z
83,455,checkout,2026-04-08T18:21:38Z
83,873,purchase,2026-04-08T18:43:38Z
83,1045,checkout,2026-04-08T18:47:38Z
83,106,remove_cart,2026-04-08T19:29:38Z
83,552,search,2026-04-08T19:37:38Z
83,719,wishlist,2026-04-08T19:55:38Z
83,656,remove_cart,2026-04-08T20:11:38Z
83,84,view,2026-04-08T20:23:38Z
83,1353,view,2026-04-08T20:27:38Z
83,585,wishlist,2026-04-08T20:41:38Z
83,1243,checkout,2026-04-08T20:59:38Z
83,379,click,2026-04-08T21:27:38Z
83,745,search,2026-04-08T21:59:38Z
83,229,wishlist,2026-04-08T22:19:38Z
83,28,click,2026-04-08T23:02:38Z
83,739,add_to_cart,2026-04-08T23:24:38Z
83,1207,wishlist,2026-04-09T00:12:38Z
83,1332,wishlist,2026-04-09T00:28:38Z
83,1197,search,2026-04-09T00:42:38Z
83,218,remove_cart,2026-04-09T00:48:38Z
83,1233,add_to_cart,2026-04-09T01:29:38Z
83,1202,click,2026-04-09T01:32:38Z
83,1444,purchase,2026-04-09T01:45:38Z
83,203,checkout,2026-04-09T02:45:38Z
83,1268,click,2026-04-09T03:20:38Z
83,1486,wishlist,2026-04-09T03:40:38Z
83,414,checkout,2026-04-09T04:29:38Z
83,262,add_to_cart,2026-04-09T04:32:38Z
83,1128,purchase,2026-04-09T04:59:38Z
84,750,view,2026-03-18T17:20:38Z
84,1290,wishlist,2026-03-18T17:49:38Z
84,241,view,2026-03-18T18:35:38Z
84,894,click,2026-03-18T19:34:38Z
84,989,add_to_cart,2026-03-18T19:39:38Z
84,1032,remove_cart,2026-03-18T20:13:38Z
84,1228,view,2026-03-18T20:24:38Z
84,265,search,2026-03-18T21:09:38Z
84,1160,search,2026-03-18T21:12:38Z
84,1421,view,2026-03-18T22:03:38Z
84,815,purchase,2026-03-18T22:51:38Z
84,1091,checkout,2026-03-18T23:35:38Z
84,897,click,2026-03-18T23:46:38Z
84,800,remove_cart,2026-03-19T00:22:38Z
84,557,remove_cart,2026-03-19T01:01:38Z
84,8,purchase,2026-03-19T01:13:38Z
84,447,add_to_cart,2026-03-19T01:50:38Z
84,1051,view,2026-03-19T02:47:38Z
84,1450,checkout,2026-03-19T03:20:38Z
84,452,search,2026-03-19T03:40:38Z
84,550,search,2026-03-19T04:26:38Z
84,459,click,2026-03-19T04:37:38Z
84,488,view,2026-03-19T05:12:38Z
84,1310,search,2026-03-19T05:15:38Z
84,569,add_to_cart,2026-03-19T06:12:38Z
84,106,add_to_cart,2026-03-19T06:30:38Z
84,431,purchase,2026-03-19T07:23:38Z
84,1329,click,2026-03-19T07:24:38Z
84,1240,wishlist,2026-03-19T08:05:38Z
84,171,wishlist,2026-03-19T08:26:38Z
84,274,search,2026-03-19T09:13:38Z
84,1253,remove_cart,2026-03-19T10:11:38Z
84,118,search,2026-03-19T10:32:38Z
84,729,view,2026-03-19T11:25:38Z
84,573,purchase,2026-03-19T12:12:38Z
84,33,add_to_cart,2026-03-19T12:29:38Z
84,1410,click,2026-03-19T13:16:38Z
84,528,remove_cart,2026-03-19T13:58:38Z
84,906,purchase,2026-03-19T14:51:38Z
84,551,purchase,2026-03-19T15:12:38Z
84,1290,purchase,2026-03-19T15:50:38Z
84,914,remove_cart,2026-03-19T16:00:38Z
84,1488,purchase,2026-03-19T16:47:38Z
84,304,remove_cart,2026-03-19T17:11:38Z
84,1016,checkout,2026-03-19T17:17:38Z
84,379,add_to_cart,2026-03-19T17:47:38Z
84,1167,add_to_cart,2026-03-19T18:00:38Z
84,370,checkout,2026-03-19T18:47:38Z
84,636,search,2026-03-19T18:49:38Z
84,364,add_to_cart,2026-03-19T19:46:38Z
84,1245,remove_cart,2026-03-19T20:30:38Z
84,294,purchase,2026-03-19T20:35:38Z
84,503,click,2026-03-19T21:03:38Z
84,1322,checkout,2026-03-19T22:02:38Z
84,1484,remove_cart,2026-03-19T22:09:38Z
84,25,add_to_cart,2026-03-19T22:56:38Z
84,787,click,2026-03-19T23:21:38Z
84,28,view,2026-03-19T23:29:38Z
84,509,view,2026-03-19T23:38:38Z
84,293,click,2026-03-19T23:56:38Z
84,20,view,2026-03-20T00:47:38Z
84,694,click,2026-03-20T01:22:38Z
84,286,click,2026-03-20T01:35:38Z
84,1153,checkout,2026-03-20T02:24:38Z
84,335,checkout,2026-03-20T03:17:38Z
85,500,view,2026-03-08T16:32:38Z
85,1114,click,2026-03-08T16:36:38Z
85,548,add_to_cart,2026-03-08T17:21:38Z
85,1114,remove_cart,2026-03-08T18:02:38Z
85,44,view,2026-03-08T18:10:38Z
85,1116,view,2026-03-08T18:17:38Z
85,1048,search,2026-03-08T18:24:38Z
85,3,remove_cart,2026-03-08T18:34:38Z
85,465,purchase,2026-03-08T18:36:38Z
85,302,remove_cart,2026-03-08T19:01:38Z
85,588,wishlist,2026-03-08T19:43:38Z
85,1402,purchase,2026-03-08T20:42:38Z
85,1465,remove_cart,2026-03-08T21:26:38Z
85,348,click,2026-03-08T21:58:38Z
85,209,click,2026-03-08T22:13:38Z
85,157,search,2026-03-08T22:36:38Z
85,739,wishlist,2026-03-08T22:44:38Z
85,89,click,2026-03-08T23:42:38Z
85,878,add_to_cart,2026-03-08T23:54:38Z
85,372,wishlist,2026-03-09T00:33:38Z
85,1367,remove_cart,2026-03-09T00:43:38Z
85,588,search,2026-03-09T01:23:38Z
85,213,wishlist,2026-03-09T02:20:38Z
85,1023,search,2026-03-09T03:19:38Z
85,544,wishlist,2026-03-09T04:19:38Z
85,5,click,2026-03-09T05:10:38Z
85,1344,add_to_cart,2026-03-09T06:00:38Z
85,303,add_to_cart,2026-03-09T06:21:38Z
85,1478,remove_cart,2026-03-09T06:50:38Z
85,138,checkout,2026-03-09T07:43:38Z
85,876,click,2026-03-09T08:20:38Z
85,186,search,2026-03-09T08:30:38Z
85,373,wishlist,2026-03-09T08:39:38Z
85,654,remove_cart,2026-03-09T09:02:38Z
85,986,checkout,2026-03-09T09:30:38Z
85,1304,remove_cart,2026-03-09T10:09:38Z
85,1340,wishlist,2026-03-09T10:18:38Z
85,858,purchase,2026-03-09T10:43:38Z
85,1094,checkout,2026-03-09T11:18:38Z
86,172,search,2026-02-10T16:47:38Z
86,1465,view,2026-02-10T17:25:38Z
86,1080,click,2026-02-10T17:52:38Z
86,179,purchase,2026-02-10T18:37:38Z
86,6,purchase,2026-02-10T19:01:38Z
86,36,purchase,2026-02-10T19:56:38Z
86,971,wishlist,2026-02-10T20:32:38Z
86,226,add_to_cart,2026-02-10T21:31:38Z
86,716,view,2026-02-10T22:30:38Z
86,286,wishlist,2026-02-10T23:25:38Z
86,296,search,2026-02-10T23:55:38Z
86,432,remove_cart,2026-02-11T00:11:38Z
86,283,purchase,2026-02-11T00:15:38Z
86,1442,click,2026-02-11T01:00:38Z
86,54,add_to_cart,2026-02-11T01:25:38Z
86,111,remove_cart,2026-02-11T01:49:38Z
86,1192,click,2026-02-11T02:32:38Z
86,1217,click,2026-02-11T03:03:38Z
86,301,add_to_cart,2026-02-11T03:05:38Z
86,162,wishlist,2026-02-11T03:15:38Z
86,26,purchase,2026-02-11T03:20:38Z
86,374,remove_cart,2026-02-11T03:30:38Z
86,287,checkout,2026-02-11T04:18:38Z
86,843,search,2026-02-11T04:49:38Z
86,1321,wishlist,2026-02-11T05:18:38Z
86,228,view,2026-02-11T05:37:38Z
86,1316,add_to_cart,2026-02-11T05:41:38Z
86,356,view,2026-02-11T06:20:38Z
86,812,add_to_cart,2026-02-11T06:21:38Z
86,931,remove_cart,2026-02-11T07:05:38Z
86,1172,search,2026-02-11T08:04:38Z
86,466,search,2026-02-11T08:50:38Z
86,322,remove_cart,2026-02-11T09:50:38Z
86,1069,search,2026-02-11T09:56:38Z
86,434,remove_cart,2026-02-11T10:05:38Z
86,115,remove_cart,2026-02-11T10:45:38Z
86,377,purchase,2026-02-11T11:11:38Z
86,1419,click,2026-02-11T12:04:38Z
86,642,checkout,2026-02-11T12:35:38Z
86,780,remove_cart,2026-02-11T13:28:38Z
86,761,add_to_cart,2026-02-11T13:32:38Z
86,553,remove_cart,2026-02-11T13:45:38Z
86,160,click,2026-02-11T13:52:38Z
86,688,wishlist,2026-02-11T14:31:38Z
86,578,view,2026-02-11T14:47:38Z
86,219,add_to_cart,2026-02-11T15:22:38Z
86,1223,click,2026-02-11T15:36:38Z
86,634,view,2026-02-11T16:25:38Z
86,414,purchase,2026-02-11T17:01:38Z
86,552,view,2026-02-11T17:17:38Z
86,1157,click,2026-02-11T17:54:38Z
87,99,view,2026-02-06T16:25:38Z
87,191,click,2026-02-06T16:46:38Z
87,18,add_to_cart,2026-02-06T17:06:38Z
87,579,remove_cart,2026-02-06T17:29:38Z
87,1025,view,2026-02-06T17:55:38Z
87,801,purchase,2026-02-06T18:16:38Z
87,1440,wishlist,2026-02-06T18:25:38Z
87,835,click,2026-02-06T18:47:38Z
87,308,click,2026-02-06T19:20:38Z
87,783,view,2026-02-06T19:58:38Z
87,77,checkout,2026-02-06T20:36:38Z
87,311,search,2026-02-06T20:47:38Z
87,1282,checkout,2026-02-06T20:53:38Z
87,475,click,2026-02-06T21:39:38Z
87,1396,purchase,2026-02-06T22:31:38Z
87,1472,add_to_cart,2026-02-06T23:21:38Z
87,1058,add_to_cart,2026-02-06T23:54:38Z
87,269,wishlist,2026-02-07T00:23:38Z
87,738,wishlist,2026-02-07T00:42:38Z
87,1460,remove_cart,2026-02-07T00:45:38Z
87,428,remove_cart,2026-02-07T01:01:38Z
87,1162,click,2026-02-07T01:11:38Z
88,31,view,2026-02-15T17:14:38Z
88,634,click,2026-02-15T17:24:38Z
88,179,add_to_cart,2026-02-15T18:00:38Z
88,193,checkout,2026-02-15T18:32:38Z
88,643,purchase,2026-02-15T19:02:38Z
88,606,add_to_cart,2026-02-15T20:02:38Z
88,574,add_to_cart,2026-02-15T20:07:38Z
88,183,wishlist,2026-02-15T20:30:38Z
88,1456,click,2026-02-15T20:42:38Z
88,970,checkout,2026-02-15T20:59:38Z
88,906,search,2026-02-15T21:48:38Z
88,1165,add_to_cart,2026-02-15T21:56:38Z
88,745,checkout,2026-02-15T21:59:38Z
88,838,search,2026-02-15T22:25:38Z
88,752,add_to_cart,2026-02-15T22:54:38Z
88,171,wishlist,2026-02-15T23:18:38Z
88,922,remove_cart,2026-02-15T23:51:38Z
88,1398,search,2026-02-16T00:48:38Z
88,1319,view,2026-02-16T01:28:38Z
88,502,view,2026-02-16T02:16:38Z
88,216,view,2026-02-16T02:26:38Z
88,325,search,2026-02-16T02:51:38Z
88,150,remove_cart,2026-02-16T03:46:38Z
88,947,purchase,2026-02-16T04:11:38Z
88,955,click,2026-02-16T04:34:38Z
88,1096,checkout,2026-02-16T05:16:38Z
88,176,checkout,2026-02-16T05:23:38Z
88,222,add_to_cart,2026-02-16T06:10:38Z
88,888,remove_cart,2026-02-16T07:00:38Z
88,674,purchase,2026-02-16T07:26:38Z
88,702,click,2026-02-16T07:47:38Z
88,1439,checkout,2026-02-16T08:01:38Z
88,571,checkout,2026-02-16T08:09:38Z
88,1117,checkout,2026-02-16T08:12:38Z
88,299,add_to_cart,2026-02-16T08:43:38Z
88,1164,purchase,2026-02-16T09:04:38Z
88,779,view,2026-02-16T09:43:38Z
88,741,view,2026-02-16T10:43:38Z
88,438,remove_cart,2026-02-16T11:14:38Z
88,47,view,2026-02-16T11:28:38Z
88,517,remove_cart,2026-02-16T11:46:38Z
88,291,add_to_cart,2026-02-16T11:52:38Z
88,830,click,2026-02-16T12:10:38Z
88,1459,click,2026-02-16T12:30:38Z
88,860,checkout,2026-02-16T13:26:38Z
88,532,purchase,2026-02-16T14:09:38Z
88,111,add_to_cart,2026-02-16T15:03:38Z
88,878,click,2026-02-16T16:01:38Z
88,609,wishlist,2026-02-16T16:50:38Z
88,716,add_to_cart,2026-02-16T17:03:38Z
88,974,remove_cart,2026-02-16T17:34:38Z
88,895,add_to_cart,2026-02-16T18:19:38Z
88,1420,wishlist,2026-02-16T19:18:38Z
88,21,remove_cart,2026-02-16T20:11:38Z
88,1481,purchase,2026-02-16T20:16:38Z
88,1361,add_to_cart,2026-02-16T20:37:38Z
88,309,wishlist,2026-02-16T20:38:38Z
88,303,checkout,2026-02-16T21:38:38Z
88,649,checkout,2026-02-16T22:34:38Z
88,1381,click,2026-02-16T23:25:38Z
89,258,view,2026-03-17T16:51:38Z
89,921,click,2026-03-17T17:32:38Z
89,1185,add_to_cart,2026-03-17T18:13:38Z
89,75,checkout,2026-03-17T18:20:38Z
89,385,purchase,2026-03-17T18:34:38Z
89,1119,remove_cart,2026-03-17T19:19:38Z
89,774,add_to_cart,2026-03-17T19:58:38Z
89,430,purchase,2026-03-17T20:21:38Z
89,1182,purchase,2026-03-17T21:05:38Z
89,746,view,2026-03-17T21:29:38Z
89,629,view,2026-03-17T21:49:38Z
89,1023,click,2026-03-17T22:34:38Z
89,841,checkout,2026-03-17T23:01:38Z
89,1111,wishlist,2026-03-17T23:24:38Z
89,688,remove_cart,2026-03-17T23:58:38Z
89,361,click,2026-03-18T00:58:38Z
89,765,checkout,2026-03-18T01:26:38Z
89,1219,add_to_cart,2026-03-18T02:02:38Z
89,893,add_to_cart,2026-03-18T02:37:38Z
89,1351,remove_cart,2026-03-18T02:56:38Z
89,581,remove_cart,2026-03-18T03:37:38Z
89,213,click,2026-03-18T03:43:38Z
89,34,click,2026-03-18T04:25:38Z
89,1017,remove_cart,2026-03-18T04:32:38Z
89,910,click,2026-03-18T05:13:38Z
89,594,view,2026-03-18T05:56:38Z
89,457,remove_cart,2026-03-18T06:10:38Z
89,781,checkout,2026-03-18T06:46:38Z
89,962,click,2026-03-18T06:59:38Z
89,951,click,2026-03-18T07:22:38Z
89,1321,remove_cart,2026-03-18T08:21:38Z
89,768,remove_cart,2026-03-18T08:22:38Z
89,581,purchase,2026-03-18T08:55:38Z
89,1349,search,2026-03-18T09:52:38Z
89,850,search,2026-03-18T10:12:38Z
89,850,purchase,2026-03-18T10:13:38Z
89,54,view,2026-03-18T10:14:38Z
89,767,add_to_cart,2026-03-18T11:05:38Z
89,350,wishlist,2026-03-18T11:27:38Z
89,1139,remove_cart,2026-03-18T11:43:38Z
89,1263,remove_cart,2026-03-18T11:56:38Z
89,106,remove_cart,2026-03-18T12:50:38Z
89,1304,remove_cart,2026-03-18T12:59:38Z
89,356,remove_cart,2026-03-18T13:46:38Z
89,652,remove_cart,2026-03-18T14:44:38Z
89,474,add_to_cart,2026-03-18T15:12:38Z
90,1182,view,2026-04-03T17:03:38Z
90,803,click,2026-04-03T17:54:38Z
90,1285,add_to_cart,2026-04-03T18:48:38Z
90,533,checkout,2026-04-03T19:47:38Z
90,1133,purchase,2026-04-03T20:41:38Z
90,418,add_to_cart,2026-04-03T21:02:38Z
90,53,click,2026-04-03T21:08:38Z
90,1288,remove_cart,2026-04-03T21:09:38Z
90,1266,add_to_cart,2026-04-03T21:11:38Z
90,784,click,2026-04-03T21:48:38Z
90,268,view,2026-04-03T22:36:38Z
90,1294,checkout,2026-04-03T23:17:38Z
90,491,wishlist,2026-04-03T23:29:38Z
90,397,purchase,2026-04-03T23:49:38Z
90,775,purchase,2026-04-04T00:36:38Z
90,106,search,2026-04-04T01:19:38Z
90,295,search,2026-04-04T01:25:38Z
90,1187,view,2026-04-04T02:06:38Z
90,941,click,2026-04-04T02:14:38Z
90,291,click,2026-04-04T02:21:38Z
90,370,search,2026-04-04T02:38:38Z
90,1013,click,2026-04-04T02:43:38Z
90,426,wishlist,2026-04-04T03:42:38Z
90,1006,remove_cart,2026-04-04T03:49:38Z
90,151,view,2026-04-04T04:16:38Z
90,157,checkout,2026-04-04T04:57:38Z
91,643,view,2026-01-22T16:47:38Z
91,924,click,2026-01-22T17:28:38Z
91,330,add_to_cart,2026-01-22T18:20:38Z
91,612,remove_cart,2026-01-22T18:32:38Z
91,366,view,2026-01-22T18:33:38Z
91,703,view,2026-01-22T18:41:38Z
91,1258,wishlist,2026-01-22T19:12:38Z
91,1069,view,2026-01-22T19:23:38Z
91,250,search,2026-01-22T20:23:38Z
91,61,purchase,2026-01-22T21:02:38Z
91,1049,view,2026-01-22T21:36:38Z
91,748,add_to_cart,2026-01-22T21:50:38Z
91,445,click,2026-01-22T22:48:38Z
91,284,view,2026-01-22T23:09:38Z
91,1491,purchase,2026-01-22T23:15:38Z
91,561,add_to_cart,2026-01-22T23:33:38Z
91,189,checkout,2026-01-22T23:46:38Z
91,1130,wishlist,2026-01-23T00:32:38Z
91,1016,search,2026-01-23T01:02:38Z
91,820,remove_cart,2026-01-23T01:35:38Z
91,355,purchase,2026-01-23T01:52:38Z
91,1470,purchase,2026-01-23T02:36:38Z
91,211,search,2026-01-23T03:02:38Z
91,422,search,2026-01-23T03:13:38Z
91,914,checkout,2026-01-23T03:41:38Z
91,557,remove_cart,2026-01-23T04:20:38Z
91,221,wishlist,2026-01-23T05:00:38Z
91,410,remove_cart,2026-01-23T05:28:38Z
91,1296,wishlist,2026-01-23T05:52:38Z
91,343,click,2026-01-23T06:21:38Z
91,519,view,2026-01-23T06:54:38Z
91,1237,remove_cart,2026-01-23T07:13:38Z
91,62,wishlist,2026-01-23T07:39:38Z
92,381,view,2026-03-27T16:50:38Z
92,503,wishlist,2026-03-27T17:13:38Z
92,441,view,2026-03-27T17:18:38Z
92,762,click,2026-03-27T18:01:38Z
92,298,add_to_cart,2026-03-27T18:25:38Z
92,20,wishlist,2026-03-27T18:33:38Z
92,23,wishlist,2026-03-27T19:18:38Z
92,954,wishlist,2026-03-27T19:32:38Z
92,477,wishlist,2026-03-27T20:30:38Z
92,581,click,2026-03-27T20:55:38Z
92,446,purchase,2026-03-27T21:29:38Z
92,570,click,2026-03-27T22:05:38Z
92,1324,click,2026-03-27T22:42:38Z
92,892,remove_cart,2026-03-27T23:26:38Z
92,656,wishlist,2026-03-28T00:19:38Z
92,102,purchase,2026-03-28T00:32:38Z
92,96,checkout,2026-03-28T01:04:38Z
92,245,search,2026-03-28T01:31:38Z
92,351,click,2026-03-28T02:00:38Z
92,785,wishlist,2026-03-28T02:38:38Z
92,44,purchase,2026-03-28T03:15:38Z
92,1319,search,2026-03-28T03:17:38Z
92,946,view,2026-03-28T04:16:38Z
92,825,search,2026-03-28T04:25:38Z
92,1093,view,2026-03-28T05:23:38Z
92,1321,view,2026-03-28T05:45:38Z
92,963,view,2026-03-28T05:50:38Z
93,650,view,2026-02-25T16:40:38Z
93,709,wishlist,2026-02-25T17:29:38Z
93,164,view,2026-02-25T17:55:38Z
93,642,click,2026-02-25T18:31:38Z
93,1255,add_to_cart,2026-02-25T19:03:38Z
93,612,view,2026-02-25T19:29:38Z
93,1313,checkout,2026-02-25T20:01:38Z
93,766,click,2026-02-25T20:55:38Z
93,459,click,2026-02-25T20:57:38Z
93,22,view,2026-02-25T21:50:38Z
93,662,add_to_cart,2026-02-25T21:57:38Z
93,349,remove_cart,2026-02-25T22:12:38Z
93,1483,click,2026-02-25T22:25:38Z
93,1101,wishlist,2026-02-25T23:18:38Z
93,1410,view,2026-02-26T00:18:38Z
93,89,view,2026-02-26T00:35:38Z
93,624,click,2026-02-26T00:39:38Z
93,675,click,2026-02-26T00:56:38Z
93,1431,remove_cart,2026-02-26T01:14:38Z
93,283,add_to_cart,2026-02-26T02:14:38Z
93,259,checkout,2026-02-26T02:22:38Z
93,304,wishlist,2026-02-26T03:18:38Z
93,916,remove_cart,2026-02-26T03:59:38Z
93,1081,click,2026-02-26T04:33:38Z
93,979,purchase,2026-02-26T05:10:38Z
93,660,checkout,2026-02-26T05:28:38Z
94,541,search,2026-02-17T16:28:38Z
94,607,view,2026-02-17T17:18:38Z
94,170,click,2026-02-17T18:04:38Z
94,497,wishlist,2026-02-17T18:40:38Z
94,160,purchase,2026-02-17T19:25:38Z
94,124,click,2026-02-17T19:57:38Z
94,1374,purchase,2026-02-17T19:58:38Z
94,789,purchase,2026-02-17T20:28:38Z
94,215,purchase,2026-02-17T21:00:38Z
94,1210,wishlist,2026-02-17T21:14:38Z
94,639,wishlist,2026-02-17T22:03:38Z
94,316,checkout,2026-02-17T22:45:38Z
94,267,click,2026-02-17T23:44:38Z
94,745,purchase,2026-02-18T00:43:38Z
94,1271,remove_cart,2026-02-18T01:12:38Z
94,820,purchase,2026-02-18T02:02:38Z
94,570,purchase,2026-02-18T02:07:38Z
94,1406,remove_cart,2026-02-18T02:18:38Z
94,1183,search,2026-02-18T03:14:38Z
94,945,click,2026-02-18T03:24:38Z
94,226,click,2026-02-18T04:12:38Z
94,944,purchase,2026-02-18T04:14:38Z
94,59,add_to_cart,2026-02-18T04:32:38Z
94,1088,checkout,2026-02-18T05:15:38Z
94,544,checkout,2026-02-18T05:38:38Z
94,1128,click,2026-02-18T06:38:38Z
94,884,click,2026-02-18T07:01:38Z
94,813,purchase,2026-02-18T07:11:38Z
94,684,remove_cart,2026-02-18T07:44:38Z
94,559,view,2026-02-18T08:13:38Z
94,101,wishlist,2026-02-18T08:20:38Z
94,866,remove_cart,2026-02-18T09:07:38Z
94,388,purchase,2026-02-18T09:26:38Z
94,1217,remove_cart,2026-02-18T09:38:38Z
94,1245,search,2026-02-18T10:12:38Z
94,888,checkout,2026-02-18T10:46:38Z
94,103,click,2026-02-18T11:30:38Z
94,450,purchase,2026-02-18T11:38:38Z
94,74,click,2026-02-18T11:42:38Z
94,135,search,2026-02-18T11:58:38Z
94,464,click,2026-02-18T12:16:38Z
94,805,remove_cart,2026-02-18T12:42:38Z
94,1417,click,2026-02-18T12:57:38Z
94,422,search,2026-02-18T13:29:38Z
94,417,add_to_cart,2026-02-18T14:20:38Z
94,590,wishlist,2026-02-18T15:01:38Z
94,7,search,2026-02-18T15:48:38Z
94,1031,click,2026-02-18T16:00:38Z
94,626,checkout,2026-02-18T16:48:38Z
94,646,purchase,2026-02-18T16:59:38Z
94,384,click,2026-02-18T17:10:38Z
94,933,wishlist,2026-02-18T18:08:38Z
94,1365,add_to_cart,2026-02-18T18:09:38Z
94,685,checkout,2026-02-18T18:37:38Z
94,541,view,2026-02-18T18:49:38Z
94,1392,click,2026-02-18T19:00:38Z
94,722,view,2026-02-18T19:39:38Z
94,3,checkout,2026-02-18T20:17:38Z
94,507,checkout,2026-02-18T21:13:38Z
94,93,checkout,2026-02-18T21:21:38Z
94,1393,view,2026-02-18T21:58:38Z
94,468,search,2026-02-18T22:52:38Z
94,301,add_to_cart,2026-02-18T23:41:38Z
94,624,click,2026-02-18T23:48:38Z
94,1005,wishlist,2026-02-19T00:17:38Z
94,528,wishlist,2026-02-19T00:52:38Z
94,747,checkout,2026-02-19T01:09:38Z
94,723,checkout,2026-02-19T01:10:38Z
94,684,search,2026-02-19T01:56:38Z
95,553,view,2026-02-12T16:30:38Z
95,1064,click,2026-02-12T17:14:38Z
95,1311,add_to_cart,2026-02-12T18:01:38Z
95,303,remove_cart,2026-02-12T18:03:38Z
95,452,view,2026-02-12T18:30:38Z
95,1020,add_to_cart,2026-02-12T18:53:38Z
95,1183,view,2026-02-12T19:09:38Z
95,423,remove_cart,2026-02-12T19:33:38Z
95,774,click,2026-02-12T19:46:38Z
95,1284,click,2026-02-12T20:04:38Z
95,1080,checkout,2026-02-12T21:01:38Z
95,1391,add_to_cart,2026-02-12T21:18:38Z
95,679,wishlist,2026-02-12T22:15:38Z
95,855,remove_cart,2026-02-12T22:53:38Z
95,391,search,2026-02-12T23:13:38Z
95,1066,view,2026-02-12T23:51:38Z
95,1255,wishlist,2026-02-13T00:45:38Z
95,932,click,2026-02-13T01:13:38Z
95,226,wishlist,2026-02-13T01:32:38Z
95,1404,view,2026-02-13T02:04:38Z
95,1395,add_to_cart,2026-02-13T02:34:38Z
95,594,add_to_cart,2026-02-13T03:08:38Z
95,998,add_to_cart,2026-02-13T03:28:38Z
95,604,search,2026-02-13T03:33:38Z
95,84,view,2026-02-13T04:03:38Z
95,1215,purchase,2026-02-13T04:22:38Z
95,1001,click,2026-02-13T04:26:38Z
95,882,search,2026-02-13T04:27:38Z
95,2,wishlist,2026-02-13T05:10:38Z
95,283,view,2026-02-13T05:27:38Z
95,581,wishlist,2026-02-13T06:24:38Z
95,1461,add_to_cart,2026-02-13T06:30:38Z
95,403,search,2026-02-13T06:40:38Z
95,166,remove_cart,2026-02-13T07:18:38Z
95,66,search,2026-02-13T07:33:38Z
95,727,checkout,2026-02-13T08:33:38Z
95,1390,purchase,2026-02-13T09:25:38Z
95,818,remove_cart,2026-02-13T09:53:38Z
95,536,click,2026-02-13T10:51:38Z
95,637,search,2026-02-13T11:30:38Z
95,893,add_to_cart,2026-02-13T12:07:38Z
95,1185,wishlist,2026-02-13T12:59:38Z
95,409,add_to_cart,2026-02-13T13:43:38Z
95,853,search,2026-02-13T13:52:38Z
95,625,purchase,2026-02-13T14:12:38Z
95,1161,click,2026-02-13T14:32:38Z
95,376,checkout,2026-02-13T15:07:38Z
95,895,remove_cart,2026-02-13T15:58:38Z
95,1079,click,2026-02-13T16:07:38Z
95,642,checkout,2026-02-13T16:52:38Z
95,726,wishlist,2026-02-13T17:22:38Z
95,862,remove_cart,2026-02-13T17:52:38Z
95,57,remove_cart,2026-02-13T18:22:38Z
95,863,view,2026-02-13T19:12:38Z
95,288,click,2026-02-13T20:01:38Z
95,497,search,2026-02-13T20:52:38Z
95,1272,wishlist,2026-02-13T21:01:38Z
95,805,search,2026-02-13T21:05:38Z
95,1373,add_to_cart,2026-02-13T21:31:38Z
95,1061,view,2026-02-13T22:01:38Z
95,112,checkout,2026-02-13T22:55:38Z
95,554,click,2026-02-13T22:59:38Z
95,1218,click,2026-02-13T23:21:38Z
95,596,click,2026-02-14T00:14:38Z
95,679,checkout,2026-02-14T00:59:38Z
95,1198,view,2026-02-14T01:07:38Z
95,420,view,2026-02-14T01:52:38Z
95,1015,add_to_cart,2026-02-14T02:28:38Z
95,1384,add_to_cart,2026-02-14T02:43:38Z
95,1287,add_to_cart,2026-02-14T03:03:38Z
95,14,search,2026-02-14T03:50:38Z
95,1409,checkout,2026-02-14T04:30:38Z
95,138,purchase,2026-02-14T04:38:38Z
95,1237,view,2026-02-14T04:48:38Z
95,199,click,2026-02-14T05:22:38Z
95,213,purchase,2026-02-14T05:36:38Z
95,1036,checkout,2026-02-14T05:38:38Z
96,250,view,2026-02-28T17:22:38Z
96,829,click,2026-02-28T17:42:38Z
96,377,add_to_cart,2026-02-28T18:13:38Z
96,482,checkout,2026-02-28T19:06:38Z
96,1120,purchase,2026-02-28T20:00:38Z
96,1255,search,2026-02-28T20:53:38Z
96,1348,checkout,2026-02-28T21:48:38Z
96,300,click,2026-02-28T22:16:38Z
96,291,view,2026-02-28T22:28:38Z
96,1048,purchase,2026-02-28T22:39:38Z
96,984,purchase,2026-02-28T23:10:38Z
96,1368,search,2026-02-28T23:29:38Z
96,1010,click,2026-03-01T00:07:38Z
96,564,wishlist,2026-03-01T00:50:38Z
96,1429,remove_cart,2026-03-01T01:15:38Z
96,854,click,2026-03-01T01:45:38Z
96,58,remove_cart,2026-03-01T01:55:38Z
96,247,search,2026-03-01T02:25:38Z
96,1189,remove_cart,2026-03-01T02:26:38Z
96,1322,search,2026-03-01T02:29:38Z
96,727,checkout,2026-03-01T02:32:38Z
96,1481,add_to_cart,2026-03-01T03:02:38Z
96,19,checkout,2026-03-01T03:20:38Z
96,1026,add_to_cart,2026-03-01T03:43:38Z
96,1447,purchase,2026-03-01T04:06:38Z
96,129,remove_cart,2026-03-01T04:39:38Z
96,311,add_to_cart,2026-03-01T05:21:38Z
96,1473,wishlist,2026-03-01T06:03:38Z
96,1465,wishlist,2026-03-01T06:33:38Z
96,1349,add_to_cart,2026-03-01T06:51:38Z
96,807,search,2026-03-01T07:51:38Z
96,1322,click,2026-03-01T08:50:38Z
96,967,checkout,2026-03-01T09:15:38Z
96,1452,add_to_cart,2026-03-01T09:52:38Z
96,1430,search,2026-03-01T10:01:38Z
96,1190,wishlist,2026-03-01T10:39:38Z
96,1265,wishlist,2026-03-01T11:17:38Z
96,93,remove_cart,2026-03-01T11:22:38Z
96,326,view,2026-03-01T12:17:38Z
96,1363,purchase,2026-03-01T12:24:38Z
96,1392,click,2026-03-01T12:56:38Z
96,475,checkout,2026-03-01T13:17:38Z
96,357,purchase,2026-03-01T13:24:38Z
96,861,remove_cart,2026-03-01T14:13:38Z
96,1254,click,2026-03-01T14:17:38Z
96,77,search,2026-03-01T14:25:38Z
96,767,click,2026-03-01T14:54:38Z
96,357,view,2026-03-01T15:54:38Z
97,273,view,2026-04-06T16:47:38Z
97,1176,click,2026-04-06T17:28:38Z
97,410,add_to_cart,2026-04-06T18:04:38Z
97,518,remove_cart,2026-04-06T18:17:38Z
97,897,view,2026-04-06T18:49:38Z
97,413,search,2026-04-06T19:04:38Z
97,1083,add_to_cart,2026-04-06T19:32:38Z
97,1193,purchase,2026-04-06T19:38:38Z
97,1370,view,2026-04-06T20:19:38Z
97,69,click,2026-04-06T20:33:38Z
97,11,add_to_cart,2026-04-06T21:31:38Z
97,836,wishlist,2026-04-06T22:21:38Z
97,380,click,2026-04-06T22:43:38Z
97,425,checkout,2026-04-06T22:56:38Z
97,722,checkout,2026-04-06T23:29:38Z
97,1145,wishlist,2026-04-07T00:09:38Z
97,138,add_to_cart,2026-04-07T01:01:38Z
97,1281,checkout,2026-04-07T01:29:38Z
97,146,remove_cart,2026-04-07T02:25:38Z
97,1060,click,2026-04-07T02:34:38Z
97,242,search,2026-04-07T02:41:38Z
97,106,checkout,2026-04-07T02:56:38Z
97,459,wishlist,2026-04-07T02:58:38Z
97,515,search,2026-04-07T03:58:38Z
97,733,remove_cart,2026-04-07T04:44:38Z
97,324,click,2026-04-07T05:40:38Z
97,1095,search,2026-04-07T05:45:38Z
97,1061,purchase,2026-04-07T06:40:38Z
97,1267,search,2026-04-07T07:06:38Z
97,1429,view,2026-04-07T07:41:38Z
97,965,click,2026-04-07T08:19:38Z
97,62,search,2026-04-07T09:01:38Z
97,864,view,2026-04-07T09:23:38Z
97,686,search,2026-04-07T09:36:38Z
97,419,view,2026-04-07T09:45:38Z
97,1359,wishlist,2026-04-07T10:45:38Z
97,1011,view,2026-04-07T11:01:38Z
97,1155,click,2026-04-07T11:53:38Z
97,145,view,2026-04-07T12:16:38Z
97,1255,remove_cart,2026-04-07T12:55:38Z
98,555,view,2026-04-09T16:31:38Z
98,86,click,2026-04-09T17:18:38Z
98,73,add_to_cart,2026-04-09T17:25:38Z
98,1040,remove_cart,2026-04-09T17:57:38Z
98,1332,view,2026-04-09T18:12:38Z
98,979,wishlist,2026-04-09T18:40:38Z
98,467,search,2026-04-09T19:31:38Z
98,114,view,2026-04-09T20:31:38Z
98,402,view,2026-04-09T21:21:38Z
98,1401,remove_cart,2026-04-09T22:05:38Z
98,988,view,2026-04-09T22:41:38Z
98,773,view,2026-04-09T23:06:38Z
98,1437,add_to_cart,2026-04-09T23:34:38Z
98,283,remove_cart,2026-04-10T00:10:38Z
98,242,click,2026-04-10T00:39:38Z
98,397,wishlist,2026-04-10T01:02:38Z
98,119,wishlist,2026-04-10T01:30:38Z
98,189,purchase,2026-04-10T01:45:38Z
98,846,view,2026-04-10T02:00:38Z
98,31,view,2026-04-10T02:52:38Z
98,117,purchase,2026-04-10T03:45:38Z
98,260,click,2026-04-10T03:49:38Z
98,579,checkout,2026-04-10T04:01:38Z
98,717,view,2026-04-10T04:22:38Z
98,266,purchase,2026-04-10T04:41:38Z
98,1347,remove_cart,2026-04-10T05:12:38Z
98,158,click,2026-04-10T05:55:38Z
98,1114,click,2026-04-10T06:12:38Z
98,1445,purchase,2026-04-10T06:44:38Z
98,452,wishlist,2026-04-10T07:42:38Z
98,620,checkout,2026-04-10T08:28:38Z
98,1130,wishlist,2026-04-10T09:18:38Z
98,1339,search,2026-04-10T10:14:38Z
98,548,purchase,2026-04-10T10:48:38Z
98,1109,wishlist,2026-04-10T11:33:38Z
98,710,click,2026-04-10T11:37:38Z
98,1274,remove_cart,2026-04-10T12:23:38Z
98,161,checkout,2026-04-10T12:41:38Z
98,281,purchase,2026-04-10T13:40:38Z
98,1133,purchase,2026-04-10T14:00:38Z
98,763,purchase,2026-04-10T14:08:38Z
98,482,add_to_cart,2026-04-10T14:11:38Z
98,930,checkout,2026-04-10T14:53:38Z
98,1022,click,2026-04-10T14:55:38Z
98,570,view,2026-04-10T15:13:38Z
98,174,remove_cart,2026-04-10T15:33:38Z
98,1249,view,2026-04-10T15:51:38Z
98,39,remove_cart,2026-04-10T16:23:38Z
98,910,remove_cart,2026-04-10T16:48:38Z
98,422,view,2026-04-10T17:03:38Z
98,1352,remove_cart,2026-04-10T17:15:38Z
98,108,remove_cart,2026-04-10T17:50:38Z
98,1110,search,2026-04-10T17:53:38Z
98,54,wishlist,2026-04-10T18:53:38Z
98,538,wishlist,2026-04-10T19:53:38Z
98,57,purchase,2026-04-10T20:42:38Z
98,1273,wishlist,2026-04-10T21:29:38Z
98,876,remove_cart,2026-04-10T22:25:38Z
98,224,view,2026-04-10T23:17:38Z
98,1389,remove_cart,2026-04-11T00:04:38Z
98,1096,search,2026-04-11T00:59:38Z
98,1173,checkout,2026-04-11T01:27:38Z
98,781,search,2026-04-11T01:38:38Z
98,488,checkout,2026-04-11T02:26:38Z
98,32,add_to_cart,2026-04-11T03:25:38Z
98,1398,search,2026-04-11T04:17:38Z
98,512,search,2026-04-11T04:23:38Z
98,1170,search,2026-04-11T04:45:38Z
98,1261,remove_cart,2026-04-11T04:48:38Z
98,551,search,2026-04-11T05:12:38Z
98,1338,search,2026-04-11T06:03:38Z
98,629,view,2026-04-11T06:11:38Z
98,542,wishlist,2026-04-11T07:05:38Z
98,948,add_to_cart,2026-04-11T07:34:38Z
98,19,view,2026-04-11T08:03:38Z
98,735,checkout,2026-04-11T08:06:38Z
98,1140,checkout,2026-04-11T08:47:38Z
98,120,purchase,2026-04-11T09:14:38Z
98,1250,click,2026-04-11T09:32:38Z
99,369,view,2026-03-10T16:51:38Z
99,566,click,2026-03-10T17:08:38Z
99,1014,add_to_cart,2026-03-10T17:25:38Z
99,466,checkout,2026-03-10T17:34:38Z
99,358,purchase,2026-03-10T18:15:38Z
99,1266,add_to_cart,2026-03-10T19:11:38Z
99,235,view,2026-03-10T19:26:38Z
99,1402,view,2026-03-10T19:38:38Z
99,650,checkout,2026-03-10T20:16:38Z
99,1470,view,2026-03-10T20:52:38Z
99,1464,purchase,2026-03-10T20:56:38Z
99,34,search,2026-03-10T21:13:38Z
99,1472,wishlist,2026-03-10T21:48:38Z
99,481,view,2026-03-10T22:27:38Z
99,159,wishlist,2026-03-10T22:34:38Z
99,1047,checkout,2026-03-10T22:42:38Z
99,418,click,2026-03-10T22:58:38Z
99,761,wishlist,2026-03-10T23:35:38Z
99,1315,remove_cart,2026-03-10T23:40:38Z
99,580,remove_cart,2026-03-11T00:37:38Z
99,669,add_to_cart,2026-03-11T00:39:38Z
99,836,wishlist,2026-03-11T01:01:38Z
99,603,wishlist,2026-03-11T01:32:38Z
99,755,view,2026-03-11T01:43:38Z
99,308,view,2026-03-11T02:02:38Z
99,1248,view,2026-03-11T02:09:38Z
99,642,purchase,2026-03-11T03:01:38Z
99,776,wishlist,2026-03-11T03:15:38Z
99,1488,view,2026-03-11T03:58:38Z
99,1330,add_to_cart,2026-03-11T04:23:38Z
99,460,click,2026-03-11T04:28:38Z
99,249,remove_cart,2026-03-11T05:03:38Z
99,968,view,2026-03-11T05:42:38Z
99,552,checkout,2026-03-11T06:03:38Z
99,1179,purchase,2026-03-11T06:57:38Z
99,500,search,2026-03-11T07:56:38Z
99,742,wishlist,2026-03-11T08:12:38Z
99,645,purchase,2026-03-11T08:42:38Z
99,494,click,2026-03-11T09:27:38Z
99,840,checkout,2026-03-11T10:14:38Z
99,721,wishlist,2026-03-11T10:20:38Z
99,742,click,2026-03-11T11:19:38Z
99,472,checkout,2026-03-11T11:58:38Z
99,858,checkout,2026-03-11T12:49:38Z
99,257,purchase,2026-03-11T13:26:38Z
99,835,purchase,2026-03-11T14:16:38Z
99,534,add_to_cart,2026-03-11T14:55:38Z
99,643,search,2026-03-11T15:17:38Z
99,837,click,2026-03-11T15:23:38Z
99,304,remove_cart,2026-03-11T15:56:38Z
99,406,checkout,2026-03-11T16:37:38Z
99,930,add_to_cart,2026-03-11T17:34:38Z
99,248,view,2026-03-11T17:45:38Z
99,1136,remove_cart,2026-03-11T18:02:38Z
99,207,checkout,2026-03-11T18:50:38Z
100,1414,view,2026-04-15T16:24:38Z
100,150,click,2026-04-15T16:35:38Z
100,1055,add_to_cart,2026-04-15T16:44:38Z
100,1085,remove_cart,2026-04-15T17:40:38Z
100,795,view,2026-04-15T18:39:38Z
100,262,remove_cart,2026-04-15T19:02:38Z
100,1141,remove_cart,2026-04-15T19:47:38Z
100,601,purchase,2026-04-15T20:33:38Z
100,690,click,2026-04-15T20:55:38Z
100,93,click,2026-04-15T21:42:38Z
100,727,click,2026-04-15T22:30:38Z
100,838,checkout,2026-04-15T23:29:38Z
100,893,checkout,2026-04-16T00:17:38Z
100,978,search,2026-04-16T01:06:38Z
100,376,add_to_cart,2026-04-16T01:53:38Z
100,16,click,2026-04-16T02:03:38Z
100,1330,wishlist,2026-04-16T02:47:38Z
100,657,checkout,2026-04-16T03:12:38Z
100,1042,checkout,2026-04-16T03:24:38Z
100,199,search,2026-04-16T04:14:38Z
100,1011,purchase,2026-04-16T04:34:38Z
100,1156,wishlist,2026-04-16T04:38:38Z
100,662,remove_cart,2026-04-16T04:57:38Z
100,366,remove_cart,2026-04-16T05:18:38Z
100,1498,add_to_cart,2026-04-16T05:21:38Z
100,1064,purchase,2026-04-16T05:49:38Z
100,1261,search,2026-04-16T06:26:38Z
100,712,wishlist,2026-04-16T06:33:38Z
101,561,view,2026-03-29T16:41:38Z
101,899,click,2026-03-29T17:13:38Z
101,347,add_to_cart,2026-03-29T17:28:38Z
101,532,checkout,2026-03-29T17:47:38Z
101,218,purchase,2026-03-29T18:26:38Z
101,571,purchase,2026-03-29T19:09:38Z
101,424,add_to_cart,2026-03-29T19:16:38Z
101,1226,add_to_cart,2026-03-29T19:18:38Z
101,1106,view,2026-03-29T20:16:38Z
101,1001,purchase,2026-03-29T20:17:38Z
101,417,view,2026-03-29T20:41:38Z
101,874,search,2026-03-29T21:18:38Z
101,259,checkout,2026-03-29T21:52:38Z
101,225,checkout,2026-03-29T22:11:38Z
101,886,click,2026-03-29T22:40:38Z
101,178,checkout,2026-03-29T22:57:38Z
101,1499,add_to_cart,2026-03-29T23:15:38Z
101,162,click,2026-03-29T23:38:38Z
101,153,purchase,2026-03-30T00:25:38Z
101,1039,wishlist,2026-03-30T00:36:38Z
101,929,wishlist,2026-03-30T00:54:38Z
101,1409,click,2026-03-30T01:40:38Z
101,79,wishlist,2026-03-30T02:38:38Z
101,1445,remove_cart,2026-03-30T02:45:38Z
101,1144,wishlist,2026-03-30T02:58:38Z
101,1285,view,2026-03-30T03:39:38Z
101,281,view,2026-03-30T03:55:38Z
101,451,remove_cart,2026-03-30T04:51:38Z
101,963,purchase,2026-03-30T05:08:38Z
101,384,add_to_cart,2026-03-30T05:40:38Z
101,270,checkout,2026-03-30T05:59:38Z
101,182,purchase,2026-03-30T06:40:38Z
101,890,purchase,2026-03-30T06:41:38Z
101,1143,click,2026-03-30T07:13:38Z
101,365,purchase,2026-03-30T07:59:38Z
101,1409,view,2026-03-30T08:26:38Z
101,779,search,2026-03-30T09:06:38Z
101,715,purchase,2026-03-30T09:47:38Z
102,615,search,2026-02-11T17:19:38Z
102,475,view,2026-02-11T18:13:38Z
102,599,click,2026-02-11T19:10:38Z
102,1291,checkout,2026-02-11T19:42:38Z
102,732,remove_cart,2026-02-11T20:21:38Z
102,198,checkout,2026-02-11T20:40:38Z
102,589,purchase,2026-02-11T20:48:38Z
102,667,remove_cart,2026-02-11T21:17:38Z
102,871,purchase,2026-02-11T22:00:38Z
102,952,click,2026-02-11T22:12:38Z
102,233,wishlist,2026-02-11T22:55:38Z
102,816,wishlist,2026-02-11T23:40:38Z
102,991,add_to_cart,2026-02-12T00:30:38Z
102,844,checkout,2026-02-12T01:09:38Z
102,596,purchase,2026-02-12T01:11:38Z
102,441,search,2026-02-12T01:44:38Z
102,1152,remove_cart,2026-02-12T01:48:38Z
102,1383,wishlist,2026-02-12T02:05:38Z
102,802,wishlist,2026-02-12T02:32:38Z
102,817,checkout,2026-02-12T03:00:38Z
102,112,search,2026-02-12T03:59:38Z
102,1492,search,2026-02-12T04:31:38Z
102,1304,purchase,2026-02-12T04:53:38Z
102,917,view,2026-02-12T05:13:38Z
102,1173,remove_cart,2026-02-12T05:28:38Z
102,423,add_to_cart,2026-02-12T06:03:38Z
102,1251,click,2026-02-12T06:43:38Z
102,1239,wishlist,2026-02-12T06:52:38Z
102,44,view,2026-02-12T07:39:38Z
102,1444,remove_cart,2026-02-12T07:45:38Z
102,723,wishlist,2026-02-12T08:44:38Z
102,101,click,2026-02-12T09:26:38Z
102,1097,purchase,2026-02-12T09:50:38Z
102,1098,purchase,2026-02-12T10:01:38Z
102,1471,remove_cart,2026-02-12T10:57:38Z
102,331,purchase,2026-02-12T11:16:38Z
102,847,wishlist,2026-02-12T11:38:38Z
102,510,purchase,2026-02-12T12:14:38Z
102,42,view,2026-02-12T12:17:38Z
102,815,click,2026-02-12T12:50:38Z
102,322,checkout,2026-02-12T12:53:38Z
102,50,search,2026-02-12T13:13:38Z
102,1410,purchase,2026-02-12T13:54:38Z
102,558,purchase,2026-02-12T13:57:38Z
102,774,click,2026-02-12T14:50:38Z
102,553,remove_cart,2026-02-12T14:59:38Z
102,152,click,2026-02-12T15:04:38Z
102,31,remove_cart,2026-02-12T15:06:38Z
102,1205,add_to_cart,2026-02-12T15:13:38Z
102,1241,remove_cart,2026-02-12T15:26:38Z
103,1050,view,2026-03-11T16:50:38Z
103,48,wishlist,2026-03-11T17:38:38Z
103,562,view,2026-03-11T17:58:38Z
103,416,click,2026-03-11T18:28:38Z
103,542,add_to_cart,2026-03-11T18:35:38Z
103,597,checkout,2026-03-11T19:00:38Z
103,456,remove_cart,2026-03-11T19:06:38Z
103,571,remove_cart,2026-03-11T19:42:38Z
103,1440,checkout,2026-03-11T20:01:38Z
103,36,purchase,2026-03-11T20:26:38Z
103,807,checkout,2026-03-11T21:13:38Z
103,1120,wishlist,2026-03-11T22:02:38Z
103,459,click,2026-03-11T22:31:38Z
103,476,view,2026-03-11T22:57:38Z
103,977,checkout,2026-03-11T23:21:38Z
103,637,click,2026-03-12T00:03:38Z
103,1291,wishlist,2026-03-12T00:13:38Z
103,1149,click,2026-03-12T00:20:38Z
103,1004,add_to_cart,2026-03-12T00:34:38Z
103,290,purchase,2026-03-12T00:40:38Z
103,970,remove_cart,2026-03-12T01:20:38Z
103,1011,purchase,2026-03-12T01:24:38Z
103,638,search,2026-03-12T01:51:38Z
103,309,wishlist,2026-03-12T02:45:38Z
103,1412,view,2026-03-12T03:06:38Z
103,12,remove_cart,2026-03-12T04:02:38Z
103,429,search,2026-03-12T04:47:38Z
103,1024,checkout,2026-03-12T05:22:38Z
103,483,wishlist,2026-03-12T06:04:38Z
103,1452,wishlist,2026-03-12T06:34:38Z
103,1137,checkout,2026-03-12T07:07:38Z
103,216,click,2026-03-12T08:06:38Z
103,159,remove_cart,2026-03-12T08:51:38Z
103,28,remove_cart,2026-03-12T09:00:38Z
103,249,add_to_cart,2026-03-12T09:34:38Z
103,897,add_to_cart,2026-03-12T09:47:38Z
103,869,click,2026-03-12T09:50:38Z
103,1283,checkout,2026-03-12T10:01:38Z
103,1121,checkout,2026-03-12T10:10:38Z
103,19,remove_cart,2026-03-12T10:36:38Z
103,892,search,2026-03-12T10:44:38Z
103,1386,search,2026-03-12T11:31:38Z
103,661,search,2026-03-12T12:05:38Z
103,1332,wishlist,2026-03-12T12:42:38Z
103,595,add_to_cart,2026-03-12T12:52:38Z
103,1258,purchase,2026-03-12T13:44:38Z
103,1239,wishlist,2026-03-12T14:18:38Z
103,948,search,2026-03-12T14:49:38Z
103,677,purchase,2026-03-12T15:49:38Z
103,1074,add_to_cart,2026-03-12T16:00:38Z
103,651,checkout,2026-03-12T16:01:38Z
103,308,remove_cart,2026-03-12T16:13:38Z
103,12,checkout,2026-03-12T16:18:38Z
103,385,search,2026-03-12T17:03:38Z
103,193,purchase,2026-03-12T17:48:38Z
103,194,checkout,2026-03-12T18:10:38Z
103,960,view,2026-03-12T18:50:38Z
103,718,add_to_cart,2026-03-12T18:55:38Z
103,1288,purchase,2026-03-12T19:18:38Z
103,395,view,2026-03-12T20:18:38Z
103,873,search,2026-03-12T20:37:38Z
103,1279,search,2026-03-12T21:01:38Z
103,522,remove_cart,2026-03-12T22:01:38Z
103,1214,purchase,2026-03-12T22:06:38Z
103,1497,add_to_cart,2026-03-12T22:13:38Z
103,366,purchase,2026-03-12T22:31:38Z
103,210,search,2026-03-12T23:08:38Z
103,1070,add_to_cart,2026-03-13T00:00:38Z
103,1179,remove_cart,2026-03-13T00:22:38Z
103,1262,search,2026-03-13T01:14:38Z
103,345,checkout,2026-03-13T01:28:38Z
103,475,view,2026-03-13T02:19:38Z
103,1260,purchase,2026-03-13T02:25:38Z
103,338,add_to_cart,2026-03-13T02:35:38Z
104,107,view,2026-04-19T16:27:38Z
104,1048,wishlist,2026-04-19T16:36:38Z
104,901,view,2026-04-19T17:28:38Z
104,1362,click,2026-04-19T17:56:38Z
104,670,add_to_cart,2026-04-19T18:27:38Z
104,241,search,2026-04-19T19:00:38Z
104,806,purchase,2026-04-19T19:36:38Z
104,790,remove_cart,2026-04-19T20:26:38Z
104,639,checkout,2026-04-19T20:49:38Z
104,161,wishlist,2026-04-19T21:23:38Z
104,1298,purchase,2026-04-19T21:34:38Z
104,293,search,2026-04-19T22:20:38Z
104,905,remove_cart,2026-04-19T22:56:38Z
104,514,checkout,2026-04-19T23:41:38Z
104,892,click,2026-04-20T00:17:38Z
104,52,wishlist,2026-04-20T00:29:38Z
104,955,wishlist,2026-04-20T01:24:38Z
104,869,wishlist,2026-04-20T02:11:38Z
104,1147,purchase,2026-04-20T02:51:38Z
104,767,purchase,2026-04-20T03:16:38Z
104,22,add_to_cart,2026-04-20T04:16:38Z
104,740,purchase,2026-04-20T04:45:38Z
104,1201,purchase,2026-04-20T04:46:38Z
104,193,search,2026-04-20T05:08:38Z
104,520,wishlist,2026-04-20T06:07:38Z
104,560,view,2026-04-20T06:46:38Z
104,564,view,2026-04-20T07:28:38Z
104,90,checkout,2026-04-20T07:54:38Z
104,1281,search,2026-04-20T08:12:38Z
104,63,view,2026-04-20T08:49:38Z
104,1295,checkout,2026-04-20T09:28:38Z
104,356,checkout,2026-04-20T10:00:38Z
104,1327,checkout,2026-04-20T10:48:38Z
104,757,click,2026-04-20T10:51:38Z
104,1461,view,2026-04-20T11:31:38Z
104,363,add_to_cart,2026-04-20T12:17:38Z
104,860,add_to_cart,2026-04-20T12:23:38Z
104,909,click,2026-04-20T12:27:38Z
104,200,view,2026-04-20T12:48:38Z
104,398,search,2026-04-20T13:43:38Z
104,1377,view,2026-04-20T14:05:38Z
104,1453,wishlist,2026-04-20T15:03:38Z
104,1202,add_to_cart,2026-04-20T16:01:38Z
104,30,wishlist,2026-04-20T16:35:38Z
104,1368,remove_cart,2026-04-20T17:02:38Z
104,396,view,2026-04-20T17:07:38Z
104,547,add_to_cart,2026-04-20T17:54:38Z
104,909,click,2026-04-20T18:06:38Z
104,1247,view,2026-04-20T18:24:38Z
104,1036,purchase,2026-04-20T19:09:38Z
105,561,view,2026-03-28T16:42:38Z
105,719,click,2026-03-28T17:18:38Z
105,700,add_to_cart,2026-03-28T17:26:38Z
105,1164,checkout,2026-03-28T17:56:38Z
105,1427,purchase,2026-03-28T18:50:38Z
105,949,click,2026-03-28T19:27:38Z
105,186,click,2026-03-28T19:35:38Z
105,177,add_to_cart,2026-03-28T20:22:38Z
105,1211,add_to_cart,2026-03-28T20:43:38Z
105,347,view,2026-03-28T21:33:38Z
105,1307,view,2026-03-28T21:47:38Z
105,167,wishlist,2026-03-28T22:17:38Z
105,1395,purchase,2026-03-28T22:37:38Z
105,272,purchase,2026-03-28T23:25:38Z
105,777,search,2026-03-28T23:29:38Z
105,572,search,2026-03-28T23:41:38Z
105,647,add_to_cart,2026-03-29T00:18:38Z
105,386,remove_cart,2026-03-29T00:33:38Z
105,409,search,2026-03-29T01:30:38Z
105,532,add_to_cart,2026-03-29T01:49:38Z
105,190,checkout,2026-03-29T02:06:38Z
105,1186,checkout,2026-03-29T02:29:38Z
105,1315,wishlist,2026-03-29T02:52:38Z
105,1293,checkout,2026-03-29T03:46:38Z
105,1199,add_to_cart,2026-03-29T03:49:38Z
105,1102,remove_cart,2026-03-29T03:59:38Z
105,889,purchase,2026-03-29T04:44:38Z
105,1397,wishlist,2026-03-29T05:26:38Z
105,701,search,2026-03-29T05:40:38Z
105,1052,search,2026-03-29T05:46:38Z
105,447,purchase,2026-03-29T06:03:38Z
105,65,checkout,2026-03-29T06:20:38Z
105,1349,click,2026-03-29T06:54:38Z
105,287,add_to_cart,2026-03-29T07:25:38Z
105,662,checkout,2026-03-29T08:03:38Z
105,774,wishlist,2026-03-29T08:40:38Z
105,1437,view,2026-03-29T09:01:38Z
105,735,click,2026-03-29T09:42:38Z
105,864,view,2026-03-29T09:53:38Z
105,690,checkout,2026-03-29T10:15:38Z
105,734,click,2026-03-29T10:27:38Z
105,957,search,2026-03-29T10:38:38Z
105,45,add_to_cart,2026-03-29T11:27:38Z
105,1263,checkout,2026-03-29T12:19:38Z
105,1180,checkout,2026-03-29T12:57:38Z
105,818,remove_cart,2026-03-29T13:44:38Z
106,765,view,2026-03-19T17:09:38Z
106,692,wishlist,2026-03-19T17:48:38Z
106,1390,view,2026-03-19T18:19:38Z
106,615,click,2026-03-19T18:45:38Z
106,480,add_to_cart,2026-03-19T18:48:38Z
106,873,click,2026-03-19T19:15:38Z
106,821,search,2026-03-19T19:52:38Z
106,1049,view,2026-03-19T20:03:38Z
106,616,add_to_cart,2026-03-19T21:03:38Z
106,286,purchase,2026-03-19T21:40:38Z
106,683,add_to_cart,2026-03-19T22:23:38Z
106,634,view,2026-03-19T22:29:38Z
106,709,add_to_cart,2026-03-19T23:21:38Z
106,339,checkout,2026-03-19T23:47:38Z
106,1349,checkout,2026-03-19T23:48:38Z
106,353,add_to_cart,2026-03-20T00:01:38Z
106,165,search,2026-03-20T00:21:38Z
106,417,add_to_cart,2026-03-20T00:37:38Z
106,1484,remove_cart,2026-03-20T00:43:38Z
106,1403,purchase,2026-03-20T00:53:38Z
106,978,wishlist,2026-03-20T00:54:38Z
106,205,add_to_cart,2026-03-20T01:17:38Z
106,1407,checkout,2026-03-20T01:53:38Z
106,436,remove_cart,2026-03-20T02:38:38Z
106,771,checkout,2026-03-20T03:21:38Z
106,498,checkout,2026-03-20T04:07:38Z
106,264,click,2026-03-20T04:32:38Z
106,274,wishlist,2026-03-20T05:21:38Z
106,670,remove_cart,2026-03-20T06:11:38Z
106,1382,search,2026-03-20T07:04:38Z
106,807,remove_cart,2026-03-20T07:43:38Z
106,1001,click,2026-03-20T08:06:38Z
106,1247,view,2026-03-20T08:21:38Z
106,482,add_to_cart,2026-03-20T09:11:38Z
106,697,wishlist,2026-03-20T09:35:38Z
106,1228,view,2026-03-20T10:15:38Z
106,159,remove_cart,2026-03-20T11:14:38Z
106,1024,purchase,2026-03-20T11:23:38Z
106,433,purchase,2026-03-20T11:26:38Z
106,191,search,2026-03-20T11:54:38Z
106,1340,wishlist,2026-03-20T12:19:38Z
106,309,add_to_cart,2026-03-20T12:47:38Z
106,793,search,2026-03-20T13:07:38Z
106,535,checkout,2026-03-20T13:10:38Z
106,335,remove_cart,2026-03-20T13:22:38Z
106,1060,remove_cart,2026-03-20T14:06:38Z
106,170,click,2026-03-20T14:36:38Z
106,208,wishlist,2026-03-20T15:20:38Z
106,26,remove_cart,2026-03-20T16:12:38Z
106,264,add_to_cart,2026-03-20T16:33:38Z
107,932,view,2026-02-14T17:06:38Z
107,996,click,2026-02-14T17:07:38Z
107,1373,add_to_cart,2026-02-14T17:49:38Z
107,866,remove_cart,2026-02-14T18:15:38Z
107,112,view,2026-02-14T19:05:38Z
107,530,search,2026-02-14T19:33:38Z
107,923,click,2026-02-14T20:12:38Z
107,970,wishlist,2026-02-14T21:02:38Z
107,1096,wishlist,2026-02-14T21:57:38Z
107,367,wishlist,2026-02-14T22:05:38Z
107,786,remove_cart,2026-02-14T22:40:38Z
107,15,click,2026-02-14T22:50:38Z
107,1450,wishlist,2026-02-14T23:50:38Z
107,1055,search,2026-02-15T00:03:38Z
107,100,checkout,2026-02-15T00:31:38Z
107,82,checkout,2026-02-15T00:50:38Z
107,1003,click,2026-02-15T01:46:38Z
107,103,checkout,2026-02-15T02:10:38Z
107,872,wishlist,2026-02-15T02:27:38Z
107,607,wishlist,2026-02-15T03:11:38Z
107,548,view,2026-02-15T03:46:38Z
107,731,add_to_cart,2026-02-15T04:05:38Z
107,915,remove_cart,2026-02-15T04:07:38Z
107,1303,wishlist,2026-02-15T04:27:38Z
107,229,view,2026-02-15T05:06:38Z
107,75,wishlist,2026-02-15T05:53:38Z
107,359,remove_cart,2026-02-15T06:09:38Z
107,194,click,2026-02-15T06:44:38Z
107,297,add_to_cart,2026-02-15T07:31:38Z
107,563,checkout,2026-02-15T07:59:38Z
107,1412,wishlist,2026-02-15T08:29:38Z
107,1073,purchase,2026-02-15T09:28:38Z
107,157,checkout,2026-02-15T09:31:38Z
107,79,wishlist,2026-02-15T09:55:38Z
107,1483,add_to_cart,2026-02-15T10:34:38Z
107,1050,click,2026-02-15T10:59:38Z
107,1305,click,2026-02-15T11:21:38Z
107,821,search,2026-02-15T11:49:38Z
107,527,view,2026-02-15T12:01:38Z
107,888,click,2026-02-15T12:55:38Z
107,393,click,2026-02-15T13:46:38Z
107,1261,search,2026-02-15T14:06:38Z
107,101,purchase,2026-02-15T14:51:38Z
107,969,wishlist,2026-02-15T15:28:38Z
107,895,purchase,2026-02-15T16:17:38Z
107,1411,search,2026-02-15T17:05:38Z
107,1028,add_to_cart,2026-02-15T17:23:38Z
107,817,view,2026-02-15T18:02:38Z
107,584,add_to_cart,2026-02-15T18:46:38Z
107,834,search,2026-02-15T18:47:38Z
107,849,purchase,2026-02-15T18:49:38Z
107,547,add_to_cart,2026-02-15T19:07:38Z
107,1301,checkout,2026-02-15T19:46:38Z
107,454,wishlist,2026-02-15T19:53:38Z
107,1453,purchase,2026-02-15T19:55:38Z
107,131,wishlist,2026-02-15T20:10:38Z
108,862,view,2026-03-14T17:00:38Z
108,1220,click,2026-03-14T17:41:38Z
108,1109,add_to_cart,2026-03-14T18:03:38Z
108,975,remove_cart,2026-03-14T18:28:38Z
108,1143,view,2026-03-14T19:28:38Z
108,698,view,2026-03-14T19:50:38Z
108,911,wishlist,2026-03-14T20:13:38Z
108,1022,add_to_cart,2026-03-14T20:43:38Z
108,1429,purchase,2026-03-14T21:18:38Z
108,799,add_to_cart,2026-03-14T22:02:38Z
108,67,search,2026-03-14T22:28:38Z
108,997,click,2026-03-14T23:09:38Z
108,426,wishlist,2026-03-14T23:15:38Z
108,598,wishlist,2026-03-14T23:35:38Z
108,1382,wishlist,2026-03-15T00:04:38Z
108,320,checkout,2026-03-15T00:06:38Z
108,721,add_to_cart,2026-03-15T00:46:38Z
108,48,remove_cart,2026-03-15T01:13:38Z
108,1006,search,2026-03-15T01:49:38Z
108,1101,purchase,2026-03-15T02:14:38Z
108,1244,add_to_cart,2026-03-15T02:39:38Z
108,811,click,2026-03-15T02:46:38Z
108,227,purchase,2026-03-15T03:00:38Z
108,326,search,2026-03-15T03:12:38Z
108,837,remove_cart,2026-03-15T03:48:38Z
108,446,wishlist,2026-03-15T04:37:38Z
108,1228,remove_cart,2026-03-15T05:35:38Z
108,744,search,2026-03-15T05:56:38Z
108,1407,click,2026-03-15T06:39:38Z
108,1097,wishlist,2026-03-15T07:12:38Z
108,828,remove_cart,2026-03-15T07:27:38Z
108,951,checkout,2026-03-15T08:16:38Z
108,921,search,2026-03-15T09:09:38Z
108,364,add_to_cart,2026-03-15T10:09:38Z
108,7,remove_cart,2026-03-15T10:28:38Z
108,951,wishlist,2026-03-15T11:17:38Z
108,202,add_to_cart,2026-03-15T12:01:38Z
108,1338,remove_cart,2026-03-15T12:39:38Z
108,841,remove_cart,2026-03-15T13:06:38Z
108,60,purchase,2026-03-15T13:47:38Z
108,1249,purchase,2026-03-15T13:56:38Z
108,1169,click,2026-03-15T14:35:38Z
108,666,remove_cart,2026-03-15T14:37:38Z
108,1166,purchase,2026-03-15T14:48:38Z
108,187,checkout,2026-03-15T15:32:38Z
108,1232,wishlist,2026-03-15T15:34:38Z
108,1048,remove_cart,2026-03-15T16:10:38Z
108,331,purchase,2026-03-15T17:05:38Z
108,1481,checkout,2026-03-15T17:29:38Z
108,968,purchase,2026-03-15T17:41:38Z
108,272,purchase,2026-03-15T18:02:38Z
108,64,search,2026-03-15T18:07:38Z
108,945,purchase,2026-03-15T18:44:38Z
108,1401,checkout,2026-03-15T19:00:38Z
108,363,checkout,2026-03-15T19:16:38Z
108,1314,checkout,2026-03-15T19:49:38Z
108,1238,click,2026-03-15T20:41:38Z
108,327,wishlist,2026-03-15T21:37:38Z
108,1479,purchase,2026-03-15T22:07:38Z
109,1387,view,2026-04-19T17:06:38Z
109,1065,click,2026-04-19T17:33:38Z
109,790,add_to_cart,2026-04-19T18:04:38Z
109,855,checkout,2026-04-19T18:09:38Z
109,1467,purchase,2026-04-19T18:26:38Z
109,1244,click,2026-04-19T19:12:38Z
109,985,view,2026-04-19T19:41:38Z
109,816,view,2026-04-19T20:00:38Z
109,819,view,2026-04-19T20:24:38Z
109,255,checkout,2026-04-19T20:52:38Z
109,538,click,2026-04-19T21:02:38Z
109,347,click,2026-04-19T21:49:38Z
109,1345,wishlist,2026-04-19T22:16:38Z
109,498,wishlist,2026-04-19T22:26:38Z
109,542,checkout,2026-04-19T22:40:38Z
109,1315,click,2026-04-19T23:02:38Z
109,1453,click,2026-04-19T23:32:38Z
109,502,checkout,2026-04-20T00:21:38Z
109,605,search,2026-04-20T00:43:38Z
109,923,checkout,2026-04-20T01:05:38Z
109,564,search,2026-04-20T01:42:38Z
109,287,view,2026-04-20T02:31:38Z
109,591,add_to_cart,2026-04-20T03:05:38Z
109,760,view,2026-04-20T03:20:38Z
110,1467,view,2026-03-04T16:42:38Z
110,1163,wishlist,2026-03-04T16:53:38Z
110,625,view,2026-03-04T17:34:38Z
110,1461,click,2026-03-04T18:05:38Z
110,1379,add_to_cart,2026-03-04T18:34:38Z
110,1424,search,2026-03-04T18:44:38Z
110,1245,add_to_cart,2026-03-04T18:54:38Z
110,787,search,2026-03-04T19:49:38Z
110,467,search,2026-03-04T20:30:38Z
110,434,view,2026-03-04T21:25:38Z
110,1197,search,2026-03-04T21:35:38Z
110,746,view,2026-03-04T21:52:38Z
110,1267,remove_cart,2026-03-04T22:23:38Z
110,1319,add_to_cart,2026-03-04T22:46:38Z
110,1027,add_to_cart,2026-03-04T23:24:38Z
110,767,wishlist,2026-03-04T23:58:38Z
110,994,remove_cart,2026-03-05T00:54:38Z
110,1076,add_to_cart,2026-03-05T01:50:38Z
110,992,checkout,2026-03-05T02:02:38Z
110,1370,remove_cart,2026-03-05T02:03:38Z
110,461,click,2026-03-05T02:25:38Z
110,460,search,2026-03-05T02:39:38Z
110,1247,add_to_cart,2026-03-05T02:57:38Z
110,404,click,2026-03-05T03:39:38Z
110,941,wishlist,2026-03-05T04:11:38Z
110,1074,view,2026-03-05T05:05:38Z
110,415,purchase,2026-03-05T05:53:38Z
110,68,wishlist,2026-03-05T06:36:38Z
110,203,remove_cart,2026-03-05T07:17:38Z
110,138,wishlist,2026-03-05T07:50:38Z
110,1096,search,2026-03-05T08:26:38Z
110,115,click,2026-03-05T09:18:38Z
110,1071,checkout,2026-03-05T09:55:38Z
110,525,purchase,2026-03-05T10:11:38Z
110,1333,add_to_cart,2026-03-05T10:56:38Z
110,1413,purchase,2026-03-05T11:11:38Z
110,83,checkout,2026-03-05T11:23:38Z
110,569,search,2026-03-05T11:59:38Z
110,390,click,2026-03-05T12:47:38Z
110,272,click,2026-03-05T13:45:38Z
110,426,search,2026-03-05T13:49:38Z
110,1200,purchase,2026-03-05T14:05:38Z
110,202,checkout,2026-03-05T14:35:38Z
110,1299,view,2026-03-05T14:56:38Z
110,980,click,2026-03-05T15:09:38Z
110,171,click,2026-03-05T15:38:38Z
110,205,checkout,2026-03-05T15:51:38Z
110,998,purchase,2026-03-05T16:30:38Z
110,20,search,2026-03-05T17:07:38Z
110,229,remove_cart,2026-03-05T18:03:38Z
110,1317,checkout,2026-03-05T18:53:38Z
110,1301,purchase,2026-03-05T19:31:38Z
110,516,checkout,2026-03-05T19:32:38Z
110,555,remove_cart,2026-03-05T20:11:38Z
110,362,checkout,2026-03-05T20:52:38Z
110,990,wishlist,2026-03-05T21:25:38Z
111,1090,view,2026-03-14T16:39:38Z
111,699,wishlist,2026-03-14T16:55:38Z
111,1389,view,2026-03-14T17:13:38Z
111,1031,click,2026-03-14T17:49:38Z
111,1282,add_to_cart,2026-03-14T18:09:38Z
111,374,checkout,2026-03-14T18:17:38Z
111,654,checkout,2026-03-14T18:18:38Z
111,335,checkout,2026-03-14T18:50:38Z
111,885,add_to_cart,2026-03-14T18:55:38Z
111,908,search,2026-03-14T19:02:38Z
111,1407,wishlist,2026-03-14T19:43:38Z
111,223,add_to_cart,2026-03-14T19:56:38Z
111,630,purchase,2026-03-14T20:10:38Z
111,1087,search,2026-03-14T20:31:38Z
111,1403,checkout,2026-03-14T20:38:38Z
111,1249,search,2026-03-14T21:38:38Z
111,1377,purchase,2026-03-14T22:15:38Z
111,321,add_to_cart,2026-03-14T22:36:38Z
111,812,purchase,2026-03-14T23:26:38Z
111,324,add_to_cart,2026-03-15T00:21:38Z
111,1058,add_to_cart,2026-03-15T00:42:38Z
111,1220,checkout,2026-03-15T01:24:38Z
111,1488,remove_cart,2026-03-15T02:14:38Z
111,539,search,2026-03-15T02:29:38Z
111,622,checkout,2026-03-15T03:29:38Z
111,628,wishlist,2026-03-15T03:39:38Z
111,725,wishlist,2026-03-15T04:26:38Z
111,631,wishlist,2026-03-15T04:55:38Z
111,806,remove_cart,2026-03-15T05:32:38Z
111,828,remove_cart,2026-03-15T05:33:38Z
111,725,view,2026-03-15T06:00:38Z
111,562,add_to_cart,2026-03-15T06:30:38Z
111,1443,view,2026-03-15T07:23:38Z
111,1356,purchase,2026-03-15T07:37:38Z
111,765,search,2026-03-15T07:56:38Z
111,876,view,2026-03-15T08:17:38Z
111,1143,remove_cart,2026-03-15T08:38:38Z
111,441,purchase,2026-03-15T09:30:38Z
111,562,checkout,2026-03-15T10:25:38Z
111,498,click,2026-03-15T10:30:38Z
111,1481,add_to_cart,2026-03-15T10:51:38Z
111,1215,checkout,2026-03-15T11:38:38Z
111,1351,checkout,2026-03-15T11:41:38Z
111,1447,remove_cart,2026-03-15T12:26:38Z
111,574,checkout,2026-03-15T12:42:38Z
111,208,remove_cart,2026-03-15T12:46:38Z
111,702,view,2026-03-15T13:27:38Z
111,757,search,2026-03-15T14:02:38Z
111,583,checkout,2026-03-15T15:02:38Z
111,276,click,2026-03-15T15:33:38Z
111,848,click,2026-03-15T15:54:38Z
111,309,add_to_cart,2026-03-15T16:50:38Z
112,181,search,2026-03-12T16:58:38Z
112,503,view,2026-03-12T17:27:38Z
112,1173,click,2026-03-12T17:48:38Z
112,1088,search,2026-03-12T18:24:38Z
112,45,search,2026-03-12T19:09:38Z
112,140,add_to_cart,2026-03-12T19:59:38Z
112,740,wishlist,2026-03-12T20:54:38Z
112,440,checkout,2026-03-12T21:42:38Z
112,960,add_to_cart,2026-03-12T22:03:38Z
112,742,purchase,2026-03-12T22:33:38Z
112,1388,wishlist,2026-03-12T22:46:38Z
112,1237,search,2026-03-12T23:03:38Z
112,245,view,2026-03-12T23:12:38Z
112,812,remove_cart,2026-03-12T23:40:38Z
112,99,checkout,2026-03-13T00:32:38Z
112,1050,view,2026-03-13T01:31:38Z
112,1159,wishlist,2026-03-13T01:33:38Z
112,1033,remove_cart,2026-03-13T01:36:38Z
112,1104,wishlist,2026-03-13T02:27:38Z
112,1178,checkout,2026-03-13T02:46:38Z
112,138,wishlist,2026-03-13T03:27:38Z
112,189,click,2026-03-13T04:04:38Z
112,325,click,2026-03-13T04:39:38Z
112,960,click,2026-03-13T05:16:38Z
112,150,purchase,2026-03-13T06:05:38Z
112,568,remove_cart,2026-03-13T06:58:38Z
112,312,checkout,2026-03-13T07:27:38Z
112,373,wishlist,2026-03-13T07:32:38Z
112,1081,wishlist,2026-03-13T08:02:38Z
112,44,remove_cart,2026-03-13T08:59:38Z
112,602,remove_cart,2026-03-13T09:36:38Z
112,799,view,2026-03-13T10:16:38Z
112,462,view,2026-03-13T10:17:38Z
112,309,wishlist,2026-03-13T10:45:38Z
112,457,search,2026-03-13T11:40:38Z
112,938,wishlist,2026-03-13T12:15:38Z
112,1177,purchase,2026-03-13T13:05:38Z
112,1465,wishlist,2026-03-13T14:03:38Z
112,304,add_to_cart,2026-03-13T14:16:38Z
112,372,purchase,2026-03-13T14:36:38Z
112,1093,click,2026-03-13T14:38:38Z
112,261,view,2026-03-13T15:28:38Z
112,671,wishlist,2026-03-13T15:33:38Z
112,472,wishlist,2026-03-13T16:33:38Z
112,621,purchase,2026-03-13T16:46:38Z
112,556,add_to_cart,2026-03-13T17:14:38Z
112,445,purchase,2026-03-13T18:14:38Z
112,282,wishlist,2026-03-13T18:16:38Z
112,769,checkout,2026-03-13T18:24:38Z
112,428,view,2026-03-13T18:53:38Z
112,916,remove_cart,2026-03-13T18:57:38Z
112,407,checkout,2026-03-13T19:23:38Z
112,780,purchase,2026-03-13T20:13:38Z
112,359,click,2026-03-13T20:19:38Z
112,430,click,2026-03-13T20:30:38Z
112,1239,click,2026-03-13T21:02:38Z
112,649,wishlist,2026-03-13T21:50:38Z
113,1039,search,2026-03-26T16:28:38Z
113,979,view,2026-03-26T16:52:38Z
113,1042,click,2026-03-26T17:09:38Z
113,34,click,2026-03-26T17:39:38Z
113,861,view,2026-03-26T18:04:38Z
113,205,remove_cart,2026-03-26T18:59:38Z
113,635,wishlist,2026-03-26T19:23:38Z
113,1336,click,2026-03-26T19:51:38Z
113,1437,search,2026-03-26T20:06:38Z
113,1319,click,2026-03-26T20:48:38Z
113,966,remove_cart,2026-03-26T21:45:38Z
113,1495,view,2026-03-26T22:03:38Z
113,289,wishlist,2026-03-26T22:06:38Z
113,1157,purchase,2026-03-26T22:18:38Z
113,1063,view,2026-03-26T22:27:38Z
113,1424,add_to_cart,2026-03-26T22:36:38Z
113,80,checkout,2026-03-26T23:25:38Z
113,430,view,2026-03-27T00:04:38Z
113,1265,search,2026-03-27T00:28:38Z
113,323,remove_cart,2026-03-27T01:21:38Z
113,358,remove_cart,2026-03-27T01:33:38Z
113,1370,add_to_cart,2026-03-27T02:21:38Z
113,225,add_to_cart,2026-03-27T02:45:38Z
113,1019,add_to_cart,2026-03-27T02:47:38Z
113,827,purchase,2026-03-27T03:07:38Z
113,544,wishlist,2026-03-27T04:06:38Z
113,53,wishlist,2026-03-27T04:08:38Z
113,964,wishlist,2026-03-27T04:10:38Z
113,296,view,2026-03-27T04:58:38Z
113,1105,remove_cart,2026-03-27T05:01:38Z
113,1226,remove_cart,2026-03-27T05:50:38Z
113,206,add_to_cart,2026-03-27T06:01:38Z
113,457,view,2026-03-27T06:24:38Z
113,136,click,2026-03-27T06:51:38Z
113,952,click,2026-03-27T07:22:38Z
113,1100,remove_cart,2026-03-27T08:17:38Z
113,1236,checkout,2026-03-27T08:26:38Z
113,976,view,2026-03-27T08:46:38Z
113,527,checkout,2026-03-27T09:44:38Z
113,1345,add_to_cart,2026-03-27T10:05:38Z
113,1369,wishlist,2026-03-27T10:45:38Z
113,1010,click,2026-03-27T11:16:38Z
113,450,purchase,2026-03-27T11:25:38Z
113,293,add_to_cart,2026-03-27T12:17:38Z
113,169,purchase,2026-03-27T13:00:38Z
113,828,click,2026-03-27T13:46:38Z
114,464,view,2026-01-31T16:38:38Z
114,379,click,2026-01-31T16:55:38Z
114,1351,add_to_cart,2026-01-31T17:42:38Z
114,674,checkout,2026-01-31T18:02:38Z
114,947,purchase,2026-01-31T18:48:38Z
114,270,search,2026-01-31T19:37:38Z
114,768,wishlist,2026-01-31T20:05:38Z
114,71,add_to_cart,2026-01-31T20:43:38Z
114,99,remove_cart,2026-01-31T21:24:38Z
114,30,purchase,2026-01-31T21:36:38Z
114,70,add_to_cart,2026-01-31T22:17:38Z
114,813,purchase,2026-01-31T22:28:38Z
114,1172,wishlist,2026-01-31T22:29:38Z
114,705,checkout,2026-01-31T23:00:38Z
114,1183,purchase,2026-01-31T23:41:38Z
114,440,remove_cart,2026-02-01T00:10:38Z
114,539,checkout,2026-02-01T00:50:38Z
114,573,checkout,2026-02-01T00:58:38Z
114,382,wishlist,2026-02-01T01:20:38Z
114,999,search,2026-02-01T01:42:38Z
114,198,checkout,2026-02-01T02:25:38Z
114,1064,wishlist,2026-02-01T03:14:38Z
114,749,search,2026-02-01T03:19:38Z
114,53,remove_cart,2026-02-01T04:01:38Z
114,466,add_to_cart,2026-02-01T04:08:38Z
114,228,checkout,2026-02-01T05:02:38Z
114,1460,click,2026-02-01T05:38:38Z
114,712,search,2026-02-01T05:47:38Z
114,894,search,2026-02-01T06:16:38Z
114,1034,click,2026-02-01T07:12:38Z
114,1047,add_to_cart,2026-02-01T07:38:38Z
114,1394,purchase,2026-02-01T07:48:38Z
114,35,purchase,2026-02-01T08:38:38Z
114,725,purchase,2026-02-01T09:25:38Z
114,1087,add_to_cart,2026-02-01T10:02:38Z
114,1092,view,2026-02-01T10:54:38Z
114,472,wishlist,2026-02-01T11:29:38Z
114,326,add_to_cart,2026-02-01T11:53:38Z
115,1300,search,2026-01-22T17:03:38Z
115,1267,view,2026-01-22T17:58:38Z
115,1467,click,2026-01-22T18:13:38Z
115,1249,add_to_cart,2026-01-22T18:48:38Z
115,415,remove_cart,2026-01-22T19:43:38Z
115,821,search,2026-01-22T19:47:38Z
115,1069,search,2026-01-22T20:12:38Z
115,976,remove_cart,2026-01-22T21:10:38Z
115,279,checkout,2026-01-22T21:31:38Z
115,154,search,2026-01-22T21:32:38Z
115,1139,search,2026-01-22T22:18:38Z
115,1256,search,2026-01-22T22:32:38Z
115,841,click,2026-01-22T22:36:38Z
115,985,add_to_cart,2026-01-22T22:46:38Z
115,497,add_to_cart,2026-01-22T23:35:38Z
115,327,remove_cart,2026-01-23T00:26:38Z
115,1212,remove_cart,2026-01-23T00:52:38Z
115,718,purchase,2026-01-23T01:08:38Z
115,566,click,2026-01-23T01:23:38Z
115,823,add_to_cart,2026-01-23T02:21:38Z
115,1200,click,2026-01-23T03:08:38Z
115,909,add_to_cart,2026-01-23T03:22:38Z
115,565,add_to_cart,2026-01-23T04:06:38Z
115,1305,wishlist,2026-01-23T04:07:38Z
115,638,click,2026-01-23T04:41:38Z
115,1288,click,2026-01-23T05:31:38Z
116,898,search,2026-02-18T17:05:38Z
116,256,view,2026-02-18T17:25:38Z
116,1250,click,2026-02-18T18:00:38Z
116,145,checkout,2026-02-18T18:10:38Z
116,558,wishlist,2026-02-18T19:07:38Z
116,524,view,2026-02-18T19:32:38Z
116,956,click,2026-02-18T20:13:38Z
116,345,remove_cart,2026-02-18T20:51:38Z
116,597,checkout,2026-02-18T21:40:38Z
116,212,purchase,2026-02-18T22:14:38Z
116,1236,click,2026-02-18T23:01:38Z
116,1362,wishlist,2026-02-18T23:17:38Z
116,1437,checkout,2026-02-19T00:11:38Z
116,117,remove_cart,2026-02-19T00:38:38Z
116,574,click,2026-02-19T01:34:38Z
116,516,search,2026-02-19T02:32:38Z
116,1366,wishlist,2026-02-19T02:59:38Z
116,171,search,2026-02-19T03:22:38Z
116,1461,view,2026-02-19T03:29:38Z
116,1200,checkout,2026-02-19T03:45:38Z
116,1211,checkout,2026-02-19T04:00:38Z
116,545,remove_cart,2026-02-19T04:43:38Z
116,1452,click,2026-02-19T05:33:38Z
116,1243,checkout,2026-02-19T06:09:38Z
116,1063,remove_cart,2026-02-19T06:48:38Z
116,1233,remove_cart,2026-02-19T06:51:38Z
116,1317,click,2026-02-19T07:29:38Z
116,195,click,2026-02-19T08:06:38Z
116,489,click,2026-02-19T08:55:38Z
116,1378,wishlist,2026-02-19T09:33:38Z
116,807,remove_cart,2026-02-19T10:26:38Z
116,1326,view,2026-02-19T10:49:38Z
116,944,checkout,2026-02-19T11:44:38Z
116,1287,view,2026-02-19T12:10:38Z
116,53,remove_cart,2026-02-19T12:53:38Z
116,371,purchase,2026-02-19T13:30:38Z
116,674,view,2026-02-19T14:11:38Z
116,845,click,2026-02-19T14:30:38Z
116,936,view,2026-02-19T15:17:38Z
116,1399,search,2026-02-19T15:40:38Z
116,510,wishlist,2026-02-19T16:03:38Z
116,98,search,2026-02-19T16:32:38Z
116,1432,wishlist,2026-02-19T17:02:38Z
116,329,search,2026-02-19T17:52:38Z
116,1121,purchase,2026-02-19T18:28:38Z
116,822,wishlist,2026-02-19T19:16:38Z
116,353,wishlist,2026-02-19T20:06:38Z
116,183,checkout,2026-02-19T21:01:38Z
116,1263,wishlist,2026-02-19T21:24:38Z
116,627,purchase,2026-02-19T21:45:38Z
116,1479,click,2026-02-19T22:44:38Z
116,832,click,2026-02-19T23:25:38Z
116,1019,wishlist,2026-02-20T00:05:38Z
116,784,add_to_cart,2026-02-20T00:54:38Z
116,1449,purchase,2026-02-20T01:11:38Z
116,691,checkout,2026-02-20T01:34:38Z
116,741,checkout,2026-02-20T02:32:38Z
116,662,add_to_cart,2026-02-20T02:43:38Z
117,636,search,2026-04-05T17:00:38Z
117,1037,view,2026-04-05T17:59:38Z
117,1316,click,2026-04-05T18:44:38Z
117,1147,search,2026-04-05T19:33:38Z
117,1267,add_to_cart,2026-04-05T19:59:38Z
117,192,click,2026-04-05T20:12:38Z
117,1225,click,2026-04-05T20:58:38Z
117,540,remove_cart,2026-04-05T21:53:38Z
117,697,add_to_cart,2026-04-05T22:39:38Z
117,273,wishlist,2026-04-05T23:05:38Z
117,602,remove_cart,2026-04-05T23:12:38Z
117,461,click,2026-04-05T23:33:38Z
117,84,checkout,2026-04-06T00:26:38Z
117,318,purchase,2026-04-06T01:02:38Z
117,1013,search,2026-04-06T01:04:38Z
117,1424,purchase,2026-04-06T01:58:38Z
117,463,purchase,2026-04-06T02:14:38Z
117,443,checkout,2026-04-06T02:56:38Z
117,608,add_to_cart,2026-04-06T02:57:38Z
117,1254,purchase,2026-04-06T02:59:38Z
117,899,checkout,2026-04-06T03:53:38Z
118,382,search,2026-02-07T16:49:38Z
118,1063,view,2026-02-07T17:44:38Z
118,819,click,2026-02-07T18:22:38Z
118,536,remove_cart,2026-02-07T19:10:38Z
118,540,wishlist,2026-02-07T20:02:38Z
118,747,remove_cart,2026-02-07T20:26:38Z
118,1107,purchase,2026-02-07T20:47:38Z
118,1420,wishlist,2026-02-07T20:52:38Z
118,1439,add_to_cart,2026-02-07T21:13:38Z
118,1103,purchase,2026-02-07T22:04:38Z
118,1040,add_to_cart,2026-02-07T22:11:38Z
118,643,checkout,2026-02-07T22:46:38Z
118,1238,click,2026-02-07T23:38:38Z
118,714,purchase,2026-02-08T00:25:38Z
118,552,purchase,2026-02-08T00:55:38Z
118,1268,view,2026-02-08T01:25:38Z
118,1211,checkout,2026-02-08T01:57:38Z
118,351,remove_cart,2026-02-08T02:02:38Z
118,919,view,2026-02-08T02:38:38Z
118,712,view,2026-02-08T03:36:38Z
118,1447,checkout,2026-02-08T04:32:38Z
118,1397,add_to_cart,2026-02-08T04:37:38Z
118,1473,wishlist,2026-02-08T04:42:38Z
118,517,search,2026-02-08T05:19:38Z
118,1225,view,2026-02-08T06:05:38Z
118,1443,checkout,2026-02-08T06:33:38Z
118,441,add_to_cart,2026-02-08T06:59:38Z
118,1103,checkout,2026-02-08T07:19:38Z
118,477,search,2026-02-08T07:41:38Z
118,1106,remove_cart,2026-02-08T07:51:38Z
118,14,wishlist,2026-02-08T08:47:38Z
118,734,view,2026-02-08T09:33:38Z
118,146,click,2026-02-08T10:23:38Z
118,848,click,2026-02-08T10:57:38Z
118,399,add_to_cart,2026-02-08T11:44:38Z
118,368,purchase,2026-02-08T12:23:38Z
118,1330,add_to_cart,2026-02-08T12:25:38Z
118,245,checkout,2026-02-08T13:12:38Z
118,193,wishlist,2026-02-08T13:18:38Z
118,1436,remove_cart,2026-02-08T13:55:38Z
118,835,remove_cart,2026-02-08T14:47:38Z
118,972,remove_cart,2026-02-08T15:32:38Z
118,704,add_to_cart,2026-02-08T16:27:38Z
118,638,add_to_cart,2026-02-08T16:34:38Z
118,1449,wishlist,2026-02-08T16:46:38Z
118,517,remove_cart,2026-02-08T17:43:38Z
119,823,search,2026-04-08T16:39:38Z
119,465,view,2026-04-08T16:52:38Z
119,1326,click,2026-04-08T17:15:38Z
119,926,click,2026-04-08T17:37:38Z
119,528,click,2026-04-08T18:11:38Z
119,1242,view,2026-04-08T19:08:38Z
119,122,view,2026-04-08T19:44:38Z
119,346,wishlist,2026-04-08T19:51:38Z
119,26,view,2026-04-08T20:25:38Z
119,788,view,2026-04-08T20:46:38Z
119,1164,search,2026-04-08T20:48:38Z
119,143,wishlist,2026-04-08T21:43:38Z
119,1304,add_to_cart,2026-04-08T21:56:38Z
119,1097,checkout,2026-04-08T22:08:38Z
119,199,purchase,2026-04-08T22:31:38Z
119,767,add_to_cart,2026-04-08T23:10:38Z
119,903,add_to_cart,2026-04-09T00:08:38Z
119,305,add_to_cart,2026-04-09T00:41:38Z
119,1275,checkout,2026-04-09T00:43:38Z
119,1101,view,2026-04-09T01:43:38Z
119,639,click,2026-04-09T02:35:38Z
119,715,search,2026-04-09T02:42:38Z
119,1062,add_to_cart,2026-04-09T03:20:38Z
119,205,add_to_cart,2026-04-09T04:18:38Z
119,1236,checkout,2026-04-09T04:31:38Z
119,691,add_to_cart,2026-04-09T05:11:38Z
119,1349,checkout,2026-04-09T06:11:38Z
119,918,remove_cart,2026-04-09T07:02:38Z
119,1136,click,2026-04-09T07:45:38Z
119,505,click,2026-04-09T08:07:38Z
119,491,wishlist,2026-04-09T08:17:38Z
119,828,checkout,2026-04-09T08:30:38Z
119,121,view,2026-04-09T08:53:38Z
119,1351,checkout,2026-04-09T09:45:38Z
119,1065,click,2026-04-09T10:40:38Z
119,1342,click,2026-04-09T11:23:38Z
119,1080,wishlist,2026-04-09T12:22:38Z
119,1119,remove_cart,2026-04-09T13:11:38Z
119,657,purchase,2026-04-09T13:30:38Z
119,406,add_to_cart,2026-04-09T13:59:38Z
119,874,search,2026-04-09T14:40:38Z
119,773,remove_cart,2026-04-09T15:08:38Z
119,49,click,2026-04-09T15:40:38Z
119,659,checkout,2026-04-09T15:47:38Z
119,797,checkout,2026-04-09T16:27:38Z
119,589,search,2026-04-09T16:59:38Z
119,86,view,2026-04-09T17:33:38Z
119,629,purchase,2026-04-09T17:39:38Z
119,643,add_to_cart,2026-04-09T18:21:38Z
119,58,view,2026-04-09T18:56:38Z
119,789,view,2026-04-09T19:16:38Z
120,1402,view,2026-03-05T17:15:38Z
120,889,click,2026-03-05T18:11:38Z
120,1042,add_to_cart,2026-03-05T18:59:38Z
120,366,checkout,2026-03-05T19:33:38Z
120,760,purchase,2026-03-05T20:06:38Z
120,440,view,2026-03-05T21:05:38Z
120,381,click,2026-03-05T21:35:38Z
120,656,purchase,2026-03-05T22:21:38Z
120,417,click,2026-03-05T23:07:38Z
120,1170,checkout,2026-03-05T23:21:38Z
120,782,view,2026-03-05T23:24:38Z
120,1412,purchase,2026-03-06T00:22:38Z
120,595,click,2026-03-06T01:22:38Z
120,493,view,2026-03-06T02:20:38Z
120,799,wishlist,2026-03-06T02:32:38Z
120,824,purchase,2026-03-06T02:56:38Z
120,291,view,2026-03-06T03:06:38Z
120,1370,purchase,2026-03-06T03:46:38Z
120,866,search,2026-03-06T04:43:38Z
120,1339,search,2026-03-06T04:57:38Z
120,1414,search,2026-03-06T05:24:38Z
120,848,view,2026-03-06T05:51:38Z
120,389,remove_cart,2026-03-06T06:09:38Z
120,1230,checkout,2026-03-06T06:26:38Z
120,1419,view,2026-03-06T07:07:38Z
120,1426,remove_cart,2026-03-06T07:10:38Z
120,1358,checkout,2026-03-06T07:19:38Z
120,1306,purchase,2026-03-06T07:24:38Z
120,326,click,2026-03-06T07:32:38Z
120,376,checkout,2026-03-06T07:37:38Z
120,526,wishlist,2026-03-06T07:48:38Z
120,1099,remove_cart,2026-03-06T08:07:38Z
121,245,view,2026-03-14T16:29:38Z
121,414,wishlist,2026-03-14T16:55:38Z
121,1137,view,2026-03-14T17:01:38Z
121,1020,click,2026-03-14T17:56:38Z
121,261,add_to_cart,2026-03-14T18:09:38Z
121,981,view,2026-03-14T18:40:38Z
121,469,click,2026-03-14T18:48:38Z
121,795,view,2026-03-14T19:42:38Z
121,1421,add_to_cart,2026-03-14T19:48:38Z
121,893,click,2026-03-14T20:04:38Z
121,293,wishlist,2026-03-14T20:33:38Z
121,85,checkout,2026-03-14T21:12:38Z
121,431,purchase,2026-03-14T22:02:38Z
121,1165,wishlist,2026-03-14T22:05:38Z
121,700,view,2026-03-14T22:15:38Z
121,360,search,2026-03-14T23:14:38Z
121,411,wishlist,2026-03-14T23:44:38Z
121,779,view,2026-03-15T00:10:38Z
121,1036,add_to_cart,2026-03-15T00:29:38Z
121,377,click,2026-03-15T00:44:38Z
121,1348,purchase,2026-03-15T01:06:38Z
121,903,checkout,2026-03-15T01:08:38Z
121,504,click,2026-03-15T02:02:38Z
121,330,search,2026-03-15T02:38:38Z
121,651,add_to_cart,2026-03-15T03:14:38Z
121,1403,view,2026-03-15T03:22:38Z
121,1061,click,2026-03-15T03:49:38Z
121,1476,view,2026-03-15T04:29:38Z
121,659,add_to_cart,2026-03-15T05:16:38Z
121,294,wishlist,2026-03-15T05:19:38Z
121,479,click,2026-03-15T06:03:38Z
121,8,view,2026-03-15T06:28:38Z
121,794,view,2026-03-15T07:21:38Z
121,460,click,2026-03-15T08:16:38Z
121,1118,view,2026-03-15T08:53:38Z
121,1329,click,2026-03-15T08:55:38Z
121,1171,checkout,2026-03-15T09:55:38Z
121,1405,remove_cart,2026-03-15T10:14:38Z
122,487,view,2026-03-01T17:21:38Z
122,1005,click,2026-03-01T18:05:38Z
122,513,add_to_cart,2026-03-01T18:45:38Z
122,1304,remove_cart,2026-03-01T19:08:38Z
122,982,view,2026-03-01T19:38:38Z
122,1099,add_to_cart,2026-03-01T20:08:38Z
122,296,wishlist,2026-03-01T20:23:38Z
122,1498,search,2026-03-01T21:04:38Z
122,527,add_to_cart,2026-03-01T21:29:38Z
122,43,add_to_cart,2026-03-01T21:53:38Z
122,615,remove_cart,2026-03-01T22:45:38Z
122,942,add_to_cart,2026-03-01T22:48:38Z
122,1109,remove_cart,2026-03-01T23:34:38Z
122,257,purchase,2026-03-02T00:00:38Z
122,832,wishlist,2026-03-02T00:14:38Z
122,856,remove_cart,2026-03-02T01:11:38Z
122,927,checkout,2026-03-02T01:58:38Z
122,950,checkout,2026-03-02T02:23:38Z
122,668,wishlist,2026-03-02T02:45:38Z
122,1482,remove_cart,2026-03-02T02:54:38Z
122,445,purchase,2026-03-02T03:10:38Z
122,399,purchase,2026-03-02T03:47:38Z
122,949,wishlist,2026-03-02T04:45:38Z
122,1319,remove_cart,2026-03-02T05:09:38Z
122,805,search,2026-03-02T05:23:38Z
122,223,add_to_cart,2026-03-02T05:54:38Z
122,1278,checkout,2026-03-02T06:14:38Z
122,409,remove_cart,2026-03-02T06:18:38Z
122,1130,purchase,2026-03-02T06:40:38Z
122,788,add_to_cart,2026-03-02T07:23:38Z
122,908,remove_cart,2026-03-02T07:35:38Z
122,423,view,2026-03-02T08:20:38Z
122,1367,remove_cart,2026-03-02T08:57:38Z
122,1394,add_to_cart,2026-03-02T09:15:38Z
122,824,add_to_cart,2026-03-02T09:57:38Z
122,843,purchase,2026-03-02T10:07:38Z
122,504,wishlist,2026-03-02T10:37:38Z
122,997,add_to_cart,2026-03-02T11:26:38Z
122,1255,wishlist,2026-03-02T12:06:38Z
122,199,view,2026-03-02T12:50:38Z
122,44,click,2026-03-02T12:56:38Z
122,109,view,2026-03-02T13:55:38Z
122,185,wishlist,2026-03-02T14:50:38Z
122,731,wishlist,2026-03-02T15:50:38Z
122,309,purchase,2026-03-02T16:38:38Z
122,136,purchase,2026-03-02T16:58:38Z
122,647,wishlist,2026-03-02T17:38:38Z
122,694,checkout,2026-03-02T18:09:38Z
122,622,add_to_cart,2026-03-02T18:28:38Z
122,1151,click,2026-03-02T19:20:38Z
122,312,add_to_cart,2026-03-02T20:18:38Z
122,243,add_to_cart,2026-03-02T20:45:38Z
122,1151,remove_cart,2026-03-02T20:56:38Z
122,576,checkout,2026-03-02T21:41:38Z
122,1360,purchase,2026-03-02T21:49:38Z
122,912,add_to_cart,2026-03-02T22:48:38Z
122,81,click,2026-03-02T23:37:38Z
122,781,add_to_cart,2026-03-03T00:34:38Z
122,977,checkout,2026-03-03T00:59:38Z
123,904,view,2026-04-17T17:22:38Z
123,1172,wishlist,2026-04-17T18:00:38Z
123,917,view,2026-04-17T18:12:38Z
123,41,click,2026-04-17T19:10:38Z
123,1376,add_to_cart,2026-04-17T19:42:38Z
123,696,wishlist,2026-04-17T20:39:38Z
123,758,click,2026-04-17T21:36:38Z
123,277,click,2026-04-17T21:48:38Z
123,807,search,2026-04-17T22:32:38Z
123,1370,add_to_cart,2026-04-17T22:40:38Z
123,657,purchase,2026-04-17T23:21:38Z
123,171,search,2026-04-18T00:07:38Z
123,1014,wishlist,2026-04-18T00:46:38Z
123,1209,view,2026-04-18T01:26:38Z
123,748,remove_cart,2026-04-18T01:37:38Z
123,1052,search,2026-04-18T01:50:38Z
123,49,search,2026-04-18T02:24:38Z
123,342,checkout,2026-04-18T02:45:38Z
123,490,view,2026-04-18T03:27:38Z
123,920,search,2026-04-18T03:44:38Z
123,83,remove_cart,2026-04-18T04:06:38Z
123,1345,search,2026-04-18T04:54:38Z
123,165,checkout,2026-04-18T05:37:38Z
123,65,wishlist,2026-04-18T06:13:38Z
123,1279,add_to_cart,2026-04-18T07:09:38Z
123,1175,view,2026-04-18T07:57:38Z
123,780,view,2026-04-18T08:17:38Z
123,963,purchase,2026-04-18T09:15:38Z
123,74,remove_cart,2026-04-18T09:40:38Z
123,769,search,2026-04-18T10:25:38Z
124,1449,view,2026-03-04T16:49:38Z
124,272,click,2026-03-04T17:11:38Z
124,1473,add_to_cart,2026-03-04T17:34:38Z
124,1132,remove_cart,2026-03-04T17:51:38Z
124,1002,view,2026-03-04T18:04:38Z
124,171,search,2026-03-04T18:22:38Z
124,1376,checkout,2026-03-04T19:21:38Z
124,1365,click,2026-03-04T20:13:38Z
124,1043,wishlist,2026-03-04T21:09:38Z
124,264,click,2026-03-04T21:11:38Z
124,153,click,2026-03-04T21:27:38Z
124,134,add_to_cart,2026-03-04T21:51:38Z
124,486,add_to_cart,2026-03-04T22:28:38Z
124,155,click,2026-03-04T23:24:38Z
124,28,view,2026-03-05T00:11:38Z
124,1265,wishlist,2026-03-05T01:07:38Z
124,1194,click,2026-03-05T01:17:38Z
124,678,checkout,2026-03-05T01:58:38Z
124,250,click,2026-03-05T02:38:38Z
124,285,view,2026-03-05T03:24:38Z
124,167,purchase,2026-03-05T04:23:38Z
124,1471,add_to_cart,2026-03-05T04:29:38Z
124,887,click,2026-03-05T04:30:38Z
124,103,purchase,2026-03-05T04:44:38Z
124,657,click,2026-03-05T05:09:38Z
124,405,purchase,2026-03-05T05:40:38Z
124,1447,checkout,2026-03-05T06:19:38Z
124,590,add_to_cart,2026-03-05T06:50:38Z
124,379,view,2026-03-05T07:19:38Z
124,361,view,2026-03-05T07:25:38Z
124,295,purchase,2026-03-05T07:42:38Z
124,254,purchase,2026-03-05T08:27:38Z
124,384,click,2026-03-05T08:40:38Z
124,467,wishlist,2026-03-05T09:29:38Z
124,1302,add_to_cart,2026-03-05T09:55:38Z
124,845,search,2026-03-05T10:34:38Z
124,874,search,2026-03-05T10:48:38Z
124,707,search,2026-03-05T11:41:38Z
124,15,purchase,2026-03-05T12:15:38Z
124,331,search,2026-03-05T12:34:38Z
124,129,click,2026-03-05T12:38:38Z
125,881,view,2026-03-06T17:02:38Z
125,1381,click,2026-03-06T17:08:38Z
125,1467,add_to_cart,2026-03-06T17:57:38Z
125,25,checkout,2026-03-06T18:26:38Z
125,1382,purchase,2026-03-06T19:14:38Z
125,1205,click,2026-03-06T19:35:38Z
125,1395,wishlist,2026-03-06T20:20:38Z
125,538,click,2026-03-06T20:57:38Z
125,734,wishlist,2026-03-06T21:26:38Z
125,1024,checkout,2026-03-06T21:50:38Z
125,1002,search,2026-03-06T22:39:38Z
125,390,wishlist,2026-03-06T23:14:38Z
125,350,purchase,2026-03-06T23:52:38Z
125,723,view,2026-03-07T00:37:38Z
125,946,remove_cart,2026-03-07T01:07:38Z
125,826,wishlist,2026-03-07T02:07:38Z
125,952,checkout,2026-03-07T03:03:38Z
125,291,checkout,2026-03-07T03:13:38Z
125,51,remove_cart,2026-03-07T03:40:38Z
125,649,add_to_cart,2026-03-07T04:31:38Z
125,1295,remove_cart,2026-03-07T05:27:38Z
125,749,add_to_cart,2026-03-07T05:53:38Z
125,1356,view,2026-03-07T06:21:38Z
125,1215,add_to_cart,2026-03-07T06:31:38Z
125,195,add_to_cart,2026-03-07T06:45:38Z
125,968,view,2026-03-07T07:11:38Z
125,691,add_to_cart,2026-03-07T07:29:38Z
125,1019,purchase,2026-03-07T07:31:38Z
125,622,remove_cart,2026-03-07T07:42:38Z
125,390,search,2026-03-07T07:57:38Z
125,1483,checkout,2026-03-07T08:36:38Z
125,892,checkout,2026-03-07T09:04:38Z
125,1364,add_to_cart,2026-03-07T09:36:38Z
125,218,view,2026-03-07T09:59:38Z
125,1446,click,2026-03-07T10:20:38Z
125,593,checkout,2026-03-07T10:59:38Z
125,1063,add_to_cart,2026-03-07T11:15:38Z
125,444,checkout,2026-03-07T12:07:38Z
125,27,remove_cart,2026-03-07T12:39:38Z
125,325,search,2026-03-07T13:20:38Z
125,637,wishlist,2026-03-07T14:01:38Z
125,250,remove_cart,2026-03-07T14:41:38Z
125,578,add_to_cart,2026-03-07T15:15:38Z
125,765,wishlist,2026-03-07T16:02:38Z
125,1158,add_to_cart,2026-03-07T16:26:38Z
125,37,checkout,2026-03-07T16:31:38Z
125,855,checkout,2026-03-07T16:55:38Z
125,669,purchase,2026-03-07T17:09:38Z
125,641,purchase,2026-03-07T18:08:38Z
125,575,checkout,2026-03-07T18:59:38Z
125,679,wishlist,2026-03-07T19:36:38Z
126,1296,search,2026-03-26T16:43:38Z
126,469,view,2026-03-26T17:20:38Z
126,1215,click,2026-03-26T18:06:38Z
126,511,purchase,2026-03-26T18:59:38Z
126,963,checkout,2026-03-26T19:36:38Z
126,1047,view,2026-03-26T19:57:38Z
126,304,click,2026-03-26T20:22:38Z
126,1084,wishlist,2026-03-26T20:28:38Z
126,1235,checkout,2026-03-26T20:58:38Z
126,921,search,2026-03-26T21:03:38Z
126,396,remove_cart,2026-03-26T21:53:38Z
126,294,search,2026-03-26T22:39:38Z
126,121,wishlist,2026-03-26T23:34:38Z
126,458,checkout,2026-03-26T23:50:38Z
126,730,view,2026-03-27T00:11:38Z
126,300,checkout,2026-03-27T00:47:38Z
126,993,search,2026-03-27T01:08:38Z
126,1099,wishlist,2026-03-27T01:47:38Z
126,1323,purchase,2026-03-27T02:40:38Z
126,1224,purchase,2026-03-27T03:40:38Z
126,125,click,2026-03-27T03:59:38Z
126,1033,purchase,2026-03-27T04:33:38Z
126,771,search,2026-03-27T04:49:38Z
126,23,remove_cart,2026-03-27T05:34:38Z
126,419,search,2026-03-27T05:51:38Z
126,52,add_to_cart,2026-03-27T06:10:38Z
126,1319,view,2026-03-27T06:52:38Z
126,755,remove_cart,2026-03-27T06:58:38Z
126,303,checkout,2026-03-27T07:48:38Z
126,783,checkout,2026-03-27T08:29:38Z
126,910,add_to_cart,2026-03-27T09:08:38Z
126,561,wishlist,2026-03-27T09:15:38Z
126,406,checkout,2026-03-27T09:33:38Z
126,334,checkout,2026-03-27T09:52:38Z
126,35,add_to_cart,2026-03-27T10:13:38Z
126,669,click,2026-03-27T10:17:38Z
126,291,checkout,2026-03-27T10:41:38Z
126,1476,wishlist,2026-03-27T11:35:38Z
126,53,remove_cart,2026-03-27T12:11:38Z
126,664,remove_cart,2026-03-27T12:53:38Z
126,669,remove_cart,2026-03-27T13:05:38Z
126,580,view,2026-03-27T13:47:38Z
126,1165,wishlist,2026-03-27T14:24:38Z
126,1048,view,2026-03-27T15:21:38Z
126,1469,view,2026-03-27T16:08:38Z
126,131,add_to_cart,2026-03-27T16:40:38Z
126,311,click,2026-03-27T16:49:38Z
126,335,click,2026-03-27T17:23:38Z
126,738,purchase,2026-03-27T17:29:38Z
126,167,wishlist,2026-03-27T17:51:38Z
126,143,remove_cart,2026-03-27T18:13:38Z
126,1117,checkout,2026-03-27T18:39:38Z
126,853,view,2026-03-27T19:13:38Z
126,318,remove_cart,2026-03-27T19:58:38Z
126,425,click,2026-03-27T20:51:38Z
126,237,checkout,2026-03-27T21:02:38Z
126,491,search,2026-03-27T21:17:38Z
126,1400,view,2026-03-27T21:59:38Z
126,1317,view,2026-03-27T22:03:38Z
126,87,purchase,2026-03-27T22:34:38Z
126,477,view,2026-03-27T22:49:38Z
126,282,add_to_cart,2026-03-27T23:45:38Z
126,794,wishlist,2026-03-28T00:06:38Z
126,1045,remove_cart,2026-03-28T00:08:38Z
127,1372,view,2026-03-13T16:24:38Z
127,1428,click,2026-03-13T17:10:38Z
127,1127,add_to_cart,2026-03-13T17:37:38Z
127,83,remove_cart,2026-03-13T17:42:38Z
127,1208,view,2026-03-13T17:55:38Z
127,471,view,2026-03-13T18:09:38Z
127,716,checkout,2026-03-13T18:10:38Z
127,754,click,2026-03-13T18:48:38Z
127,436,add_to_cart,2026-03-13T19:14:38Z
127,16,add_to_cart,2026-03-13T19:49:38Z
127,1140,search,2026-03-13T20:07:38Z
127,796,wishlist,2026-03-13T20:40:38Z
127,413,add_to_cart,2026-03-13T21:34:38Z
127,401,search,2026-03-13T21:56:38Z
127,534,wishlist,2026-03-13T22:54:38Z
127,1333,remove_cart,2026-03-13T23:02:38Z
127,60,search,2026-03-13T23:31:38Z
127,1335,checkout,2026-03-14T00:10:38Z
127,379,remove_cart,2026-03-14T00:24:38Z
127,794,click,2026-03-14T00:27:38Z
127,422,click,2026-03-14T01:15:38Z
127,1168,purchase,2026-03-14T02:04:38Z
127,1413,search,2026-03-14T02:58:38Z
127,1215,purchase,2026-03-14T03:55:38Z
127,950,search,2026-03-14T04:19:38Z
127,1283,view,2026-03-14T05:01:38Z
127,517,purchase,2026-03-14T05:38:38Z
127,49,purchase,2026-03-14T06:11:38Z
127,444,search,2026-03-14T06:12:38Z
127,684,add_to_cart,2026-03-14T07:08:38Z
127,1475,purchase,2026-03-14T07:40:38Z
127,671,remove_cart,2026-03-14T08:27:38Z
127,1233,checkout,2026-03-14T08:53:38Z
127,1007,add_to_cart,2026-03-14T09:52:38Z
127,1223,checkout,2026-03-14T10:28:38Z
127,1367,search,2026-03-14T11:19:38Z
127,1263,purchase,2026-03-14T11:24:38Z
127,1,click,2026-03-14T12:21:38Z
127,103,view,2026-03-14T13:01:38Z
127,1,view,2026-03-14T13:19:38Z
127,782,search,2026-03-14T13:48:38Z
127,110,add_to_cart,2026-03-14T13:55:38Z
127,1323,wishlist,2026-03-14T14:09:38Z
127,764,purchase,2026-03-14T14:37:38Z
127,856,click,2026-03-14T14:55:38Z
127,72,view,2026-03-14T15:15:38Z
127,291,click,2026-03-14T15:35:38Z
127,420,search,2026-03-14T16:05:38Z
127,1304,click,2026-03-14T17:04:38Z
127,976,view,2026-03-14T18:01:38Z
127,231,add_to_cart,2026-03-14T18:02:38Z
127,481,click,2026-03-14T18:49:38Z
127,1188,checkout,2026-03-14T19:45:38Z
127,47,search,2026-03-14T20:03:38Z
127,1498,checkout,2026-03-14T20:08:38Z
127,134,add_to_cart,2026-03-14T20:22:38Z
127,773,remove_cart,2026-03-14T21:06:38Z
127,1019,view,2026-03-14T21:09:38Z
127,954,remove_cart,2026-03-14T22:03:38Z
127,28,remove_cart,2026-03-14T22:15:38Z
127,130,view,2026-03-14T22:58:38Z
127,577,search,2026-03-14T23:44:38Z
127,548,checkout,2026-03-14T23:57:38Z
127,557,view,2026-03-15T00:40:38Z
127,1413,purchase,2026-03-15T00:56:38Z
127,4,checkout,2026-03-15T01:48:38Z
127,1154,view,2026-03-15T02:44:38Z
127,1440,remove_cart,2026-03-15T03:20:38Z
128,746,view,2026-03-21T16:41:38Z
128,1225,click,2026-03-21T16:47:38Z
128,935,add_to_cart,2026-03-21T17:11:38Z
128,968,checkout,2026-03-21T18:04:38Z
128,336,purchase,2026-03-21T18:39:38Z
128,761,wishlist,2026-03-21T19:22:38Z
128,1310,add_to_cart,2026-03-21T19:43:38Z
128,357,wishlist,2026-03-21T20:10:38Z
128,958,remove_cart,2026-03-21T20:34:38Z
128,599,wishlist,2026-03-21T21:24:38Z
128,1378,add_to_cart,2026-03-21T22:17:38Z
128,1111,checkout,2026-03-21T23:01:38Z
128,885,remove_cart,2026-03-21T23:25:38Z
128,519,click,2026-03-22T00:04:38Z
128,735,add_to_cart,2026-03-22T00:26:38Z
128,1105,checkout,2026-03-22T00:55:38Z
128,88,add_to_cart,2026-03-22T01:52:38Z
128,1281,wishlist,2026-03-22T02:25:38Z
128,700,add_to_cart,2026-03-22T03:04:38Z
128,1175,add_to_cart,2026-03-22T03:59:38Z
128,422,add_to_cart,2026-03-22T04:52:38Z
128,859,remove_cart,2026-03-22T04:58:38Z
128,1115,click,2026-03-22T05:31:38Z
128,213,view,2026-03-22T06:05:38Z
128,1128,view,2026-03-22T06:22:38Z
128,465,add_to_cart,2026-03-22T07:10:38Z
128,240,wishlist,2026-03-22T07:42:38Z
128,765,wishlist,2026-03-22T08:29:38Z
128,1346,remove_cart,2026-03-22T09:03:38Z
128,1182,remove_cart,2026-03-22T09:18:38Z
128,836,wishlist,2026-03-22T10:06:38Z
128,1312,click,2026-03-22T10:21:38Z
128,1422,checkout,2026-03-22T10:31:38Z
128,2,purchase,2026-03-22T11:17:38Z
128,296,click,2026-03-22T11:49:38Z
128,628,click,2026-03-22T12:34:38Z
128,832,purchase,2026-03-22T13:23:38Z
128,429,search,2026-03-22T14:16:38Z
128,392,click,2026-03-22T15:09:38Z
128,64,view,2026-03-22T15:11:38Z
128,425,search,2026-03-22T15:19:38Z
128,1394,add_to_cart,2026-03-22T16:12:38Z
128,520,click,2026-03-22T16:17:38Z
128,865,checkout,2026-03-22T16:25:38Z
128,826,wishlist,2026-03-22T17:08:38Z
128,1224,view,2026-03-22T17:53:38Z
128,795,search,2026-03-22T18:15:38Z
128,623,wishlist,2026-03-22T18:29:38Z
128,1208,remove_cart,2026-03-22T19:09:38Z
128,1260,checkout,2026-03-22T19:50:38Z
128,1007,view,2026-03-22T20:34:38Z
129,64,view,2026-02-15T16:45:38Z
129,1435,wishlist,2026-02-15T17:02:38Z
129,786,view,2026-02-15T17:33:38Z
129,1104,click,2026-02-15T18:22:38Z
129,201,add_to_cart,2026-02-15T19:12:38Z
129,1203,remove_cart,2026-02-15T19:57:38Z
129,1005,wishlist,2026-02-15T20:41:38Z
129,80,view,2026-02-15T21:06:38Z
129,178,checkout,2026-02-15T21:55:38Z
129,1114,checkout,2026-02-15T22:12:38Z
129,503,click,2026-02-15T22:18:38Z
129,778,click,2026-02-15T22:48:38Z
129,1237,wishlist,2026-02-15T23:04:38Z
129,662,checkout,2026-02-15T23:07:38Z
129,1442,search,2026-02-15T23:43:38Z
129,1257,checkout,2026-02-15T23:57:38Z
129,22,remove_cart,2026-02-16T00:04:38Z
129,1383,add_to_cart,2026-02-16T00:42:38Z
129,1037,view,2026-02-16T01:42:38Z
129,1029,checkout,2026-02-16T01:47:38Z
129,563,add_to_cart,2026-02-16T02:17:38Z
129,1098,remove_cart,2026-02-16T03:09:38Z
130,241,view,2026-04-13T17:00:38Z
130,1059,wishlist,2026-04-13T17:45:38Z
130,357,view,2026-04-13T18:17:38Z
130,926,click,2026-04-13T19:15:38Z
130,334,add_to_cart,2026-04-13T19:34:38Z
130,1232,view,2026-04-13T19:53:38Z
130,225,wishlist,2026-04-13T20:21:38Z
130,158,add_to_cart,2026-04-13T21:15:38Z
130,996,purchase,2026-04-13T21:46:38Z
130,794,purchase,2026-04-13T21:47:38Z
130,772,add_to_cart,2026-04-13T22:37:38Z
130,375,view,2026-04-13T22:57:38Z
130,1399,purchase,2026-04-13T23:19:38Z
130,1462,checkout,2026-04-13T23:34:38Z
130,1436,checkout,2026-04-14T00:26:38Z
130,337,click,2026-04-14T00:33:38Z
130,1240,add_to_cart,2026-04-14T00:42:38Z
130,1017,view,2026-04-14T01:11:38Z
130,1432,wishlist,2026-04-14T02:02:38Z
130,1451,remove_cart,2026-04-14T02:04:38Z
130,1114,wishlist,2026-04-14T02:45:38Z
130,971,click,2026-04-14T03:12:38Z
130,894,view,2026-04-14T03:30:38Z
130,134,remove_cart,2026-04-14T03:35:38Z
130,1362,click,2026-04-14T03:52:38Z
130,822,wishlist,2026-04-14T04:23:38Z
130,282,purchase,2026-04-14T05:22:38Z
130,332,click,2026-04-14T05:24:38Z
130,383,click,2026-04-14T06:01:38Z
130,1352,purchase,2026-04-14T06:30:38Z
130,539,wishlist,2026-04-14T07:06:38Z
130,1345,checkout,2026-04-14T07:11:38Z
130,847,add_to_cart,2026-04-14T07:49:38Z
130,82,click,2026-04-14T08:25:38Z
130,302,purchase,2026-04-14T08:38:38Z
130,1437,search,2026-04-14T08:47:38Z
130,762,remove_cart,2026-04-14T08:48:38Z
130,25,view,2026-04-14T09:21:38Z
130,1364,click,2026-04-14T09:55:38Z
130,1087,search,2026-04-14T10:33:38Z
130,281,view,2026-04-14T10:53:38Z
130,500,wishlist,2026-04-14T11:52:38Z
130,438,checkout,2026-04-14T12:44:38Z
130,973,purchase,2026-04-14T13:27:38Z
130,439,checkout,2026-04-14T13:58:38Z
130,795,click,2026-04-14T14:10:38Z
130,1367,click,2026-04-14T14:20:38Z
130,1045,add_to_cart,2026-04-14T15:15:38Z
130,140,add_to_cart,2026-04-14T16:11:38Z
130,149,checkout,2026-04-14T16:44:38Z
130,1284,add_to_cart,2026-04-14T17:00:38Z
130,1282,remove_cart,2026-04-14T17:54:38Z
130,538,wishlist,2026-04-14T18:09:38Z
130,885,remove_cart,2026-04-14T18:13:38Z
130,657,view,2026-04-14T19:09:38Z
130,395,remove_cart,2026-04-14T19:11:38Z
130,922,wishlist,2026-04-14T19:37:38Z
130,261,purchase,2026-04-14T20:25:38Z
130,1044,checkout,2026-04-14T21:05:38Z
130,1302,remove_cart,2026-04-14T21:47:38Z
130,1227,add_to_cart,2026-04-14T22:03:38Z
131,154,view,2026-03-14T17:12:38Z
131,1229,click,2026-03-14T17:40:38Z
131,855,add_to_cart,2026-03-14T17:42:38Z
131,1151,remove_cart,2026-03-14T17:47:38Z
131,1443,view,2026-03-14T17:53:38Z
131,1314,add_to_cart,2026-03-14T18:43:38Z
131,569,view,2026-03-14T19:07:38Z
131,952,remove_cart,2026-03-14T19:25:38Z
131,1097,wishlist,2026-03-14T19:45:38Z
131,632,wishlist,2026-03-14T20:44:38Z
131,999,checkout,2026-03-14T21:17:38Z
131,1410,remove_cart,2026-03-14T22:06:38Z
131,691,add_to_cart,2026-03-14T22:37:38Z
131,1003,click,2026-03-14T23:22:38Z
131,1059,wishlist,2026-03-14T23:57:38Z
131,1289,click,2026-03-15T00:14:38Z
131,556,search,2026-03-15T01:14:38Z
131,1052,search,2026-03-15T01:53:38Z
131,664,purchase,2026-03-15T02:14:38Z
131,392,purchase,2026-03-15T02:51:38Z
131,393,wishlist,2026-03-15T03:11:38Z
131,1385,wishlist,2026-03-15T03:45:38Z
131,541,remove_cart,2026-03-15T04:03:38Z
131,1350,remove_cart,2026-03-15T04:46:38Z
131,1256,purchase,2026-03-15T05:36:38Z
131,1410,add_to_cart,2026-03-15T06:28:38Z
131,1408,search,2026-03-15T06:41:38Z
131,1112,wishlist,2026-03-15T07:27:38Z
131,948,wishlist,2026-03-15T07:41:38Z
131,1484,add_to_cart,2026-03-15T07:49:38Z
131,506,search,2026-03-15T08:30:38Z
131,1298,purchase,2026-03-15T09:09:38Z
131,1327,wishlist,2026-03-15T09:21:38Z
131,504,checkout,2026-03-15T09:45:38Z
131,1469,remove_cart,2026-03-15T10:16:38Z
131,1164,search,2026-03-15T11:16:38Z
131,700,checkout,2026-03-15T11:51:38Z
131,1242,add_to_cart,2026-03-15T12:08:38Z
131,255,click,2026-03-15T12:25:38Z
131,1128,remove_cart,2026-03-15T13:18:38Z
131,137,remove_cart,2026-03-15T13:19:38Z
131,522,purchase,2026-03-15T14:11:38Z
131,1128,checkout,2026-03-15T14:41:38Z
131,1163,search,2026-03-15T15:14:38Z
131,545,remove_cart,2026-03-15T15:27:38Z
131,1287,view,2026-03-15T15:55:38Z
131,222,checkout,2026-03-15T16:34:38Z
131,793,checkout,2026-03-15T17:02:38Z
131,287,wishlist,2026-03-15T17:10:38Z
131,741,add_to_cart,2026-03-15T17:18:38Z
131,144,view,2026-03-15T17:21:38Z
131,1124,search,2026-03-15T17:28:38Z
131,197,search,2026-03-15T17:37:38Z
132,82,view,2026-01-22T16:36:38Z
132,1353,click,2026-01-22T17:34:38Z
132,123,add_to_cart,2026-01-22T18:11:38Z
132,229,remove_cart,2026-01-22T18:12:38Z
132,1279,view,2026-01-22T18:34:38Z
132,881,search,2026-01-22T18:53:38Z
132,452,purchase,2026-01-22T19:08:38Z
132,1132,search,2026-01-22T20:08:38Z
132,485,wishlist,2026-01-22T21:02:38Z
132,1134,add_to_cart,2026-01-22T21:04:38Z
132,451,wishlist,2026-01-22T21:53:38Z
132,785,add_to_cart,2026-01-22T22:45:38Z
132,1263,purchase,2026-01-22T23:20:38Z
132,187,view,2026-01-22T23:31:38Z
132,996,search,2026-01-23T00:23:38Z
132,505,click,2026-01-23T00:30:38Z
132,496,remove_cart,2026-01-23T00:45:38Z
132,340,checkout,2026-01-23T01:25:38Z
132,452,add_to_cart,2026-01-23T02:24:38Z
132,7,search,2026-01-23T02:31:38Z
132,632,purchase,2026-01-23T03:14:38Z
132,1229,remove_cart,2026-01-23T03:52:38Z
132,438,remove_cart,2026-01-23T04:21:38Z
132,168,purchase,2026-01-23T04:28:38Z
132,910,remove_cart,2026-01-23T05:14:38Z
132,788,checkout,2026-01-23T05:24:38Z
132,1109,remove_cart,2026-01-23T05:26:38Z
132,1379,search,2026-01-23T05:40:38Z
132,1074,checkout,2026-01-23T06:08:38Z
132,43,wishlist,2026-01-23T06:29:38Z
132,1261,checkout,2026-01-23T07:02:38Z
132,906,remove_cart,2026-01-23T07:56:38Z
132,296,purchase,2026-01-23T08:20:38Z
132,1432,click,2026-01-23T08:59:38Z
132,828,remove_cart,2026-01-23T09:10:38Z
132,644,purchase,2026-01-23T09:24:38Z
132,562,wishlist,2026-01-23T09:50:38Z
132,596,purchase,2026-01-23T10:36:38Z
132,1230,purchase,2026-01-23T11:01:38Z
132,1406,checkout,2026-01-23T11:03:38Z
132,1429,purchase,2026-01-23T11:45:38Z
132,1461,click,2026-01-23T12:14:38Z
132,1171,view,2026-01-23T12:39:38Z
132,781,wishlist,2026-01-23T13:03:38Z
132,894,view,2026-01-23T13:35:38Z
132,869,checkout,2026-01-23T14:34:38Z
132,523,click,2026-01-23T15:02:38Z
132,552,wishlist,2026-01-23T15:17:38Z
132,533,wishlist,2026-01-23T16:16:38Z
132,346,checkout,2026-01-23T16:27:38Z
132,1200,purchase,2026-01-23T17:22:38Z
132,75,purchase,2026-01-23T18:17:38Z
132,99,remove_cart,2026-01-23T18:41:38Z
132,1449,purchase,2026-01-23T18:47:38Z
132,1261,add_to_cart,2026-01-23T18:53:38Z
132,163,view,2026-01-23T19:10:38Z
132,306,search,2026-01-23T19:39:38Z
132,893,search,2026-01-23T19:49:38Z
132,381,search,2026-01-23T20:45:38Z
132,639,purchase,2026-01-23T21:12:38Z
132,137,add_to_cart,2026-01-23T21:46:38Z
132,189,purchase,2026-01-23T22:42:38Z
132,1341,view,2026-01-23T23:19:38Z
132,1123,add_to_cart,2026-01-23T23:38:38Z
132,344,checkout,2026-01-24T00:06:38Z
132,401,purchase,2026-01-24T00:08:38Z
132,208,click,2026-01-24T00:13:38Z
132,367,search,2026-01-24T01:06:38Z
132,948,click,2026-01-24T01:56:38Z
132,367,wishlist,2026-01-24T02:43:38Z
132,383,add_to_cart,2026-01-24T03:18:38Z
132,18,purchase,2026-01-24T04:09:38Z
132,352,wishlist,2026-01-24T05:04:38Z
132,43,search,2026-01-24T05:37:38Z
132,277,view,2026-01-24T06:03:38Z
132,961,add_to_cart,2026-01-24T06:07:38Z
132,271,add_to_cart,2026-01-24T07:02:38Z
132,1248,purchase,2026-01-24T07:58:38Z
132,572,wishlist,2026-01-24T08:35:38Z
133,1455,view,2026-03-19T16:34:38Z
133,1462,click,2026-03-19T16:42:38Z
133,332,add_to_cart,2026-03-19T16:58:38Z
133,1242,remove_cart,2026-03-19T17:39:38Z
133,87,view,2026-03-19T18:28:38Z
133,279,click,2026-03-19T18:53:38Z
133,944,view,2026-03-19T19:12:38Z
133,809,checkout,2026-03-19T19:56:38Z
133,1076,remove_cart,2026-03-19T20:53:38Z
133,1065,checkout,2026-03-19T21:35:38Z
133,1241,wishlist,2026-03-19T22:26:38Z
133,515,remove_cart,2026-03-19T23:15:38Z
133,1031,remove_cart,2026-03-19T23:26:38Z
133,75,checkout,2026-03-19T23:35:38Z
133,1229,purchase,2026-03-19T23:40:38Z
133,612,wishlist,2026-03-20T00:34:38Z
133,845,click,2026-03-20T01:13:38Z
133,614,remove_cart,2026-03-20T01:38:38Z
133,645,wishlist,2026-03-20T01:40:38Z
133,33,checkout,2026-03-20T01:53:38Z
133,1308,purchase,2026-03-20T02:21:38Z
133,1210,add_to_cart,2026-03-20T02:50:38Z
133,619,add_to_cart,2026-03-20T03:32:38Z
133,292,remove_cart,2026-03-20T03:48:38Z
133,466,view,2026-03-20T04:46:38Z
133,997,checkout,2026-03-20T05:03:38Z
133,1460,remove_cart,2026-03-20T05:33:38Z
133,420,checkout,2026-03-20T05:57:38Z
133,852,checkout,2026-03-20T06:06:38Z
133,299,view,2026-03-20T06:22:38Z
133,767,click,2026-03-20T06:41:38Z
133,953,view,2026-03-20T07:04:38Z
133,1339,remove_cart,2026-03-20T08:01:38Z
133,1226,remove_cart,2026-03-20T08:06:38Z
133,1050,search,2026-03-20T08:29:38Z
133,982,checkout,2026-03-20T08:32:38Z
133,679,click,2026-03-20T08:55:38Z
133,1038,purchase,2026-03-20T09:15:38Z
133,208,add_to_cart,2026-03-20T09:16:38Z
133,1457,add_to_cart,2026-03-20T10:04:38Z
133,51,search,2026-03-20T10:08:38Z
133,1068,purchase,2026-03-20T10:49:38Z
133,919,wishlist,2026-03-20T10:51:38Z
133,1256,remove_cart,2026-03-20T11:13:38Z
133,1274,checkout,2026-03-20T11:36:38Z
133,754,wishlist,2026-03-20T11:55:38Z
133,1059,view,2026-03-20T12:47:38Z
133,898,click,2026-03-20T13:44:38Z
133,1053,checkout,2026-03-20T14:12:38Z
134,774,view,2026-01-24T16:32:38Z
134,1353,click,2026-01-24T16:54:38Z
134,901,add_to_cart,2026-01-24T17:40:38Z
134,1480,checkout,2026-01-24T18:27:38Z
134,548,purchase,2026-01-24T19:08:38Z
134,403,add_to_cart,2026-01-24T19:18:38Z
134,787,click,2026-01-24T19:58:38Z
134,452,search,2026-01-24T20:24:38Z
134,621,view,2026-01-24T20:27:38Z
134,399,view,2026-01-24T20:36:38Z
134,397,remove_cart,2026-01-24T21:13:38Z
134,311,remove_cart,2026-01-24T22:05:38Z
134,1164,remove_cart,2026-01-24T22:41:38Z
134,432,search,2026-01-24T23:40:38Z
134,335,view,2026-01-24T23:45:38Z
134,1490,view,2026-01-25T00:02:38Z
134,136,checkout,2026-01-25T00:53:38Z
134,340,purchase,2026-01-25T01:23:38Z
134,164,checkout,2026-01-25T01:31:38Z
134,702,checkout,2026-01-25T02:23:38Z
134,961,wishlist,2026-01-25T03:18:38Z
134,1144,search,2026-01-25T03:55:38Z
135,319,view,2026-03-08T16:56:38Z
135,1397,wishlist,2026-03-08T17:39:38Z
135,1468,view,2026-03-08T18:33:38Z
135,1066,click,2026-03-08T19:11:38Z
135,572,add_to_cart,2026-03-08T19:55:38Z
135,46,purchase,2026-03-08T20:10:38Z
135,558,remove_cart,2026-03-08T20:41:38Z
135,616,wishlist,2026-03-08T21:14:38Z
135,829,checkout,2026-03-08T22:01:38Z
135,616,view,2026-03-08T22:39:38Z
135,304,search,2026-03-08T22:46:38Z
135,449,purchase,2026-03-08T23:41:38Z
135,314,purchase,2026-03-09T00:11:38Z
135,1111,click,2026-03-09T00:56:38Z
135,819,wishlist,2026-03-09T01:23:38Z
135,679,remove_cart,2026-03-09T02:00:38Z
135,497,search,2026-03-09T02:06:38Z
135,986,add_to_cart,2026-03-09T02:46:38Z
135,643,click,2026-03-09T03:36:38Z
135,832,view,2026-03-09T04:04:38Z
135,849,remove_cart,2026-03-09T04:14:38Z
135,684,checkout,2026-03-09T04:16:38Z
135,631,wishlist,2026-03-09T04:24:38Z
135,1008,purchase,2026-03-09T04:56:38Z
135,439,remove_cart,2026-03-09T05:34:38Z
135,482,remove_cart,2026-03-09T06:02:38Z
135,1251,search,2026-03-09T06:18:38Z
135,327,add_to_cart,2026-03-09T06:40:38Z
135,772,wishlist,2026-03-09T07:18:38Z
135,169,click,2026-03-09T07:25:38Z
135,18,click,2026-03-09T08:16:38Z
135,878,add_to_cart,2026-03-09T08:51:38Z
135,190,checkout,2026-03-09T09:49:38Z
135,5,add_to_cart,2026-03-09T09:53:38Z
135,67,checkout,2026-03-09T10:05:38Z
135,752,add_to_cart,2026-03-09T10:24:38Z
135,1172,wishlist,2026-03-09T11:07:38Z
135,339,click,2026-03-09T11:10:38Z
135,205,search,2026-03-09T11:32:38Z
135,169,view,2026-03-09T12:10:38Z
135,1,view,2026-03-09T12:50:38Z
135,349,purchase,2026-03-09T13:41:38Z
135,1005,remove_cart,2026-03-09T14:34:38Z
135,1216,click,2026-03-09T14:52:38Z
135,1078,search,2026-03-09T15:32:38Z
135,1255,click,2026-03-09T16:26:38Z
135,134,search,2026-03-09T16:35:38Z
135,533,checkout,2026-03-09T17:14:38Z
135,1434,add_to_cart,2026-03-09T17:56:38Z
135,1243,click,2026-03-09T18:28:38Z
135,582,purchase,2026-03-09T19:13:38Z
135,694,view,2026-03-09T19:39:38Z
135,969,add_to_cart,2026-03-09T20:24:38Z
135,1043,checkout,2026-03-09T20:47:38Z
135,1339,search,2026-03-09T21:06:38Z
136,482,view,2026-02-27T17:14:38Z
136,634,click,2026-02-27T18:05:38Z
136,669,add_to_cart,2026-02-27T18:48:38Z
136,493,remove_cart,2026-02-27T19:02:38Z
136,305,view,2026-02-27T19:32:38Z
136,163,add_to_cart,2026-02-27T19:35:38Z
136,242,view,2026-02-27T20:13:38Z
136,920,add_to_cart,2026-02-27T20:20:38Z
136,1481,add_to_cart,2026-02-27T20:30:38Z
136,682,click,2026-02-27T20:49:38Z
136,490,wishlist,2026-02-27T21:27:38Z
136,840,checkout,2026-02-27T21:55:38Z
136,1320,click,2026-02-27T22:55:38Z
136,1453,search,2026-02-27T23:55:38Z
136,970,purchase,2026-02-28T00:53:38Z
136,321,view,2026-02-28T01:17:38Z
136,707,remove_cart,2026-02-28T01:30:38Z
136,65,click,2026-02-28T01:34:38Z
136,383,search,2026-02-28T01:59:38Z
136,1349,checkout,2026-02-28T02:29:38Z
136,1453,remove_cart,2026-02-28T03:20:38Z
136,273,wishlist,2026-02-28T03:49:38Z
136,1449,wishlist,2026-02-28T04:37:38Z
136,645,remove_cart,2026-02-28T05:20:38Z
136,337,add_to_cart,2026-02-28T05:21:38Z
136,191,search,2026-02-28T05:48:38Z
136,686,checkout,2026-02-28T06:45:38Z
136,288,add_to_cart,2026-02-28T06:48:38Z
136,1237,purchase,2026-02-28T07:21:38Z
136,415,checkout,2026-02-28T07:39:38Z
136,79,add_to_cart,2026-02-28T08:06:38Z
136,739,view,2026-02-28T08:47:38Z
136,1260,wishlist,2026-02-28T09:39:38Z
136,6,wishlist,2026-02-28T10:01:38Z
136,1027,click,2026-02-28T10:32:38Z
136,303,purchase,2026-02-28T10:46:38Z
136,1349,wishlist,2026-02-28T11:30:38Z
136,801,search,2026-02-28T12:04:38Z
136,1498,purchase,2026-02-28T12:32:38Z
136,1473,view,2026-02-28T13:02:38Z
136,935,search,2026-02-28T13:37:38Z
136,682,view,2026-02-28T13:56:38Z
136,1207,view,2026-02-28T14:23:38Z
136,855,click,2026-02-28T14:54:38Z
136,1247,checkout,2026-02-28T15:53:38Z
136,646,purchase,2026-02-28T16:53:38Z
136,543,purchase,2026-02-28T17:22:38Z
136,1336,search,2026-02-28T18:20:38Z
136,470,view,2026-02-28T19:13:38Z
136,544,search,2026-02-28T19:39:38Z
136,470,view,2026-02-28T20:13:38Z
136,921,view,2026-02-28T20:28:38Z
136,5,purchase,2026-02-28T20:54:38Z
136,156,remove_cart,2026-02-28T20:58:38Z
136,1120,search,2026-02-28T21:33:38Z
136,1028,remove_cart,2026-02-28T21:35:38Z
136,1230,search,2026-02-28T22:25:38Z
136,1189,view,2026-02-28T22:57:38Z
136,1355,purchase,2026-02-28T23:32:38Z
136,238,search,2026-03-01T00:22:38Z
136,797,purchase,2026-03-01T01:22:38Z
136,1117,wishlist,2026-03-01T01:34:38Z
136,1404,purchase,2026-03-01T01:35:38Z
136,674,remove_cart,2026-03-01T01:41:38Z
136,43,purchase,2026-03-01T02:12:38Z
137,1347,view,2026-04-03T16:33:38Z
137,1376,wishlist,2026-04-03T16:52:38Z
137,852,view,2026-04-03T17:09:38Z
137,874,click,2026-04-03T17:20:38Z
137,1494,add_to_cart,2026-04-03T17:34:38Z
137,200,add_to_cart,2026-04-03T17:58:38Z
137,1111,search,2026-04-03T18:18:38Z
137,319,click,2026-04-03T18:23:38Z
137,7,click,2026-04-03T19:18:38Z
137,554,purchase,2026-04-03T19:23:38Z
137,925,add_to_cart,2026-04-03T19:31:38Z
137,1025,wishlist,2026-04-03T19:39:38Z
137,251,checkout,2026-04-03T20:12:38Z
137,1259,checkout,2026-04-03T20:55:38Z
137,171,search,2026-04-03T21:46:38Z
137,189,wishlist,2026-04-03T22:37:38Z
137,795,wishlist,2026-04-03T22:49:38Z
137,513,purchase,2026-04-03T23:24:38Z
137,1271,view,2026-04-04T00:23:38Z
137,333,click,2026-04-04T00:28:38Z
137,329,add_to_cart,2026-04-04T00:50:38Z
137,1294,purchase,2026-04-04T01:21:38Z
137,697,wishlist,2026-04-04T01:23:38Z
137,886,remove_cart,2026-04-04T02:14:38Z
137,1050,click,2026-04-04T03:06:38Z
137,344,remove_cart,2026-04-04T03:20:38Z
138,1201,view,2026-01-30T17:12:38Z
138,1429,click,2026-01-30T18:00:38Z
138,465,add_to_cart,2026-01-30T18:05:38Z
138,1346,remove_cart,2026-01-30T18:59:38Z
138,1013,view,2026-01-30T19:59:38Z
138,660,checkout,2026-01-30T20:24:38Z
138,86,wishlist,2026-01-30T20:37:38Z
138,386,view,2026-01-30T21:06:38Z
138,728,view,2026-01-30T21:43:38Z
138,763,view,2026-01-30T22:26:38Z
138,16,wishlist,2026-01-30T22:53:38Z
138,950,wishlist,2026-01-30T23:49:38Z
138,197,click,2026-01-30T23:58:38Z
138,279,click,2026-01-31T00:36:38Z
138,1134,checkout,2026-01-31T01:08:38Z
138,1280,wishlist,2026-01-31T01:16:38Z
138,1307,view,2026-01-31T02:07:38Z
138,640,wishlist,2026-01-31T02:23:38Z
138,80,remove_cart,2026-01-31T02:42:38Z
138,615,click,2026-01-31T02:46:38Z
138,529,add_to_cart,2026-01-31T03:31:38Z
138,575,remove_cart,2026-01-31T03:41:38Z
138,844,wishlist,2026-01-31T04:36:38Z
138,746,click,2026-01-31T05:10:38Z
138,632,click,2026-01-31T05:42:38Z
138,47,search,2026-01-31T06:09:38Z
138,672,view,2026-01-31T06:28:38Z
138,191,add_to_cart,2026-01-31T07:14:38Z
138,1076,add_to_cart,2026-01-31T08:14:38Z
138,233,click,2026-01-31T08:38:38Z
138,684,click,2026-01-31T08:55:38Z
138,254,wishlist,2026-01-31T09:52:38Z
139,162,search,2026-02-05T17:00:38Z
139,101,view,2026-02-05T17:15:38Z
139,638,click,2026-02-05T17:33:38Z
139,1460,click,2026-02-05T18:25:38Z
139,1132,search,2026-02-05T19:24:38Z
139,827,search,2026-02-05T19:31:38Z
139,861,view,2026-02-05T19:51:38Z
139,683,click,2026-02-05T20:34:38Z
139,107,search,2026-02-05T21:22:38Z
139,194,add_to_cart,2026-02-05T21:27:38Z
139,977,view,2026-02-05T21:34:38Z
139,740,view,2026-02-05T22:05:38Z
139,219,remove_cart,2026-02-05T22:40:38Z
139,1211,search,2026-02-05T22:51:38Z
139,685,purchase,2026-02-05T22:57:38Z
139,1329,add_to_cart,2026-02-05T23:09:38Z
139,35,click,2026-02-05T23:50:38Z
139,1493,checkout,2026-02-06T00:04:38Z
139,1398,add_to_cart,2026-02-06T00:15:38Z
139,11,purchase,2026-02-06T00:42:38Z
139,1495,search,2026-02-06T01:19:38Z
139,1122,purchase,2026-02-06T01:51:38Z
139,881,purchase,2026-02-06T01:55:38Z
139,1366,purchase,2026-02-06T02:35:38Z
139,1081,remove_cart,2026-02-06T02:48:38Z
139,279,search,2026-02-06T03:11:38Z
139,843,remove_cart,2026-02-06T03:49:38Z
139,511,search,2026-02-06T04:07:38Z
139,861,click,2026-02-06T04:53:38Z
139,1240,search,2026-02-06T05:35:38Z
139,235,checkout,2026-02-06T05:36:38Z
140,519,search,2026-02-03T17:10:38Z
140,263,view,2026-02-03T17:55:38Z
140,378,click,2026-02-03T18:32:38Z
140,510,click,2026-02-03T19:15:38Z
140,83,add_to_cart,2026-02-03T20:01:38Z
140,96,purchase,2026-02-03T20:17:38Z
140,809,click,2026-02-03T21:01:38Z
140,567,add_to_cart,2026-02-03T21:15:38Z
140,6,click,2026-02-03T21:52:38Z
140,227,purchase,2026-02-03T22:38:38Z
140,220,view,2026-02-03T23:05:38Z
140,916,wishlist,2026-02-03T23:19:38Z
140,1484,add_to_cart,2026-02-03T23:29:38Z
140,756,click,2026-02-04T00:25:38Z
140,776,wishlist,2026-02-04T00:52:38Z
140,1359,search,2026-02-04T01:21:38Z
140,1301,purchase,2026-02-04T02:16:38Z
140,798,add_to_cart,2026-02-04T02:30:38Z
140,1364,wishlist,2026-02-04T02:43:38Z
140,1002,purchase,2026-02-04T03:15:38Z
140,101,search,2026-02-04T03:43:38Z
140,888,search,2026-02-04T03:44:38Z
140,126,checkout,2026-02-04T03:55:38Z
140,940,view,2026-02-04T04:43:38Z
140,847,search,2026-02-04T04:57:38Z
140,589,click,2026-02-04T05:54:38Z
140,573,add_to_cart,2026-02-04T06:13:38Z
140,29,add_to_cart,2026-02-04T06:41:38Z
140,1085,checkout,2026-02-04T07:32:38Z
140,931,click,2026-02-04T08:10:38Z
140,1320,wishlist,2026-02-04T08:30:38Z
140,412,purchase,2026-02-04T08:59:38Z
140,977,search,2026-02-04T09:53:38Z
140,329,remove_cart,2026-02-04T10:11:38Z
140,898,checkout,2026-02-04T10:26:38Z
140,481,add_to_cart,2026-02-04T10:28:38Z
140,449,checkout,2026-02-04T10:53:38Z
140,549,add_to_cart,2026-02-04T11:01:38Z
140,522,wishlist,2026-02-04T11:35:38Z
140,1349,click,2026-02-04T11:53:38Z
140,827,search,2026-02-04T12:41:38Z
140,1162,view,2026-02-04T12:46:38Z
140,580,click,2026-02-04T13:02:38Z
140,501,search,2026-02-04T13:54:38Z
140,1018,add_to_cart,2026-02-04T14:35:38Z
141,671,search,2026-04-19T16:24:38Z
141,1413,view,2026-04-19T17:14:38Z
141,1135,click,2026-04-19T18:04:38Z
141,699,remove_cart,2026-04-19T18:41:38Z
141,397,view,2026-04-19T19:12:38Z
141,628,add_to_cart,2026-04-19T19:19:38Z
141,1426,remove_cart,2026-04-19T19:36:38Z
141,409,search,2026-04-19T20:14:38Z
141,1233,remove_cart,2026-04-19T20:57:38Z
141,779,wishlist,2026-04-19T21:04:38Z
141,402,checkout,2026-04-19T21:44:38Z
141,94,purchase,2026-04-19T22:05:38Z
141,966,wishlist,2026-04-19T22:28:38Z
141,683,purchase,2026-04-19T23:03:38Z
141,883,checkout,2026-04-19T23:18:38Z
141,157,view,2026-04-20T00:03:38Z
141,281,click,2026-04-20T00:40:38Z
141,90,purchase,2026-04-20T01:07:38Z
141,845,purchase,2026-04-20T01:37:38Z
141,1395,click,2026-04-20T01:44:38Z
141,278,checkout,2026-04-20T02:30:38Z
141,440,purchase,2026-04-20T03:18:38Z
141,199,purchase,2026-04-20T03:42:38Z
141,24,view,2026-04-20T03:59:38Z
141,575,remove_cart,2026-04-20T04:07:38Z
141,429,checkout,2026-04-20T05:05:38Z
141,485,click,2026-04-20T05:27:38Z
141,513,click,2026-04-20T05:33:38Z
141,975,purchase,2026-04-20T05:36:38Z
141,343,search,2026-04-20T06:11:38Z
141,1003,view,2026-04-20T07:11:38Z
141,844,purchase,2026-04-20T08:02:38Z
141,182,wishlist,2026-04-20T08:09:38Z
141,1179,purchase,2026-04-20T09:09:38Z
141,875,search,2026-04-20T09:10:38Z
141,731,wishlist,2026-04-20T10:10:38Z
141,1426,checkout,2026-04-20T10:46:38Z
141,200,add_to_cart,2026-04-20T10:48:38Z
141,564,view,2026-04-20T11:31:38Z
141,322,purchase,2026-04-20T11:43:38Z
141,93,purchase,2026-04-20T12:31:38Z
141,429,add_to_cart,2026-04-20T12:44:38Z
141,605,purchase,2026-04-20T12:53:38Z
141,1356,checkout,2026-04-20T12:57:38Z
141,1267,checkout,2026-04-20T13:12:38Z
141,242,add_to_cart,2026-04-20T13:15:38Z
141,1285,purchase,2026-04-20T13:39:38Z
141,1407,search,2026-04-20T14:33:38Z
141,1409,remove_cart,2026-04-20T14:43:38Z
141,326,click,2026-04-20T15:37:38Z
141,16,checkout,2026-04-20T16:02:38Z
141,72,add_to_cart,2026-04-20T16:26:38Z
141,861,add_to_cart,2026-04-20T17:10:38Z
142,150,search,2026-04-09T16:36:38Z
142,851,view,2026-04-09T16:46:38Z
142,891,click,2026-04-09T16:53:38Z
142,341,purchase,2026-04-09T17:38:38Z
142,1066,search,2026-04-09T18:24:38Z
142,928,wishlist,2026-04-09T19:21:38Z
142,1218,add_to_cart,2026-04-09T20:15:38Z
142,871,purchase,2026-04-09T20:44:38Z
142,912,add_to_cart,2026-04-09T21:24:38Z
142,533,search,2026-04-09T21:45:38Z
142,42,purchase,2026-04-09T22:45:38Z
142,606,purchase,2026-04-09T23:11:38Z
142,1097,remove_cart,2026-04-10T00:01:38Z
142,187,checkout,2026-04-10T01:01:38Z
142,1423,click,2026-04-10T01:52:38Z
142,111,add_to_cart,2026-04-10T02:50:38Z
142,1435,purchase,2026-04-10T03:38:38Z
142,982,click,2026-04-10T04:14:38Z
142,1331,remove_cart,2026-04-10T05:13:38Z
142,1061,add_to_cart,2026-04-10T05:17:38Z
142,475,add_to_cart,2026-04-10T05:52:38Z
142,104,add_to_cart,2026-04-10T06:08:38Z
142,1104,click,2026-04-10T06:24:38Z
142,1076,click,2026-04-10T06:46:38Z
142,535,click,2026-04-10T07:03:38Z
142,279,wishlist,2026-04-10T07:39:38Z
143,1005,view,2026-03-28T16:50:38Z
143,421,click,2026-03-28T17:45:38Z
143,452,add_to_cart,2026-03-28T17:54:38Z
143,1304,checkout,2026-03-28T18:39:38Z
143,1061,purchase,2026-03-28T18:45:38Z
143,906,add_to_cart,2026-03-28T19:25:38Z
143,1477,click,2026-03-28T19:53:38Z
143,660,click,2026-03-28T20:41:38Z
143,1396,checkout,2026-03-28T20:52:38Z
143,692,search,2026-03-28T21:47:38Z
143,24,view,2026-03-28T21:50:38Z
143,1362,view,2026-03-28T22:40:38Z
143,1481,view,2026-03-28T23:36:38Z
143,661,view,2026-03-28T23:42:38Z
143,1305,add_to_cart,2026-03-29T00:31:38Z
143,1409,click,2026-03-29T00:37:38Z
143,202,purchase,2026-03-29T01:08:38Z
143,1104,checkout,2026-03-29T01:59:38Z
143,1292,wishlist,2026-03-29T02:03:38Z
143,307,view,2026-03-29T02:50:38Z
143,777,wishlist,2026-03-29T03:11:38Z
143,1033,click,2026-03-29T04:02:38Z
143,599,search,2026-03-29T04:51:38Z
143,175,search,2026-03-29T05:02:38Z
143,1369,add_to_cart,2026-03-29T05:41:38Z
143,1006,checkout,2026-03-29T06:00:38Z
143,360,click,2026-03-29T06:10:38Z
143,1274,search,2026-03-29T06:43:38Z
143,778,view,2026-03-29T07:04:38Z
143,1039,checkout,2026-03-29T07:07:38Z
143,54,remove_cart,2026-03-29T07:37:38Z
143,101,view,2026-03-29T08:16:38Z
143,536,view,2026-03-29T08:59:38Z
143,708,purchase,2026-03-29T09:24:38Z
143,741,wishlist,2026-03-29T09:30:38Z
143,308,search,2026-03-29T10:04:38Z
143,1154,remove_cart,2026-03-29T10:29:38Z
143,846,click,2026-03-29T10:45:38Z
143,552,add_to_cart,2026-03-29T11:37:38Z
143,757,purchase,2026-03-29T11:58:38Z
143,636,view,2026-03-29T12:22:38Z
143,1182,add_to_cart,2026-03-29T13:13:38Z
143,86,remove_cart,2026-03-29T14:00:38Z
143,963,view,2026-03-29T14:41:38Z
143,426,view,2026-03-29T15:08:38Z
143,1234,purchase,2026-03-29T15:35:38Z
143,728,checkout,2026-03-29T16:15:38Z
143,1279,view,2026-03-29T17:05:38Z
143,133,add_to_cart,2026-03-29T17:14:38Z
143,97,view,2026-03-29T17:32:38Z
143,803,click,2026-03-29T18:28:38Z
143,1083,search,2026-03-29T19:22:38Z
143,1139,click,2026-03-29T20:19:38Z
143,1282,view,2026-03-29T20:36:38Z
143,1319,search,2026-03-29T21:31:38Z
143,971,add_to_cart,2026-03-29T22:07:38Z
143,510,checkout,2026-03-29T23:04:38Z
143,1471,purchase,2026-03-29T23:29:38Z
143,1327,purchase,2026-03-30T00:03:38Z
143,549,click,2026-03-30T00:29:38Z
143,1379,purchase,2026-03-30T00:39:38Z
143,1427,click,2026-03-30T00:49:38Z
143,1389,remove_cart,2026-03-30T01:29:38Z
143,350,search,2026-03-30T02:16:38Z
143,610,search,2026-03-30T02:43:38Z
143,498,add_to_cart,2026-03-30T02:45:38Z
143,1469,remove_cart,2026-03-30T03:34:38Z
143,1480,add_to_cart,2026-03-30T03:58:38Z
143,214,remove_cart,2026-03-30T04:12:38Z
143,516,search,2026-03-30T05:02:38Z
143,84,click,2026-03-30T05:32:38Z
143,1294,remove_cart,2026-03-30T05:51:38Z
144,766,view,2026-03-30T17:11:38Z
144,596,wishlist,2026-03-30T18:00:38Z
144,87,view,2026-03-30T18:56:38Z
144,826,click,2026-03-30T19:08:38Z
144,470,add_to_cart,2026-03-30T19:59:38Z
144,1114,wishlist,2026-03-30T20:21:38Z
144,393,add_to_cart,2026-03-30T20:40:38Z
144,174,view,2026-03-30T21:23:38Z
144,631,checkout,2026-03-30T21:48:38Z
144,574,remove_cart,2026-03-30T22:39:38Z
144,1180,search,2026-03-30T23:12:38Z
144,463,view,2026-03-31T00:02:38Z
144,495,click,2026-03-31T00:26:38Z
144,565,add_to_cart,2026-03-31T01:20:38Z
144,275,wishlist,2026-03-31T02:07:38Z
144,1428,checkout,2026-03-31T02:47:38Z
144,1410,view,2026-03-31T03:31:38Z
144,594,wishlist,2026-03-31T03:34:38Z
144,597,view,2026-03-31T04:29:38Z
144,443,purchase,2026-03-31T04:43:38Z
144,728,purchase,2026-03-31T05:32:38Z
144,1078,purchase,2026-03-31T06:26:38Z
144,646,search,2026-03-31T07:04:38Z
144,1492,click,2026-03-31T07:30:38Z
144,290,purchase,2026-03-31T08:22:38Z
144,194,click,2026-03-31T08:28:38Z
144,956,checkout,2026-03-31T09:02:38Z
144,99,click,2026-03-31T09:37:38Z
144,1216,purchase,2026-03-31T09:53:38Z
144,1391,click,2026-03-31T10:34:38Z
144,444,purchase,2026-03-31T11:06:38Z
144,1319,add_to_cart,2026-03-31T11:32:38Z
144,81,wishlist,2026-03-31T11:47:38Z
144,72,remove_cart,2026-03-31T12:42:38Z
144,1254,click,2026-03-31T12:48:38Z
144,671,checkout,2026-03-31T13:37:38Z
144,946,remove_cart,2026-03-31T13:44:38Z
144,1132,remove_cart,2026-03-31T14:34:38Z
144,379,view,2026-03-31T14:35:38Z
144,55,purchase,2026-03-31T15:28:38Z
144,219,view,2026-03-31T16:06:38Z
144,850,wishlist,2026-03-31T16:56:38Z
144,262,click,2026-03-31T17:32:38Z
144,1410,view,2026-03-31T17:48:38Z
145,1440,view,2026-03-08T17:03:38Z
145,541,click,2026-03-08T17:35:38Z
145,581,add_to_cart,2026-03-08T18:22:38Z
145,1221,remove_cart,2026-03-08T19:15:38Z
145,1485,view,2026-03-08T19:23:38Z
145,7,remove_cart,2026-03-08T20:22:38Z
145,754,purchase,2026-03-08T20:48:38Z
145,119,wishlist,2026-03-08T20:57:38Z
145,1237,click,2026-03-08T21:17:38Z
145,253,click,2026-03-08T22:09:38Z
145,1105,search,2026-03-08T22:16:38Z
145,474,search,2026-03-08T22:31:38Z
145,978,remove_cart,2026-03-08T23:05:38Z
145,55,wishlist,2026-03-08T23:59:38Z
145,835,add_to_cart,2026-03-09T00:48:38Z
145,1481,purchase,2026-03-09T00:59:38Z
145,1243,add_to_cart,2026-03-09T01:13:38Z
145,492,add_to_cart,2026-03-09T01:18:38Z
145,687,checkout,2026-03-09T01:36:38Z
145,158,wishlist,2026-03-09T02:03:38Z
145,75,click,2026-03-09T02:20:38Z
145,1065,search,2026-03-09T02:29:38Z
145,88,remove_cart,2026-03-09T03:17:38Z
145,44,wishlist,2026-03-09T03:58:38Z
145,1009,wishlist,2026-03-09T04:14:38Z
145,892,remove_cart,2026-03-09T04:42:38Z
145,1421,view,2026-03-09T05:16:38Z
145,264,click,2026-03-09T05:24:38Z
145,37,remove_cart,2026-03-09T06:14:38Z
145,114,view,2026-03-09T06:27:38Z
145,800,purchase,2026-03-09T06:51:38Z
145,1245,remove_cart,2026-03-09T07:48:38Z
145,56,click,2026-03-09T08:41:38Z
145,1403,remove_cart,2026-03-09T08:51:38Z
145,657,checkout,2026-03-09T08:56:38Z
145,360,purchase,2026-03-09T09:03:38Z
145,698,purchase,2026-03-09T09:20:38Z
145,881,wishlist,2026-03-09T09:24:38Z
145,1172,add_to_cart,2026-03-09T09:52:38Z
145,1283,click,2026-03-09T10:24:38Z
145,1150,checkout,2026-03-09T10:52:38Z
145,432,add_to_cart,2026-03-09T11:32:38Z
145,83,search,2026-03-09T11:51:38Z
145,623,click,2026-03-09T12:07:38Z
146,1081,view,2026-02-08T17:13:38Z
146,398,click,2026-02-08T17:42:38Z
146,612,add_to_cart,2026-02-08T18:04:38Z
146,977,checkout,2026-02-08T18:20:38Z
146,1367,purchase,2026-02-08T19:16:38Z
146,95,add_to_cart,2026-02-08T19:43:38Z
146,1322,purchase,2026-02-08T19:58:38Z
146,1483,wishlist,2026-02-08T20:38:38Z
146,210,click,2026-02-08T20:42:38Z
146,1416,wishlist,2026-02-08T21:11:38Z
146,98,view,2026-02-08T21:50:38Z
146,1190,wishlist,2026-02-08T22:27:38Z
146,593,click,2026-02-08T23:19:38Z
146,373,search,2026-02-08T23:56:38Z
146,928,view,2026-02-09T00:42:38Z
146,340,search,2026-02-09T01:20:38Z
146,1225,remove_cart,2026-02-09T02:09:38Z
146,1279,remove_cart,2026-02-09T02:59:38Z
146,1346,remove_cart,2026-02-09T03:55:38Z
146,1132,search,2026-02-09T04:49:38Z
146,1070,checkout,2026-02-09T04:55:38Z
146,1097,search,2026-02-09T05:05:38Z
146,787,wishlist,2026-02-09T05:43:38Z
146,677,purchase,2026-02-09T05:53:38Z
146,44,click,2026-02-09T06:12:38Z
146,1268,search,2026-02-09T06:49:38Z
146,390,purchase,2026-02-09T07:01:38Z
146,457,click,2026-02-09T07:13:38Z
146,290,search,2026-02-09T08:03:38Z
146,1155,remove_cart,2026-02-09T08:29:38Z
146,1275,view,2026-02-09T08:56:38Z
146,969,view,2026-02-09T09:32:38Z
146,1312,add_to_cart,2026-02-09T09:58:38Z
146,856,click,2026-02-09T10:28:38Z
146,906,view,2026-02-09T11:10:38Z
146,443,add_to_cart,2026-02-09T11:58:38Z
146,1484,search,2026-02-09T12:34:38Z
146,1243,purchase,2026-02-09T13:08:38Z
146,1373,purchase,2026-02-09T13:29:38Z
146,500,wishlist,2026-02-09T14:11:38Z
146,1150,add_to_cart,2026-02-09T14:54:38Z
146,584,view,2026-02-09T15:48:38Z
146,706,view,2026-02-09T16:46:38Z
146,1360,remove_cart,2026-02-09T17:43:38Z
146,1424,click,2026-02-09T17:53:38Z
146,62,remove_cart,2026-02-09T18:15:38Z
146,1210,add_to_cart,2026-02-09T18:41:38Z
146,1386,wishlist,2026-02-09T19:16:38Z
146,1354,add_to_cart,2026-02-09T19:44:38Z
146,1128,search,2026-02-09T19:50:38Z
146,775,remove_cart,2026-02-09T20:27:38Z
146,1291,wishlist,2026-02-09T20:54:38Z
146,444,click,2026-02-09T21:54:38Z
146,987,view,2026-02-09T22:30:38Z
146,1377,remove_cart,2026-02-09T22:37:38Z
146,390,add_to_cart,2026-02-09T23:27:38Z
146,690,wishlist,2026-02-10T00:04:38Z
146,394,click,2026-02-10T00:21:38Z
146,1109,search,2026-02-10T00:47:38Z
146,1204,add_to_cart,2026-02-10T01:03:38Z
146,1043,search,2026-02-10T01:58:38Z
146,84,search,2026-02-10T02:39:38Z
146,337,view,2026-02-10T03:33:38Z
146,459,checkout,2026-02-10T04:22:38Z
146,1368,view,2026-02-10T04:23:38Z
146,801,remove_cart,2026-02-10T05:02:38Z
146,113,remove_cart,2026-02-10T05:07:38Z
146,793,click,2026-02-10T06:01:38Z
146,167,purchase,2026-02-10T06:06:38Z
146,1254,purchase,2026-02-10T06:59:38Z
146,53,wishlist,2026-02-10T07:52:38Z
146,769,view,2026-02-10T07:57:38Z
146,1328,view,2026-02-10T08:37:38Z
146,601,search,2026-02-10T08:43:38Z
146,659,click,2026-02-10T09:38:38Z
146,836,view,2026-02-10T10:08:38Z
146,1290,add_to_cart,2026-02-10T11:04:38Z
147,843,view,2026-03-25T17:04:38Z
147,295,click,2026-03-25T17:45:38Z
147,1495,add_to_cart,2026-03-25T17:49:38Z
147,452,remove_cart,2026-03-25T18:13:38Z
147,574,view,2026-03-25T18:54:38Z
147,1015,search,2026-03-25T18:56:38Z
147,1227,checkout,2026-03-25T19:25:38Z
147,333,search,2026-03-25T19:51:38Z
147,920,view,2026-03-25T20:37:38Z
147,826,add_to_cart,2026-03-25T21:24:38Z
147,267,remove_cart,2026-03-25T22:07:38Z
147,40,add_to_cart,2026-03-25T22:30:38Z
147,1008,click,2026-03-25T23:18:38Z
147,788,checkout,2026-03-26T00:18:38Z
147,1158,view,2026-03-26T00:29:38Z
147,540,click,2026-03-26T01:19:38Z
147,1074,view,2026-03-26T01:45:38Z
147,400,search,2026-03-26T01:50:38Z
147,930,purchase,2026-03-26T02:03:38Z
147,272,purchase,2026-03-26T02:09:38Z
147,1465,wishlist,2026-03-26T02:32:38Z
147,707,add_to_cart,2026-03-26T02:45:38Z
147,957,remove_cart,2026-03-26T02:52:38Z
147,22,click,2026-03-26T03:22:38Z
147,337,purchase,2026-03-26T04:17:38Z
147,1235,click,2026-03-26T04:23:38Z
147,778,add_to_cart,2026-03-26T04:24:38Z
147,865,click,2026-03-26T04:39:38Z
147,1052,purchase,2026-03-26T05:32:38Z
147,958,wishlist,2026-03-26T05:41:38Z
147,1175,checkout,2026-03-26T06:16:38Z
147,249,wishlist,2026-03-26T06:41:38Z
147,917,purchase,2026-03-26T06:55:38Z
147,1368,click,2026-03-26T07:53:38Z
147,542,search,2026-03-26T08:13:38Z
147,346,view,2026-03-26T09:00:38Z
147,289,wishlist,2026-03-26T09:04:38Z
147,1046,remove_cart,2026-03-26T09:23:38Z
147,194,view,2026-03-26T10:16:38Z
147,584,remove_cart,2026-03-26T10:34:38Z
147,926,view,2026-03-26T10:50:38Z
147,513,purchase,2026-03-26T11:34:38Z
147,964,click,2026-03-26T12:00:38Z
147,291,click,2026-03-26T13:00:38Z
147,1024,checkout,2026-03-26T13:48:38Z
147,383,add_to_cart,2026-03-26T14:47:38Z
147,331,click,2026-03-26T14:48:38Z
147,1007,click,2026-03-26T15:45:38Z
147,1287,add_to_cart,2026-03-26T15:52:38Z
147,1064,purchase,2026-03-26T16:09:38Z
147,1173,remove_cart,2026-03-26T16:20:38Z
147,1007,wishlist,2026-03-26T17:08:38Z
147,873,checkout,2026-03-26T17:23:38Z
148,236,search,2026-03-21T17:19:38Z
148,1056,view,2026-03-21T18:14:38Z
148,1114,click,2026-03-21T18:26:38Z
148,60,wishlist,2026-03-21T18:53:38Z
148,1173,wishlist,2026-03-21T19:08:38Z
148,47,checkout,2026-03-21T19:56:38Z
148,1440,checkout,2026-03-21T20:47:38Z
148,1395,remove_cart,2026-03-21T21:13:38Z
148,980,click,2026-03-21T21:43:38Z
148,1017,view,2026-03-21T22:09:38Z
148,830,purchase,2026-03-21T23:07:38Z
148,32,add_to_cart,2026-03-22T00:03:38Z
148,5,wishlist,2026-03-22T00:52:38Z
148,295,remove_cart,2026-03-22T01:27:38Z
148,351,click,2026-03-22T02:10:38Z
148,1289,add_to_cart,2026-03-22T02:25:38Z
148,1381,wishlist,2026-03-22T02:46:38Z
148,806,add_to_cart,2026-03-22T02:52:38Z
148,687,wishlist,2026-03-22T02:53:38Z
148,215,checkout,2026-03-22T03:53:38Z
148,1167,search,2026-03-22T04:19:38Z
148,150,add_to_cart,2026-03-22T05:06:38Z
148,1169,add_to_cart,2026-03-22T05:11:38Z
148,1163,add_to_cart,2026-03-22T05:32:38Z
148,1217,remove_cart,2026-03-22T06:02:38Z
148,1210,view,2026-03-22T06:38:38Z
148,881,search,2026-03-22T06:54:38Z
148,1120,search,2026-03-22T07:45:38Z
148,260,view,2026-03-22T07:56:38Z
148,678,view,2026-03-22T08:51:38Z
148,1417,view,2026-03-22T09:30:38Z
148,1111,purchase,2026-03-22T10:13:38Z
148,1226,remove_cart,2026-03-22T11:00:38Z
148,598,search,2026-03-22T11:33:38Z
148,1241,add_to_cart,2026-03-22T11:53:38Z
148,1249,wishlist,2026-03-22T12:48:38Z
148,173,click,2026-03-22T13:30:38Z
148,926,search,2026-03-22T13:53:38Z
148,74,checkout,2026-03-22T14:45:38Z
148,732,checkout,2026-03-22T14:51:38Z
148,1115,add_to_cart,2026-03-22T15:07:38Z
148,800,remove_cart,2026-03-22T15:36:38Z
148,1105,checkout,2026-03-22T15:49:38Z
148,1261,add_to_cart,2026-03-22T15:51:38Z
148,780,checkout,2026-03-22T16:09:38Z
148,131,click,2026-03-22T16:49:38Z
148,1251,checkout,2026-03-22T17:21:38Z
148,1110,checkout,2026-03-22T17:46:38Z
148,1278,add_to_cart,2026-03-22T18:41:38Z
148,1019,remove_cart,2026-03-22T19:14:38Z
148,266,add_to_cart,2026-03-22T20:08:38Z
148,1182,wishlist,2026-03-22T20:42:38Z
148,79,purchase,2026-03-22T21:14:38Z
148,1074,wishlist,2026-03-22T21:58:38Z
148,1318,view,2026-03-22T22:24:38Z
148,1281,add_to_cart,2026-03-22T23:08:38Z
148,107,purchase,2026-03-22T23:32:38Z
148,62,search,2026-03-23T00:29:38Z
148,800,wishlist,2026-03-23T01:18:38Z
148,1269,remove_cart,2026-03-23T02:05:38Z
148,936,wishlist,2026-03-23T02:49:38Z
148,1379,view,2026-03-23T02:51:38Z
148,573,click,2026-03-23T03:02:38Z
148,702,add_to_cart,2026-03-23T03:52:38Z
148,515,wishlist,2026-03-23T04:10:38Z
148,1073,add_to_cart,2026-03-23T05:10:38Z
148,1216,remove_cart,2026-03-23T05:40:38Z
148,288,remove_cart,2026-03-23T05:53:38Z
148,1253,wishlist,2026-03-23T06:46:38Z
148,1308,search,2026-03-23T06:58:38Z
148,273,purchase,2026-03-23T07:39:38Z
148,802,search,2026-03-23T08:30:38Z
148,399,purchase,2026-03-23T09:26:38Z
148,830,click,2026-03-23T09:48:38Z
148,164,add_to_cart,2026-03-23T10:05:38Z
149,1092,view,2026-01-22T16:34:38Z
149,692,wishlist,2026-01-22T17:23:38Z
149,990,view,2026-01-22T18:10:38Z
149,704,click,2026-01-22T18:22:38Z
149,344,add_to_cart,2026-01-22T18:47:38Z
149,1207,add_to_cart,2026-01-22T19:13:38Z
149,1423,purchase,2026-01-22T20:09:38Z
149,1085,purchase,2026-01-22T20:31:38Z
149,458,wishlist,2026-01-22T20:38:38Z
149,1456,click,2026-01-22T21:14:38Z
149,750,remove_cart,2026-01-22T21:38:38Z
149,1003,view,2026-01-22T22:20:38Z
149,1145,search,2026-01-22T22:45:38Z
149,1250,wishlist,2026-01-22T22:47:38Z
149,999,wishlist,2026-01-22T23:36:38Z
149,536,search,2026-01-23T00:29:38Z
149,398,purchase,2026-01-23T00:30:38Z
149,1277,search,2026-01-23T01:11:38Z
149,1384,click,2026-01-23T02:08:38Z
149,232,click,2026-01-23T03:08:38Z
149,992,checkout,2026-01-23T03:47:38Z
149,408,add_to_cart,2026-01-23T03:51:38Z
149,484,wishlist,2026-01-23T04:29:38Z
149,78,search,2026-01-23T05:20:38Z
149,746,click,2026-01-23T06:14:38Z
149,630,purchase,2026-01-23T06:40:38Z
149,602,click,2026-01-23T07:01:38Z
149,670,checkout,2026-01-23T07:08:38Z
149,220,wishlist,2026-01-23T07:21:38Z
149,356,purchase,2026-01-23T08:08:38Z
149,440,wishlist,2026-01-23T08:48:38Z
149,1491,remove_cart,2026-01-23T09:19:38Z
149,873,click,2026-01-23T09:35:38Z
149,650,checkout,2026-01-23T10:30:38Z
149,1272,view,2026-01-23T10:32:38Z
149,307,search,2026-01-23T11:27:38Z
149,179,click,2026-01-23T11:46:38Z
149,725,view,2026-01-23T12:36:38Z
149,785,add_to_cart,2026-01-23T13:06:38Z
149,1212,click,2026-01-23T13:51:38Z
149,124,checkout,2026-01-23T14:27:38Z
149,979,add_to_cart,2026-01-23T15:16:38Z
149,740,view,2026-01-23T15:34:38Z
149,1054,add_to_cart,2026-01-23T15:50:38Z
149,334,wishlist,2026-01-23T16:16:38Z
149,678,add_to_cart,2026-01-23T17:16:38Z
149,120,remove_cart,2026-01-23T17:43:38Z
149,1196,wishlist,2026-01-23T18:39:38Z
149,922,remove_cart,2026-01-23T19:30:38Z
149,612,checkout,2026-01-23T19:48:38Z
149,1010,add_to_cart,2026-01-23T19:57:38Z
149,691,wishlist,2026-01-23T20:30:38Z
149,1295,search,2026-01-23T21:05:38Z
149,1205,wishlist,2026-01-23T21:52:38Z
149,650,remove_cart,2026-01-23T22:16:38Z
149,1029,search,2026-01-23T22:28:38Z
149,1259,add_to_cart,2026-01-23T22:48:38Z
149,1420,click,2026-01-23T22:54:38Z
149,53,remove_cart,2026-01-23T23:16:38Z
149,13,add_to_cart,2026-01-24T00:16:38Z
149,320,view,2026-01-24T00:19:38Z
149,1310,search,2026-01-24T00:43:38Z
149,1326,purchase,2026-01-24T01:21:38Z
150,269,view,2026-03-21T16:38:38Z
150,238,click,2026-03-21T17:20:38Z
150,668,add_to_cart,2026-03-21T18:12:38Z
150,650,checkout,2026-03-21T19:08:38Z
150,427,purchase,2026-03-21T19:13:38Z
150,697,view,2026-03-21T19:34:38Z
150,1069,checkout,2026-03-21T19:37:38Z
150,1297,purchase,2026-03-21T20:18:38Z
150,374,remove_cart,2026-03-21T20:54:38Z
150,622,click,2026-03-21T21:13:38Z
150,1065,search,2026-03-21T22:08:38Z
150,1202,remove_cart,2026-03-21T22:33:38Z
150,1024,checkout,2026-03-21T22:43:38Z
150,920,purchase,2026-03-21T23:11:38Z
150,600,checkout,2026-03-21T23:58:38Z
150,14,remove_cart,2026-03-22T00:08:38Z
150,1056,add_to_cart,2026-03-22T00:32:38Z
150,756,add_to_cart,2026-03-22T01:31:38Z
150,143,search,2026-03-22T01:45:38Z
150,355,purchase,2026-03-22T02:37:38Z
150,274,click,2026-03-22T03:25:38Z
150,129,purchase,2026-03-22T04:19:38Z
150,1243,add_to_cart,2026-03-22T04:32:38Z
150,1322,add_to_cart,2026-03-22T05:29:38Z
150,625,view,2026-03-22T06:10:38Z
150,773,click,2026-03-22T06:14:38Z
150,185,view,2026-03-22T07:11:38Z
150,538,purchase,2026-03-22T07:38:38Z
150,418,checkout,2026-03-22T07:49:38Z
150,50,checkout,2026-03-22T08:12:38Z
150,966,add_to_cart,2026-03-22T09:02:38Z
150,1447,remove_cart,2026-03-22T09:36:38Z
150,934,click,2026-03-22T10:19:38Z
150,371,add_to_cart,2026-03-22T11:10:38Z
150,951,wishlist,2026-03-22T11:41:38Z
150,744,wishlist,2026-03-22T11:58:38Z
150,278,search,2026-03-22T12:29:38Z
150,1170,remove_cart,2026-03-22T12:39:38Z
150,292,view,2026-03-22T13:00:38Z
150,1372,click,2026-03-22T13:33:38Z
150,1347,checkout,2026-03-22T13:58:38Z
150,210,purchase,2026-03-22T14:45:38Z
150,1126,remove_cart,2026-03-22T14:49:38Z
150,901,add_to_cart,2026-03-22T15:35:38Z
150,961,click,2026-03-22T16:17:38Z
150,937,add_to_cart,2026-03-22T16:22:38Z
150,908,purchase,2026-03-22T16:35:38Z
150,1157,purchase,2026-03-22T17:35:38Z
150,60,add_to_cart,2026-03-22T18:29:38Z
150,354,wishlist,2026-03-22T18:41:38Z
150,1161,add_to_cart,2026-03-22T19:18:38Z
150,844,purchase,2026-03-22T20:06:38Z
150,875,add_to_cart,2026-03-22T20:13:38Z
150,1199,wishlist,2026-03-22T20:56:38Z
150,621,click,2026-03-22T21:37:38Z
150,1128,purchase,2026-03-22T22:13:38Z
150,342,add_to_cart,2026-03-22T22:29:38Z
150,745,wishlist,2026-03-22T23:11:38Z
150,1183,purchase,2026-03-23T00:02:38Z
150,1139,purchase,2026-03-23T00:23:38Z
150,856,search,2026-03-23T00:41:38Z
150,1485,click,2026-03-23T01:13:38Z
150,1010,checkout,2026-03-23T02:01:38Z
150,806,purchase,2026-03-23T02:12:38Z
150,41,search,2026-03-23T02:28:38Z
150,520,wishlist,2026-03-23T02:45:38Z
150,1466,checkout,2026-03-23T03:25:38Z
150,916,click,2026-03-23T03:37:38Z
150,383,checkout,2026-03-23T03:38:38Z
150,144,add_to_cart,2026-03-23T04:07:38Z
150,679,add_to_cart,2026-03-23T04:11:38Z
150,1221,purchase,2026-03-23T04:54:38Z
150,1080,checkout,2026-03-23T05:43:38Z
150,231,checkout,2026-03-23T06:30:38Z
150,1450,purchase,2026-03-23T07:02:38Z
150,1187,wishlist,2026-03-23T07:11:38Z
151,306,search,2026-02-07T16:31:38Z
151,1383,view,2026-02-07T16:33:38Z
151,202,click,2026-02-07T17:22:38Z
151,747,add_to_cart,2026-02-07T18:13:38Z
151,1488,remove_cart,2026-02-07T19:00:38Z
151,386,view,2026-02-07T19:36:38Z
151,92,add_to_cart,2026-02-07T19:39:38Z
151,1136,search,2026-02-07T20:28:38Z
151,1405,checkout,2026-02-07T21:07:38Z
151,1032,checkout,2026-02-07T21:41:38Z
151,1401,checkout,2026-02-07T22:04:38Z
151,1479,purchase,2026-02-07T22:49:38Z
151,1054,wishlist,2026-02-07T23:32:38Z
151,485,wishlist,2026-02-07T23:44:38Z
151,125,remove_cart,2026-02-08T00:44:38Z
151,36,view,2026-02-08T00:57:38Z
151,484,search,2026-02-08T01:17:38Z
151,168,remove_cart,2026-02-08T01:59:38Z
151,943,wishlist,2026-02-08T02:07:38Z
151,334,click,2026-02-08T02:30:38Z
151,1491,purchase,2026-02-08T03:26:38Z
151,306,click,2026-02-08T03:28:38Z
151,1495,add_to_cart,2026-02-08T04:18:38Z
151,50,wishlist,2026-02-08T05:01:38Z
151,408,click,2026-02-08T05:21:38Z
151,1339,checkout,2026-02-08T05:39:38Z
151,1254,purchase,2026-02-08T05:43:38Z
151,11,purchase,2026-02-08T06:42:38Z
151,170,remove_cart,2026-02-08T07:13:38Z
151,1216,purchase,2026-02-08T07:57:38Z
151,1247,checkout,2026-02-08T08:03:38Z
151,815,click,2026-02-08T08:13:38Z
151,310,view,2026-02-08T08:54:38Z
151,425,add_to_cart,2026-02-08T09:02:38Z
151,1407,add_to_cart,2026-02-08T09:10:38Z
151,956,checkout,2026-02-08T09:37:38Z
151,236,add_to_cart,2026-02-08T09:41:38Z
151,231,click,2026-02-08T09:49:38Z
151,215,remove_cart,2026-02-08T10:15:38Z
151,371,add_to_cart,2026-02-08T11:14:38Z
151,1265,view,2026-02-08T11:22:38Z
151,279,view,2026-02-08T11:51:38Z
151,1084,wishlist,2026-02-08T12:34:38Z
151,510,checkout,2026-02-08T13:34:38Z
151,1276,purchase,2026-02-08T14:34:38Z
151,602,purchase,2026-02-08T14:37:38Z
151,779,purchase,2026-02-08T15:05:38Z
151,1099,wishlist,2026-02-08T15:19:38Z
151,367,view,2026-02-08T16:02:38Z
151,1363,checkout,2026-02-08T16:44:38Z
151,1067,search,2026-02-08T17:34:38Z
151,578,click,2026-02-08T17:44:38Z
151,185,add_to_cart,2026-02-08T17:51:38Z
151,1144,search,2026-02-08T17:53:38Z
151,1075,remove_cart,2026-02-08T18:34:38Z
151,691,add_to_cart,2026-02-08T19:34:38Z
151,1362,view,2026-02-08T20:11:38Z
151,308,wishlist,2026-02-08T20:20:38Z
151,264,search,2026-02-08T20:45:38Z
151,1212,view,2026-02-08T21:39:38Z
151,752,purchase,2026-02-08T22:24:38Z
151,780,wishlist,2026-02-08T23:11:38Z
151,1342,click,2026-02-09T00:03:38Z
151,440,view,2026-02-09T00:55:38Z
151,1423,wishlist,2026-02-09T01:04:38Z
151,35,checkout,2026-02-09T01:57:38Z
151,930,click,2026-02-09T02:12:38Z
151,565,click,2026-02-09T02:22:38Z
151,736,purchase,2026-02-09T02:50:38Z
151,751,wishlist,2026-02-09T03:25:38Z
151,267,remove_cart,2026-02-09T03:45:38Z
151,56,purchase,2026-02-09T04:40:38Z
151,320,search,2026-02-09T04:45:38Z
151,987,view,2026-02-09T04:55:38Z
151,253,view,2026-02-09T05:23:38Z
151,332,wishlist,2026-02-09T06:03:38Z
151,1142,checkout,2026-02-09T06:18:38Z
151,124,checkout,2026-02-09T06:36:38Z
151,1269,add_to_cart,2026-02-09T07:15:38Z
151,1473,view,2026-02-09T07:44:38Z
152,1210,view,2026-04-09T16:50:38Z
152,845,click,2026-04-09T16:52:38Z
152,267,add_to_cart,2026-04-09T17:07:38Z
152,577,remove_cart,2026-04-09T17:16:38Z
152,1332,view,2026-04-09T17:50:38Z
152,655,click,2026-04-09T18:12:38Z
152,325,search,2026-04-09T19:08:38Z
152,1437,view,2026-04-09T19:23:38Z
152,512,search,2026-04-09T19:26:38Z
152,35,view,2026-04-09T19:34:38Z
152,831,wishlist,2026-04-09T20:33:38Z
152,1311,checkout,2026-04-09T21:10:38Z
152,867,checkout,2026-04-09T21:34:38Z
152,133,search,2026-04-09T22:14:38Z
152,1209,wishlist,2026-04-09T22:43:38Z
152,584,wishlist,2026-04-09T23:07:38Z
152,354,remove_cart,2026-04-10T00:01:38Z
152,983,purchase,2026-04-10T00:18:38Z
152,515,click,2026-04-10T00:27:38Z
152,6,checkout,2026-04-10T00:55:38Z
152,1137,click,2026-04-10T00:58:38Z
152,243,view,2026-04-10T01:48:38Z
152,425,click,2026-04-10T01:51:38Z
152,845,view,2026-04-10T02:43:38Z
152,921,purchase,2026-04-10T02:50:38Z
152,185,remove_cart,2026-04-10T03:08:38Z
152,868,checkout,2026-04-10T03:19:38Z
152,27,view,2026-04-10T03:54:38Z
152,1489,click,2026-04-10T04:46:38Z
152,220,wishlist,2026-04-10T05:15:38Z
152,63,add_to_cart,2026-04-10T05:53:38Z
152,1443,click,2026-04-10T06:15:38Z
152,173,view,2026-04-10T06:45:38Z
152,87,purchase,2026-04-10T07:18:38Z
152,209,remove_cart,2026-04-10T07:47:38Z
152,947,purchase,2026-04-10T07:51:38Z
152,164,purchase,2026-04-10T08:13:38Z
152,590,view,2026-04-10T09:06:38Z
152,565,wishlist,2026-04-10T09:40:38Z
152,409,checkout,2026-04-10T10:00:38Z
152,234,remove_cart,2026-04-10T10:12:38Z
152,36,purchase,2026-04-10T10:14:38Z
152,715,remove_cart,2026-04-10T10:26:38Z
152,873,wishlist,2026-04-10T10:55:38Z
152,520,remove_cart,2026-04-10T11:34:38Z
152,419,checkout,2026-04-10T11:36:38Z
152,12,click,2026-04-10T12:12:38Z
152,1375,wishlist,2026-04-10T12:25:38Z
152,825,purchase,2026-04-10T13:04:38Z
152,901,add_to_cart,2026-04-10T13:57:38Z
152,896,search,2026-04-10T14:51:38Z
152,305,remove_cart,2026-04-10T15:19:38Z
152,1199,click,2026-04-10T15:42:38Z
152,493,click,2026-04-10T16:16:38Z
152,973,add_to_cart,2026-04-10T17:01:38Z
152,118,view,2026-04-10T17:04:38Z
152,850,search,2026-04-10T17:30:38Z
152,637,remove_cart,2026-04-10T17:37:38Z
152,1207,wishlist,2026-04-10T18:18:38Z
152,139,view,2026-04-10T19:07:38Z
152,916,click,2026-04-10T19:11:38Z
152,958,checkout,2026-04-10T19:54:38Z
152,517,click,2026-04-10T20:53:38Z
152,1342,view,2026-04-10T20:55:38Z
152,484,search,2026-04-10T21:33:38Z
152,1465,click,2026-04-10T22:26:38Z
153,7,view,2026-01-20T16:59:38Z
153,511,wishlist,2026-01-20T17:20:38Z
153,1450,view,2026-01-20T18:03:38Z
153,649,click,2026-01-20T18:08:38Z
153,353,add_to_cart,2026-01-20T18:59:38Z
153,1251,view,2026-01-20T19:16:38Z
153,1208,view,2026-01-20T20:08:38Z
153,1225,search,2026-01-20T20:50:38Z
153,809,checkout,2026-01-20T21:50:38Z
153,459,checkout,2026-01-20T22:31:38Z
153,949,click,2026-01-20T22:44:38Z
153,247,checkout,2026-01-20T23:28:38Z
153,1235,remove_cart,2026-01-20T23:53:38Z
153,842,search,2026-01-21T00:00:38Z
153,305,remove_cart,2026-01-21T00:07:38Z
153,588,purchase,2026-01-21T00:39:38Z
153,983,view,2026-01-21T01:11:38Z
153,478,search,2026-01-21T01:27:38Z
153,661,add_to_cart,2026-01-21T02:16:38Z
153,432,remove_cart,2026-01-21T02:28:38Z
153,1165,search,2026-01-21T03:06:38Z
153,914,click,2026-01-21T03:46:38Z
153,1458,view,2026-01-21T03:51:38Z
153,883,search,2026-01-21T04:02:38Z
153,439,add_to_cart,2026-01-21T04:04:38Z
153,1056,checkout,2026-01-21T04:08:38Z
153,1108,checkout,2026-01-21T05:01:38Z
153,183,add_to_cart,2026-01-21T05:08:38Z
153,325,remove_cart,2026-01-21T05:12:38Z
153,1353,view,2026-01-21T05:53:38Z
153,1118,search,2026-01-21T06:00:38Z
153,757,click,2026-01-21T06:16:38Z
153,301,checkout,2026-01-21T07:14:38Z
153,911,click,2026-01-21T07:20:38Z
153,1101,view,2026-01-21T08:07:38Z
153,1355,search,2026-01-21T09:07:38Z
153,145,view,2026-01-21T10:00:38Z
153,533,remove_cart,2026-01-21T10:58:38Z
153,284,search,2026-01-21T11:33:38Z
153,247,add_to_cart,2026-01-21T12:22:38Z
153,730,checkout,2026-01-21T13:19:38Z
153,902,purchase,2026-01-21T13:56:38Z
153,24,wishlist,2026-01-21T14:25:38Z
153,53,add_to_cart,2026-01-21T14:29:38Z
153,96,search,2026-01-21T15:04:38Z
153,656,remove_cart,2026-01-21T15:35:38Z
153,192,checkout,2026-01-21T16:18:38Z
153,387,add_to_cart,2026-01-21T17:12:38Z
153,175,remove_cart,2026-01-21T17:49:38Z
153,826,search,2026-01-21T18:28:38Z
153,1328,click,2026-01-21T19:17:38Z
153,324,click,2026-01-21T20:17:38Z
153,1210,checkout,2026-01-21T21:01:38Z
153,339,search,2026-01-21T21:52:38Z
153,1034,remove_cart,2026-01-21T22:28:38Z
153,1488,add_to_cart,2026-01-21T22:58:38Z
154,1302,view,2026-02-28T17:05:38Z
154,548,click,2026-02-28T17:09:38Z
154,1206,add_to_cart,2026-02-28T17:12:38Z
154,470,remove_cart,2026-02-28T17:35:38Z
154,242,view,2026-02-28T18:21:38Z
154,182,search,2026-02-28T19:19:38Z
154,727,remove_cart,2026-02-28T19:27:38Z
154,1013,remove_cart,2026-02-28T19:30:38Z
154,999,purchase,2026-02-28T19:42:38Z
154,1416,search,2026-02-28T20:26:38Z
154,1481,purchase,2026-02-28T20:48:38Z
154,220,remove_cart,2026-02-28T21:11:38Z
154,1349,checkout,2026-02-28T21:49:38Z
154,600,remove_cart,2026-02-28T22:01:38Z
154,1239,view,2026-02-28T22:58:38Z
154,1311,remove_cart,2026-02-28T23:43:38Z
154,1249,search,2026-03-01T00:37:38Z
154,1120,remove_cart,2026-03-01T01:02:38Z
154,543,purchase,2026-03-01T01:49:38Z
154,545,remove_cart,2026-03-01T01:51:38Z
154,640,checkout,2026-03-01T02:24:38Z
154,910,add_to_cart,2026-03-01T02:29:38Z
154,1149,view,2026-03-01T02:39:38Z
154,791,wishlist,2026-03-01T02:46:38Z
154,729,add_to_cart,2026-03-01T02:57:38Z
154,1291,purchase,2026-03-01T03:50:38Z
154,1112,remove_cart,2026-03-01T04:08:38Z
154,1030,add_to_cart,2026-03-01T04:09:38Z
154,1095,purchase,2026-03-01T04:27:38Z
154,1427,remove_cart,2026-03-01T05:02:38Z
154,85,purchase,2026-03-01T05:42:38Z
154,530,remove_cart,2026-03-01T05:51:38Z
154,310,remove_cart,2026-03-01T06:22:38Z
154,1180,checkout,2026-03-01T07:01:38Z
154,46,click,2026-03-01T07:29:38Z
154,615,click,2026-03-01T07:35:38Z
154,232,click,2026-03-01T07:49:38Z
154,1355,purchase,2026-03-01T08:12:38Z
154,419,add_to_cart,2026-03-01T09:05:38Z
154,477,remove_cart,2026-03-01T09:12:38Z
154,1474,purchase,2026-03-01T09:43:38Z
154,1,remove_cart,2026-03-01T10:41:38Z
154,510,wishlist,2026-03-01T10:53:38Z
154,522,view,2026-03-01T11:52:38Z
154,1047,wishlist,2026-03-01T12:28:38Z
154,681,click,2026-03-01T12:54:38Z
154,340,view,2026-03-01T13:53:38Z
154,571,wishlist,2026-03-01T14:52:38Z
154,297,search,2026-03-01T15:24:38Z
154,1263,search,2026-03-01T15:32:38Z
154,652,click,2026-03-01T16:00:38Z
154,396,view,2026-03-01T16:56:38Z
154,58,search,2026-03-01T17:14:38Z
154,130,remove_cart,2026-03-01T17:40:38Z
154,992,checkout,2026-03-01T18:29:38Z
154,1057,click,2026-03-01T19:19:38Z
154,530,add_to_cart,2026-03-01T20:04:38Z
154,1109,view,2026-03-01T20:39:38Z
154,821,view,2026-03-01T21:35:38Z
154,1129,checkout,2026-03-01T22:29:38Z
154,557,add_to_cart,2026-03-01T22:36:38Z
154,555,click,2026-03-01T23:05:38Z
154,215,remove_cart,2026-03-01T23:39:38Z
154,669,purchase,2026-03-02T00:33:38Z
154,808,add_to_cart,2026-03-02T01:32:38Z
154,1119,remove_cart,2026-03-02T01:49:38Z
154,1359,remove_cart,2026-03-02T02:29:38Z
154,1192,purchase,2026-03-02T03:14:38Z
155,1038,view,2026-01-20T16:42:38Z
155,1162,click,2026-01-20T17:07:38Z
155,1411,add_to_cart,2026-01-20T17:27:38Z
155,185,remove_cart,2026-01-20T18:25:38Z
155,697,view,2026-01-20T18:46:38Z
155,1352,search,2026-01-20T19:07:38Z
155,255,view,2026-01-20T19:15:38Z
155,1227,add_to_cart,2026-01-20T20:02:38Z
155,1408,add_to_cart,2026-01-20T20:06:38Z
155,505,checkout,2026-01-20T20:30:38Z
155,1423,remove_cart,2026-01-20T21:27:38Z
155,233,view,2026-01-20T21:50:38Z
155,161,click,2026-01-20T22:21:38Z
155,1492,remove_cart,2026-01-20T23:05:38Z
155,1221,view,2026-01-20T23:20:38Z
155,863,remove_cart,2026-01-20T23:34:38Z
155,842,wishlist,2026-01-20T23:50:38Z
155,1055,add_to_cart,2026-01-20T23:57:38Z
155,763,search,2026-01-21T00:18:38Z
155,995,view,2026-01-21T00:43:38Z
155,51,view,2026-01-21T00:47:38Z
155,279,search,2026-01-21T01:39:38Z
155,1189,search,2026-01-21T02:13:38Z
155,97,search,2026-01-21T02:25:38Z
155,771,search,2026-01-21T03:24:38Z
155,562,remove_cart,2026-01-21T04:08:38Z
155,1019,remove_cart,2026-01-21T04:36:38Z
155,670,remove_cart,2026-01-21T04:40:38Z
155,332,remove_cart,2026-01-21T04:57:38Z
155,637,view,2026-01-21T05:50:38Z
155,746,wishlist,2026-01-21T06:18:38Z
155,908,checkout,2026-01-21T07:07:38Z
155,60,wishlist,2026-01-21T07:42:38Z
155,632,checkout,2026-01-21T08:33:38Z
155,394,wishlist,2026-01-21T08:48:38Z
155,268,view,2026-01-21T09:16:38Z
155,757,purchase,2026-01-21T10:11:38Z
155,829,search,2026-01-21T11:03:38Z
155,268,remove_cart,2026-01-21T11:54:38Z
155,858,add_to_cart,2026-01-21T12:44:38Z
155,593,wishlist,2026-01-21T13:29:38Z
155,813,view,2026-01-21T13:36:38Z
155,1246,wishlist,2026-01-21T14:15:38Z
155,110,wishlist,2026-01-21T14:30:38Z
155,1383,view,2026-01-21T15:15:38Z
156,359,search,2026-03-30T16:30:38Z
156,603,view,2026-03-30T16:40:38Z
156,926,click,2026-03-30T16:52:38Z
156,980,remove_cart,2026-03-30T17:49:38Z
156,822,checkout,2026-03-30T18:09:38Z
156,648,add_to_cart,2026-03-30T18:58:38Z
156,57,click,2026-03-30T19:23:38Z
156,363,click,2026-03-30T19:29:38Z
156,205,search,2026-03-30T20:15:38Z
156,1031,click,2026-03-30T20:39:38Z
156,1059,search,2026-03-30T21:14:38Z
156,13,remove_cart,2026-03-30T21:18:38Z
156,972,view,2026-03-30T21:25:38Z
156,1457,remove_cart,2026-03-30T21:56:38Z
156,262,checkout,2026-03-30T22:32:38Z
156,163,purchase,2026-03-30T23:28:38Z
156,1220,add_to_cart,2026-03-31T00:05:38Z
156,28,wishlist,2026-03-31T00:34:38Z
156,277,search,2026-03-31T01:03:38Z
156,539,remove_cart,2026-03-31T01:54:38Z
156,871,add_to_cart,2026-03-31T02:35:38Z
156,1496,click,2026-03-31T02:45:38Z
156,338,click,2026-03-31T03:44:38Z
156,1083,view,2026-03-31T03:58:38Z
156,981,search,2026-03-31T04:13:38Z
156,881,wishlist,2026-03-31T04:28:38Z
156,1206,wishlist,2026-03-31T05:13:38Z
156,1091,remove_cart,2026-03-31T06:09:38Z
156,1135,view,2026-03-31T06:39:38Z
156,1302,wishlist,2026-03-31T07:32:38Z
156,543,add_to_cart,2026-03-31T07:56:38Z
156,262,add_to_cart,2026-03-31T08:16:38Z
156,1142,click,2026-03-31T08:59:38Z
156,665,purchase,2026-03-31T09:32:38Z
156,550,search,2026-03-31T09:56:38Z
156,1385,view,2026-03-31T09:59:38Z
156,626,remove_cart,2026-03-31T10:16:38Z
156,1336,wishlist,2026-03-31T10:35:38Z
156,299,checkout,2026-03-31T10:57:38Z
156,158,purchase,2026-03-31T11:52:38Z
156,397,click,2026-03-31T12:01:38Z
156,1461,add_to_cart,2026-03-31T13:01:38Z
156,1101,checkout,2026-03-31T13:20:38Z
156,1272,checkout,2026-03-31T14:04:38Z
156,898,click,2026-03-31T14:33:38Z
156,423,remove_cart,2026-03-31T15:22:38Z
156,602,purchase,2026-03-31T16:05:38Z
157,348,search,2026-01-27T16:54:38Z
157,393,view,2026-01-27T16:56:38Z
157,1137,click,2026-01-27T17:52:38Z
157,348,remove_cart,2026-01-27T18:36:38Z
157,973,click,2026-01-27T19:34:38Z
157,26,wishlist,2026-01-27T20:20:38Z
157,138,view,2026-01-27T21:12:38Z
157,86,remove_cart,2026-01-27T21:28:38Z
157,1464,search,2026-01-27T21:50:38Z
157,792,purchase,2026-01-27T21:53:38Z
157,1473,purchase,2026-01-27T22:14:38Z
157,1279,add_to_cart,2026-01-27T22:32:38Z
157,471,purchase,2026-01-27T22:54:38Z
157,74,search,2026-01-27T22:55:38Z
157,142,click,2026-01-27T23:28:38Z
157,972,remove_cart,2026-01-27T23:57:38Z
157,138,search,2026-01-28T00:30:38Z
157,353,remove_cart,2026-01-28T00:53:38Z
157,521,search,2026-01-28T01:10:38Z
157,537,wishlist,2026-01-28T01:27:38Z
157,1089,remove_cart,2026-01-28T01:31:38Z
157,1096,purchase,2026-01-28T02:24:38Z
157,136,wishlist,2026-01-28T03:09:38Z
157,1269,checkout,2026-01-28T03:48:38Z
157,1443,purchase,2026-01-28T04:17:38Z
157,1315,click,2026-01-28T04:18:38Z
157,1319,wishlist,2026-01-28T04:34:38Z
157,1100,click,2026-01-28T04:44:38Z
157,1050,checkout,2026-01-28T05:17:38Z
157,1104,search,2026-01-28T06:13:38Z
157,1275,remove_cart,2026-01-28T07:05:38Z
157,1081,remove_cart,2026-01-28T07:43:38Z
157,1415,add_to_cart,2026-01-28T08:40:38Z
157,645,view,2026-01-28T09:00:38Z
157,1440,checkout,2026-01-28T09:38:38Z
157,982,add_to_cart,2026-01-28T10:32:38Z
157,921,click,2026-01-28T10:50:38Z
157,772,add_to_cart,2026-01-28T11:07:38Z
157,184,purchase,2026-01-28T11:10:38Z
157,518,remove_cart,2026-01-28T11:56:38Z
157,271,add_to_cart,2026-01-28T12:14:38Z
157,1141,purchase,2026-01-28T13:08:38Z
157,921,purchase,2026-01-28T13:46:38Z
157,483,add_to_cart,2026-01-28T14:20:38Z
157,212,purchase,2026-01-28T14:57:38Z
157,1324,add_to_cart,2026-01-28T15:05:38Z
157,803,checkout,2026-01-28T15:07:38Z
157,1161,add_to_cart,2026-01-28T16:04:38Z
157,1059,purchase,2026-01-28T16:16:38Z
157,1184,view,2026-01-28T17:02:38Z
157,299,purchase,2026-01-28T17:13:38Z
157,240,click,2026-01-28T17:16:38Z
157,472,view,2026-01-28T17:28:38Z
157,5,add_to_cart,2026-01-28T18:25:38Z
157,1417,view,2026-01-28T18:30:38Z
157,889,remove_cart,2026-01-28T19:00:38Z
157,93,remove_cart,2026-01-28T19:08:38Z
157,1294,view,2026-01-28T19:41:38Z
157,792,checkout,2026-01-28T20:27:38Z
157,1122,click,2026-01-28T20:28:38Z
157,606,click,2026-01-28T21:21:38Z
158,191,view,2026-03-03T17:13:38Z
158,127,click,2026-03-03T17:32:38Z
158,1484,add_to_cart,2026-03-03T18:31:38Z
158,1133,remove_cart,2026-03-03T18:47:38Z
158,654,view,2026-03-03T19:06:38Z
158,175,purchase,2026-03-03T19:48:38Z
158,989,view,2026-03-03T20:39:38Z
158,1128,search,2026-03-03T21:06:38Z
158,645,add_to_cart,2026-03-03T21:19:38Z
158,1206,search,2026-03-03T21:46:38Z
158,1386,wishlist,2026-03-03T22:40:38Z
158,8,click,2026-03-03T22:43:38Z
158,35,purchase,2026-03-03T23:30:38Z
158,828,checkout,2026-03-04T00:24:38Z
158,758,add_to_cart,2026-03-04T00:25:38Z
158,1205,search,2026-03-04T00:47:38Z
158,153,remove_cart,2026-03-04T01:16:38Z
158,1412,wishlist,2026-03-04T01:18:38Z
158,887,view,2026-03-04T01:46:38Z
158,551,remove_cart,2026-03-04T02:14:38Z
158,27,click,2026-03-04T02:19:38Z
158,760,remove_cart,2026-03-04T03:18:38Z
158,178,search,2026-03-04T04:14:38Z
158,461,click,2026-03-04T05:00:38Z
158,916,search,2026-03-04T05:01:38Z
158,817,wishlist,2026-03-04T05:08:38Z
158,1267,search,2026-03-04T05:58:38Z
158,1071,checkout,2026-03-04T06:01:38Z
158,1151,view,2026-03-04T06:25:38Z
158,860,purchase,2026-03-04T06:53:38Z
158,1135,purchase,2026-03-04T07:12:38Z
158,1095,add_to_cart,2026-03-04T07:37:38Z
159,796,view,2026-02-06T16:33:38Z
159,941,click,2026-02-06T17:12:38Z
159,32,add_to_cart,2026-02-06T18:03:38Z
159,480,remove_cart,2026-02-06T18:37:38Z
159,888,view,2026-02-06T19:12:38Z
159,1084,click,2026-02-06T19:43:38Z
159,1259,checkout,2026-02-06T20:34:38Z
159,63,click,2026-02-06T20:58:38Z
159,1212,wishlist,2026-02-06T21:50:38Z
159,744,remove_cart,2026-02-06T22:02:38Z
159,159,checkout,2026-02-06T22:57:38Z
159,773,checkout,2026-02-06T23:55:38Z
159,1218,view,2026-02-07T00:40:38Z
159,46,purchase,2026-02-07T00:49:38Z
159,884,click,2026-02-07T00:58:38Z
159,1293,wishlist,2026-02-07T01:28:38Z
159,31,add_to_cart,2026-02-07T01:53:38Z
159,1134,search,2026-02-07T01:59:38Z
159,1171,view,2026-02-07T02:48:38Z
159,286,wishlist,2026-02-07T03:48:38Z
159,945,click,2026-02-07T04:39:38Z
159,1046,wishlist,2026-02-07T05:01:38Z
159,944,wishlist,2026-02-07T05:09:38Z
159,596,checkout,2026-02-07T05:39:38Z
159,283,click,2026-02-07T06:22:38Z
159,789,checkout,2026-02-07T06:41:38Z
159,153,add_to_cart,2026-02-07T07:32:38Z
159,1379,click,2026-02-07T08:07:38Z
159,189,add_to_cart,2026-02-07T08:25:38Z
159,893,remove_cart,2026-02-07T08:34:38Z
159,334,search,2026-02-07T08:46:38Z
159,978,add_to_cart,2026-02-07T09:25:38Z
159,1204,wishlist,2026-02-07T09:58:38Z
159,110,click,2026-02-07T10:27:38Z
159,1498,search,2026-02-07T11:14:38Z
159,271,wishlist,2026-02-07T11:32:38Z
159,1134,click,2026-02-07T12:25:38Z
159,602,wishlist,2026-02-07T13:09:38Z
159,93,wishlist,2026-02-07T13:41:38Z
159,1036,wishlist,2026-02-07T14:09:38Z
159,1184,add_to_cart,2026-02-07T14:10:38Z
159,752,add_to_cart,2026-02-07T14:19:38Z
159,1,checkout,2026-02-07T15:13:38Z
159,102,view,2026-02-07T16:00:38Z
159,818,click,2026-02-07T16:41:38Z
159,1443,purchase,2026-02-07T17:41:38Z
159,564,wishlist,2026-02-07T18:08:38Z
159,352,view,2026-02-07T18:38:38Z
159,279,purchase,2026-02-07T19:31:38Z
159,963,search,2026-02-07T20:26:38Z
159,334,add_to_cart,2026-02-07T20:59:38Z
159,1477,wishlist,2026-02-07T21:56:38Z
159,120,search,2026-02-07T21:57:38Z
159,1066,click,2026-02-07T22:29:38Z
159,1411,add_to_cart,2026-02-07T22:40:38Z
159,927,search,2026-02-07T23:26:38Z
159,280,purchase,2026-02-07T23:32:38Z
159,798,remove_cart,2026-02-07T23:37:38Z
159,987,wishlist,2026-02-07T23:38:38Z
159,720,click,2026-02-07T23:42:38Z
159,238,view,2026-02-07T23:48:38Z
159,1251,wishlist,2026-02-07T23:49:38Z
159,950,add_to_cart,2026-02-08T00:44:38Z
159,1346,click,2026-02-08T01:37:38Z
159,381,click,2026-02-08T01:58:38Z
159,90,remove_cart,2026-02-08T02:04:38Z
160,903,search,2026-03-04T17:15:38Z
160,1167,view,2026-03-04T17:19:38Z
160,409,click,2026-03-04T17:28:38Z
160,947,view,2026-03-04T17:31:38Z
160,882,click,2026-03-04T18:23:38Z
160,31,wishlist,2026-03-04T19:07:38Z
160,526,view,2026-03-04T19:38:38Z
160,1033,click,2026-03-04T20:35:38Z
160,1457,search,2026-03-04T21:11:38Z
160,601,wishlist,2026-03-04T21:56:38Z
160,1323,purchase,2026-03-04T22:48:38Z
160,1163,add_to_cart,2026-03-04T23:40:38Z
160,1215,checkout,2026-03-05T00:07:38Z
160,845,purchase,2026-03-05T01:03:38Z
160,1219,wishlist,2026-03-05T01:12:38Z
160,968,search,2026-03-05T01:30:38Z
160,181,click,2026-03-05T01:57:38Z
160,415,add_to_cart,2026-03-05T02:28:38Z
160,1103,search,2026-03-05T03:20:38Z
160,1486,click,2026-03-05T03:34:38Z
160,529,click,2026-03-05T03:37:38Z
160,315,wishlist,2026-03-05T03:40:38Z
160,1150,wishlist,2026-03-05T04:30:38Z
160,1403,remove_cart,2026-03-05T04:45:38Z
160,960,add_to_cart,2026-03-05T04:50:38Z
160,1492,search,2026-03-05T05:04:38Z
160,525,wishlist,2026-03-05T05:33:38Z
160,311,purchase,2026-03-05T05:55:38Z
160,124,remove_cart,2026-03-05T06:29:38Z
160,560,remove_cart,2026-03-05T07:25:38Z
160,880,remove_cart,2026-03-05T07:28:38Z
160,1205,checkout,2026-03-05T07:41:38Z
160,515,purchase,2026-03-05T08:27:38Z
160,1110,search,2026-03-05T09:27:38Z
160,622,purchase,2026-03-05T10:03:38Z
160,467,add_to_cart,2026-03-05T10:24:38Z
160,1292,remove_cart,2026-03-05T11:23:38Z
160,283,search,2026-03-05T11:49:38Z
160,685,view,2026-03-05T12:11:38Z
160,910,view,2026-03-05T12:40:38Z
160,103,search,2026-03-05T13:26:38Z
160,920,remove_cart,2026-03-05T13:50:38Z
160,164,wishlist,2026-03-05T14:13:38Z
160,327,wishlist,2026-03-05T14:39:38Z
160,375,purchase,2026-03-05T15:16:38Z
160,70,view,2026-03-05T15:55:38Z
160,665,wishlist,2026-03-05T16:53:38Z
160,1011,click,2026-03-05T16:56:38Z
160,57,search,2026-03-05T17:43:38Z
160,479,click,2026-03-05T18:40:38Z
160,206,click,2026-03-05T18:46:38Z
160,1040,checkout,2026-03-05T19:36:38Z
160,1231,remove_cart,2026-03-05T19:43:38Z
160,673,view,2026-03-05T19:53:38Z
160,912,search,2026-03-05T20:39:38Z
160,1407,remove_cart,2026-03-05T20:43:38Z
160,1299,add_to_cart,2026-03-05T20:54:38Z
160,1469,view,2026-03-05T21:20:38Z
160,479,wishlist,2026-03-05T22:19:38Z
160,549,wishlist,2026-03-05T23:12:38Z
160,363,click,2026-03-05T23:56:38Z
160,170,view,2026-03-06T00:54:38Z
160,897,add_to_cart,2026-03-06T01:06:38Z
160,1159,wishlist,2026-03-06T01:57:38Z
160,122,wishlist,2026-03-06T02:53:38Z
160,856,view,2026-03-06T03:04:38Z
160,655,view,2026-03-06T03:10:38Z
161,1474,search,2026-03-07T17:18:38Z
161,375,view,2026-03-07T18:18:38Z
161,711,click,2026-03-07T19:17:38Z
161,1298,search,2026-03-07T19:46:38Z
161,898,wishlist,2026-03-07T19:49:38Z
161,1009,search,2026-03-07T19:52:38Z
161,908,click,2026-03-07T20:41:38Z
161,265,purchase,2026-03-07T21:36:38Z
161,1128,checkout,2026-03-07T22:15:38Z
161,725,view,2026-03-07T23:15:38Z
161,58,wishlist,2026-03-07T23:57:38Z
161,135,purchase,2026-03-08T00:40:38Z
161,805,view,2026-03-08T00:41:38Z
161,1274,search,2026-03-08T01:25:38Z
161,1478,purchase,2026-03-08T01:45:38Z
161,1414,view,2026-03-08T01:59:38Z
161,569,click,2026-03-08T02:00:38Z
161,65,wishlist,2026-03-08T02:09:38Z
161,94,purchase,2026-03-08T02:37:38Z
161,148,search,2026-03-08T02:42:38Z
161,1257,search,2026-03-08T03:23:38Z
161,1340,click,2026-03-08T03:38:38Z
161,1261,wishlist,2026-03-08T04:35:38Z
161,736,add_to_cart,2026-03-08T05:10:38Z
161,499,wishlist,2026-03-08T05:59:38Z
161,1162,wishlist,2026-03-08T06:43:38Z
161,94,wishlist,2026-03-08T06:53:38Z
162,122,view,2026-03-01T16:25:38Z
162,998,click,2026-03-01T16:52:38Z
162,1183,add_to_cart,2026-03-01T17:29:38Z
162,1320,checkout,2026-03-01T17:30:38Z
162,815,purchase,2026-03-01T17:32:38Z
162,1122,remove_cart,2026-03-01T18:31:38Z
162,1120,view,2026-03-01T18:36:38Z
162,900,remove_cart,2026-03-01T19:22:38Z
162,91,checkout,2026-03-01T19:39:38Z
162,1026,purchase,2026-03-01T20:10:38Z
162,1394,search,2026-03-01T20:55:38Z
162,447,add_to_cart,2026-03-01T21:41:38Z
162,592,purchase,2026-03-01T22:18:38Z
162,1432,search,2026-03-01T22:56:38Z
162,461,wishlist,2026-03-01T23:52:38Z
162,805,view,2026-03-01T23:53:38Z
162,773,checkout,2026-03-02T00:23:38Z
162,672,add_to_cart,2026-03-02T00:45:38Z
162,330,view,2026-03-02T00:59:38Z
162,23,wishlist,2026-03-02T01:53:38Z
162,436,click,2026-03-02T02:25:38Z
162,523,remove_cart,2026-03-02T02:46:38Z
162,802,add_to_cart,2026-03-02T03:44:38Z
162,217,add_to_cart,2026-03-02T04:03:38Z
162,522,checkout,2026-03-02T04:38:38Z
162,126,add_to_cart,2026-03-02T05:16:38Z
162,1173,add_to_cart,2026-03-02T05:59:38Z
162,454,add_to_cart,2026-03-02T06:14:38Z
162,196,search,2026-03-02T06:36:38Z
162,66,click,2026-03-02T06:37:38Z
162,864,view,2026-03-02T07:19:38Z
162,501,view,2026-03-02T07:42:38Z
162,1108,view,2026-03-02T08:23:38Z
162,519,remove_cart,2026-03-02T08:56:38Z
162,311,purchase,2026-03-02T08:57:38Z
162,787,click,2026-03-02T09:03:38Z
162,451,remove_cart,2026-03-02T09:32:38Z
162,14,add_to_cart,2026-03-02T10:12:38Z
162,1390,search,2026-03-02T11:10:38Z
162,935,wishlist,2026-03-02T12:10:38Z
162,1153,wishlist,2026-03-02T12:59:38Z
162,1159,checkout,2026-03-02T13:20:38Z
162,351,add_to_cart,2026-03-02T13:26:38Z
163,344,view,2026-02-03T16:42:38Z
163,96,click,2026-02-03T17:08:38Z
163,493,add_to_cart,2026-02-03T17:23:38Z
163,1375,remove_cart,2026-02-03T17:50:38Z
163,367,view,2026-02-03T18:42:38Z
163,1422,view,2026-02-03T19:39:38Z
163,758,add_to_cart,2026-02-03T20:09:38Z
163,383,wishlist,2026-02-03T20:43:38Z
163,947,click,2026-02-03T21:00:38Z
163,51,checkout,2026-02-03T21:57:38Z
163,912,add_to_cart,2026-02-03T21:58:38Z
163,706,click,2026-02-03T22:04:38Z
163,1462,add_to_cart,2026-02-03T22:19:38Z
163,388,view,2026-02-03T22:31:38Z
163,345,remove_cart,2026-02-03T23:16:38Z
163,1246,click,2026-02-03T23:58:38Z
163,723,add_to_cart,2026-02-04T00:03:38Z
163,1174,click,2026-02-04T00:37:38Z
163,9,checkout,2026-02-04T01:24:38Z
163,194,wishlist,2026-02-04T02:01:38Z
163,230,remove_cart,2026-02-04T02:08:38Z
163,1097,remove_cart,2026-02-04T02:22:38Z
163,1127,wishlist,2026-02-04T02:44:38Z
163,1206,click,2026-02-04T03:31:38Z
163,950,wishlist,2026-02-04T04:08:38Z
163,1442,checkout,2026-02-04T04:19:38Z
163,1139,click,2026-02-04T04:44:38Z
163,104,view,2026-02-04T05:30:38Z
163,485,wishlist,2026-02-04T06:29:38Z
163,1433,checkout,2026-02-04T07:04:38Z
163,1122,purchase,2026-02-04T07:09:38Z
163,317,remove_cart,2026-02-04T07:48:38Z
163,354,checkout,2026-02-04T08:46:38Z
163,637,search,2026-02-04T09:08:38Z
163,197,view,2026-02-04T09:51:38Z
163,1480,add_to_cart,2026-02-04T10:02:38Z
163,3,checkout,2026-02-04T10:13:38Z
163,1129,view,2026-02-04T10:25:38Z
163,604,purchase,2026-02-04T11:05:38Z
163,469,add_to_cart,2026-02-04T11:46:38Z
163,319,add_to_cart,2026-02-04T12:29:38Z
163,182,view,2026-02-04T12:46:38Z
163,998,search,2026-02-04T13:04:38Z
163,433,search,2026-02-04T13:46:38Z
163,1075,add_to_cart,2026-02-04T14:46:38Z
163,864,click,2026-02-04T14:51:38Z
163,1234,wishlist,2026-02-04T15:28:38Z
163,21,purchase,2026-02-04T16:13:38Z
163,1285,add_to_cart,2026-02-04T17:01:38Z
163,74,view,2026-02-04T17:10:38Z
163,568,purchase,2026-02-04T17:14:38Z
163,269,add_to_cart,2026-02-04T17:29:38Z
163,899,add_to_cart,2026-02-04T18:15:38Z
163,261,checkout,2026-02-04T18:38:38Z
163,764,click,2026-02-04T18:54:38Z
163,268,purchase,2026-02-04T18:57:38Z
163,688,click,2026-02-04T19:24:38Z
164,811,view,2026-04-13T16:39:38Z
164,6,click,2026-04-13T16:52:38Z
164,118,add_to_cart,2026-04-13T17:36:38Z
164,1465,remove_cart,2026-04-13T17:59:38Z
164,1219,view,2026-04-13T18:50:38Z
164,902,purchase,2026-04-13T19:50:38Z
164,729,checkout,2026-04-13T20:20:38Z
164,1198,remove_cart,2026-04-13T21:18:38Z
164,1101,click,2026-04-13T21:58:38Z
164,146,purchase,2026-04-13T22:07:38Z
164,332,view,2026-04-13T22:49:38Z
164,1399,click,2026-04-13T23:16:38Z
164,612,click,2026-04-13T23:47:38Z
164,1246,remove_cart,2026-04-14T00:43:38Z
164,326,view,2026-04-14T01:39:38Z
164,60,purchase,2026-04-14T01:47:38Z
164,1109,search,2026-04-14T02:03:38Z
164,1270,search,2026-04-14T02:08:38Z
164,333,remove_cart,2026-04-14T02:34:38Z
164,167,add_to_cart,2026-04-14T03:11:38Z
164,860,purchase,2026-04-14T03:19:38Z
164,1027,checkout,2026-04-14T03:20:38Z
164,832,view,2026-04-14T03:44:38Z
164,856,wishlist,2026-04-14T04:38:38Z
164,84,remove_cart,2026-04-14T05:08:38Z
164,1435,remove_cart,2026-04-14T05:23:38Z
164,314,remove_cart,2026-04-14T06:23:38Z
164,1049,click,2026-04-14T07:00:38Z
164,741,remove_cart,2026-04-14T07:24:38Z
164,1191,view,2026-04-14T07:44:38Z
164,522,search,2026-04-14T08:34:38Z
164,75,search,2026-04-14T09:16:38Z
164,802,checkout,2026-04-14T09:44:38Z
164,628,purchase,2026-04-14T10:28:38Z
164,461,purchase,2026-04-14T11:14:38Z
164,18,remove_cart,2026-04-14T11:37:38Z
164,1239,search,2026-04-14T12:19:38Z
164,930,remove_cart,2026-04-14T12:30:38Z
164,346,purchase,2026-04-14T12:39:38Z
164,889,remove_cart,2026-04-14T12:48:38Z
164,606,click,2026-04-14T12:54:38Z
164,444,add_to_cart,2026-04-14T13:11:38Z
164,282,remove_cart,2026-04-14T13:54:38Z
164,1137,wishlist,2026-04-14T14:36:38Z
164,1380,wishlist,2026-04-14T14:54:38Z
164,1391,add_to_cart,2026-04-14T15:01:38Z
164,1010,view,2026-04-14T15:36:38Z
164,1276,click,2026-04-14T16:24:38Z
164,1310,remove_cart,2026-04-14T16:34:38Z
164,638,purchase,2026-04-14T17:21:38Z
164,1231,click,2026-04-14T18:04:38Z
164,452,remove_cart,2026-04-14T18:21:38Z
164,694,purchase,2026-04-14T18:57:38Z
164,275,purchase,2026-04-14T19:54:38Z
164,383,search,2026-04-14T20:24:38Z
164,118,wishlist,2026-04-14T21:07:38Z
164,484,wishlist,2026-04-14T21:42:38Z
164,534,purchase,2026-04-14T21:58:38Z
164,72,purchase,2026-04-14T22:51:38Z
164,162,purchase,2026-04-14T22:56:38Z
164,1370,wishlist,2026-04-14T23:51:38Z
164,58,checkout,2026-04-15T00:17:38Z
164,547,wishlist,2026-04-15T01:04:38Z
164,957,wishlist,2026-04-15T02:00:38Z
164,1413,remove_cart,2026-04-15T02:59:38Z
164,678,search,2026-04-15T03:31:38Z
164,1202,checkout,2026-04-15T03:57:38Z
164,1302,search,2026-04-15T04:44:38Z
164,739,wishlist,2026-04-15T04:57:38Z
164,760,purchase,2026-04-15T05:25:38Z
164,555,checkout,2026-04-15T06:20:38Z
164,1492,remove_cart,2026-04-15T06:45:38Z
164,131,remove_cart,2026-04-15T07:37:38Z
164,575,remove_cart,2026-04-15T07:51:38Z
164,363,add_to_cart,2026-04-15T07:57:38Z
164,758,wishlist,2026-04-15T08:16:38Z
165,681,view,2026-02-10T16:59:38Z
165,1267,click,2026-02-10T17:59:38Z
165,628,add_to_cart,2026-02-10T18:58:38Z
165,180,checkout,2026-02-10T19:31:38Z
165,700,purchase,2026-02-10T20:24:38Z
165,818,add_to_cart,2026-02-10T21:13:38Z
165,761,add_to_cart,2026-02-10T21:34:38Z
165,619,remove_cart,2026-02-10T22:00:38Z
165,232,checkout,2026-02-10T22:12:38Z
165,929,purchase,2026-02-10T22:13:38Z
165,491,search,2026-02-10T22:22:38Z
165,1470,wishlist,2026-02-10T23:12:38Z
165,372,click,2026-02-10T23:30:38Z
165,586,remove_cart,2026-02-10T23:38:38Z
165,543,view,2026-02-11T00:21:38Z
165,323,purchase,2026-02-11T00:37:38Z
165,239,remove_cart,2026-02-11T01:30:38Z
165,649,search,2026-02-11T02:20:38Z
165,1472,search,2026-02-11T02:34:38Z
165,1161,view,2026-02-11T03:03:38Z
165,1348,remove_cart,2026-02-11T03:18:38Z
166,1395,search,2026-02-20T16:29:38Z
166,38,view,2026-02-20T17:27:38Z
166,1094,click,2026-02-20T17:29:38Z
166,1088,click,2026-02-20T18:01:38Z
166,343,wishlist,2026-02-20T19:00:38Z
166,247,add_to_cart,2026-02-20T20:00:38Z
166,1495,click,2026-02-20T20:24:38Z
166,1141,checkout,2026-02-20T20:30:38Z
166,321,search,2026-02-20T20:51:38Z
166,1348,purchase,2026-02-20T21:15:38Z
166,361,search,2026-02-20T22:03:38Z
166,1036,remove_cart,2026-02-20T23:00:38Z
166,547,checkout,2026-02-20T23:17:38Z
166,231,checkout,2026-02-20T23:21:38Z
166,1317,checkout,2026-02-20T23:34:38Z
166,1328,add_to_cart,2026-02-21T00:30:38Z
166,1084,view,2026-02-21T01:15:38Z
166,700,remove_cart,2026-02-21T02:06:38Z
166,911,add_to_cart,2026-02-21T02:21:38Z
166,271,checkout,2026-02-21T02:50:38Z
166,1397,remove_cart,2026-02-21T03:16:38Z
166,386,wishlist,2026-02-21T03:43:38Z
166,7,purchase,2026-02-21T04:13:38Z
166,127,click,2026-02-21T04:31:38Z
166,1289,view,2026-02-21T05:31:38Z
166,313,wishlist,2026-02-21T06:24:38Z
166,1100,checkout,2026-02-21T07:24:38Z
166,753,click,2026-02-21T07:26:38Z
166,1064,wishlist,2026-02-21T08:08:38Z
166,52,view,2026-02-21T08:11:38Z
166,1398,add_to_cart,2026-02-21T08:42:38Z
166,263,add_to_cart,2026-02-21T09:29:38Z
166,382,click,2026-02-21T09:49:38Z
166,1357,wishlist,2026-02-21T10:19:38Z
166,872,purchase,2026-02-21T10:27:38Z
166,617,view,2026-02-21T11:06:38Z
166,1418,purchase,2026-02-21T11:43:38Z
166,446,click,2026-02-21T12:33:38Z
166,1286,remove_cart,2026-02-21T13:07:38Z
166,337,click,2026-02-21T13:39:38Z
166,250,view,2026-02-21T13:52:38Z
166,1275,purchase,2026-02-21T14:17:38Z
166,1453,wishlist,2026-02-21T14:40:38Z
166,801,add_to_cart,2026-02-21T15:14:38Z
166,1477,add_to_cart,2026-02-21T16:13:38Z
166,1321,view,2026-02-21T16:52:38Z
166,1488,add_to_cart,2026-02-21T17:29:38Z
166,505,checkout,2026-02-21T18:20:38Z
166,1473,wishlist,2026-02-21T18:29:38Z
166,722,wishlist,2026-02-21T19:09:38Z
166,481,purchase,2026-02-21T20:08:38Z
166,309,add_to_cart,2026-02-21T20:19:38Z
166,1433,checkout,2026-02-21T20:34:38Z
166,1070,purchase,2026-02-21T21:32:38Z
166,589,add_to_cart,2026-02-21T21:33:38Z
166,971,wishlist,2026-02-21T22:28:38Z
166,726,purchase,2026-02-21T23:19:38Z
166,465,purchase,2026-02-21T23:28:38Z
166,179,remove_cart,2026-02-21T23:56:38Z
166,962,wishlist,2026-02-21T23:59:38Z
166,101,remove_cart,2026-02-22T00:05:38Z
166,1048,checkout,2026-02-22T00:08:38Z
166,1244,add_to_cart,2026-02-22T00:33:38Z
166,248,checkout,2026-02-22T01:24:38Z
166,410,add_to_cart,2026-02-22T02:18:38Z
166,203,remove_cart,2026-02-22T02:21:38Z
166,256,view,2026-02-22T02:53:38Z
166,205,add_to_cart,2026-02-22T03:19:38Z
166,1134,wishlist,2026-02-22T04:01:38Z
167,184,search,2026-02-07T17:08:38Z
167,1010,view,2026-02-07T18:03:38Z
167,1291,click,2026-02-07T18:46:38Z
167,1449,remove_cart,2026-02-07T19:46:38Z
167,529,search,2026-02-07T20:21:38Z
167,411,remove_cart,2026-02-07T20:52:38Z
167,538,wishlist,2026-02-07T21:21:38Z
167,430,add_to_cart,2026-02-07T21:31:38Z
167,313,purchase,2026-02-07T22:16:38Z
167,1459,add_to_cart,2026-02-07T22:27:38Z
167,218,view,2026-02-07T23:08:38Z
167,316,search,2026-02-07T23:25:38Z
167,1373,wishlist,2026-02-08T00:01:38Z
167,1362,add_to_cart,2026-02-08T00:47:38Z
167,725,add_to_cart,2026-02-08T00:59:38Z
167,773,remove_cart,2026-02-08T01:03:38Z
167,1266,add_to_cart,2026-02-08T01:56:38Z
167,762,wishlist,2026-02-08T02:10:38Z
167,798,view,2026-02-08T03:08:38Z
167,1302,purchase,2026-02-08T04:02:38Z
167,502,checkout,2026-02-08T04:58:38Z
167,1327,click,2026-02-08T05:53:38Z
167,114,click,2026-02-08T06:28:38Z
167,1401,search,2026-02-08T06:54:38Z
167,215,checkout,2026-02-08T07:12:38Z
167,995,purchase,2026-02-08T07:13:38Z
167,1145,wishlist,2026-02-08T07:28:38Z
167,250,search,2026-02-08T08:18:38Z
167,28,wishlist,2026-02-08T08:28:38Z
167,790,click,2026-02-08T08:43:38Z
167,1354,add_to_cart,2026-02-08T09:09:38Z
167,588,view,2026-02-08T09:42:38Z
167,1170,remove_cart,2026-02-08T09:57:38Z
167,749,checkout,2026-02-08T10:40:38Z
168,567,view,2026-04-11T17:09:38Z
168,976,wishlist,2026-04-11T18:00:38Z
168,741,view,2026-04-11T18:03:38Z
168,515,click,2026-04-11T18:24:38Z
168,149,add_to_cart,2026-04-11T19:01:38Z
168,1283,add_to_cart,2026-04-11T20:01:38Z
168,178,click,2026-04-11T20:25:38Z
168,549,remove_cart,2026-04-11T21:12:38Z
168,1160,click,2026-04-11T21:17:38Z
168,878,wishlist,2026-04-11T21:39:38Z
168,1167,search,2026-04-11T21:41:38Z
168,1477,click,2026-04-11T22:18:38Z
168,434,remove_cart,2026-04-11T22:56:38Z
168,1121,wishlist,2026-04-11T23:25:38Z
168,379,checkout,2026-04-11T23:48:38Z
168,2,view,2026-04-12T00:19:38Z
168,520,add_to_cart,2026-04-12T00:21:38Z
168,325,add_to_cart,2026-04-12T00:49:38Z
168,1276,view,2026-04-12T00:54:38Z
168,279,checkout,2026-04-12T01:01:38Z
168,630,click,2026-04-12T01:11:38Z
168,1171,click,2026-04-12T01:24:38Z
168,1468,purchase,2026-04-12T02:13:38Z
168,1271,remove_cart,2026-04-12T03:11:38Z
168,1090,remove_cart,2026-04-12T03:41:38Z
168,75,checkout,2026-04-12T04:07:38Z
168,152,checkout,2026-04-12T04:21:38Z
168,1005,add_to_cart,2026-04-12T04:49:38Z
168,164,checkout,2026-04-12T05:04:38Z
168,897,add_to_cart,2026-04-12T05:13:38Z
168,58,remove_cart,2026-04-12T05:57:38Z
168,1425,checkout,2026-04-12T06:19:38Z
168,1116,checkout,2026-04-12T07:01:38Z
168,486,remove_cart,2026-04-12T07:24:38Z
168,1403,purchase,2026-04-12T08:05:38Z
168,237,search,2026-04-12T08:18:38Z
168,783,click,2026-04-12T08:59:38Z
168,386,wishlist,2026-04-12T09:19:38Z
168,1377,view,2026-04-12T09:52:38Z
168,478,wishlist,2026-04-12T10:04:38Z
168,94,click,2026-04-12T10:14:38Z
168,1201,add_to_cart,2026-04-12T10:22:38Z
168,49,click,2026-04-12T10:45:38Z
168,775,wishlist,2026-04-12T11:17:38Z
169,582,view,2026-03-14T17:14:38Z
169,15,click,2026-03-14T17:45:38Z
169,103,add_to_cart,2026-03-14T18:31:38Z
169,288,remove_cart,2026-03-14T18:32:38Z
169,1150,view,2026-03-14T18:59:38Z
169,628,checkout,2026-03-14T19:25:38Z
169,1363,search,2026-03-14T20:00:38Z
169,822,remove_cart,2026-03-14T20:32:38Z
169,918,search,2026-03-14T21:09:38Z
169,634,checkout,2026-03-14T22:09:38Z
169,413,click,2026-03-14T22:36:38Z
169,712,remove_cart,2026-03-14T23:33:38Z
169,70,remove_cart,2026-03-15T00:18:38Z
169,678,search,2026-03-15T01:13:38Z
169,833,view,2026-03-15T01:15:38Z
169,645,purchase,2026-03-15T01:38:38Z
169,408,purchase,2026-03-15T02:09:38Z
169,791,view,2026-03-15T02:47:38Z
169,874,search,2026-03-15T03:24:38Z
169,904,add_to_cart,2026-03-15T03:54:38Z
169,1301,click,2026-03-15T04:02:38Z
169,1166,wishlist,2026-03-15T04:11:38Z
169,658,remove_cart,2026-03-15T04:26:38Z
169,1423,purchase,2026-03-15T04:30:38Z
169,955,wishlist,2026-03-15T05:08:38Z
169,754,view,2026-03-15T05:20:38Z
169,331,wishlist,2026-03-15T05:28:38Z
169,847,add_to_cart,2026-03-15T05:58:38Z
169,614,purchase,2026-03-15T06:26:38Z
169,644,purchase,2026-03-15T06:32:38Z
169,1075,search,2026-03-15T07:31:38Z
169,806,wishlist,2026-03-15T08:11:38Z
169,577,wishlist,2026-03-15T09:11:38Z
169,891,remove_cart,2026-03-15T09:54:38Z
169,677,purchase,2026-03-15T10:14:38Z
169,599,search,2026-03-15T11:10:38Z
169,1453,purchase,2026-03-15T11:30:38Z
170,249,view,2026-04-10T17:02:38Z
170,1167,wishlist,2026-04-10T17:28:38Z
170,1236,view,2026-04-10T18:28:38Z
170,501,click,2026-04-10T19:06:38Z
170,1245,add_to_cart,2026-04-10T19:55:38Z
170,1446,purchase,2026-04-10T20:49:38Z
170,1185,search,2026-04-10T21:07:38Z
170,464,checkout,2026-04-10T21:26:38Z
170,840,search,2026-04-10T22:23:38Z
170,1077,search,2026-04-10T22:25:38Z
170,460,add_to_cart,2026-04-10T22:35:38Z
170,673,view,2026-04-10T23:13:38Z
170,1240,remove_cart,2026-04-10T23:22:38Z
170,448,checkout,2026-04-11T00:09:38Z
170,511,search,2026-04-11T00:16:38Z
170,17,add_to_cart,2026-04-11T00:23:38Z
170,126,checkout,2026-04-11T00:32:38Z
170,981,add_to_cart,2026-04-11T00:40:38Z
170,670,view,2026-04-11T01:11:38Z
170,1063,search,2026-04-11T02:09:38Z
170,588,wishlist,2026-04-11T02:22:38Z
170,690,remove_cart,2026-04-11T02:46:38Z
170,1200,checkout,2026-04-11T03:38:38Z
170,258,add_to_cart,2026-04-11T04:33:38Z
170,21,view,2026-04-11T04:49:38Z
170,570,view,2026-04-11T05:09:38Z
170,624,remove_cart,2026-04-11T06:04:38Z
170,132,remove_cart,2026-04-11T07:04:38Z
170,1252,add_to_cart,2026-04-11T07:51:38Z
170,112,purchase,2026-04-11T08:28:38Z
170,729,view,2026-04-11T08:38:38Z
170,236,click,2026-04-11T08:47:38Z
170,946,purchase,2026-04-11T09:34:38Z
170,806,wishlist,2026-04-11T10:29:38Z
170,1448,wishlist,2026-04-11T11:03:38Z
170,678,remove_cart,2026-04-11T11:16:38Z
171,1138,view,2026-03-07T16:23:38Z
171,162,click,2026-03-07T16:51:38Z
171,1175,add_to_cart,2026-03-07T17:51:38Z
171,448,remove_cart,2026-03-07T18:31:38Z
171,535,view,2026-03-07T18:36:38Z
171,612,wishlist,2026-03-07T19:12:38Z
171,1425,purchase,2026-03-07T19:29:38Z
171,795,wishlist,2026-03-07T19:55:38Z
171,149,purchase,2026-03-07T20:01:38Z
171,1111,purchase,2026-03-07T21:01:38Z
171,420,wishlist,2026-03-07T21:05:38Z
171,376,search,2026-03-07T22:02:38Z
171,835,purchase,2026-03-07T22:56:38Z
171,1374,add_to_cart,2026-03-07T23:56:38Z
171,510,add_to_cart,2026-03-07T23:59:38Z
171,937,purchase,2026-03-08T00:19:38Z
171,543,search,2026-03-08T00:31:38Z
171,1344,remove_cart,2026-03-08T00:45:38Z
171,617,click,2026-03-08T00:47:38Z
171,924,purchase,2026-03-08T01:30:38Z
171,1420,remove_cart,2026-03-08T02:03:38Z
171,1107,remove_cart,2026-03-08T02:54:38Z
171,1131,view,2026-03-08T02:57:38Z
171,1450,wishlist,2026-03-08T03:43:38Z
171,575,add_to_cart,2026-03-08T04:20:38Z
171,1194,remove_cart,2026-03-08T05:09:38Z
171,1340,view,2026-03-08T05:19:38Z
171,1358,click,2026-03-08T06:01:38Z
171,586,checkout,2026-03-08T06:30:38Z
171,540,click,2026-03-08T07:00:38Z
171,619,purchase,2026-03-08T07:03:38Z
171,653,purchase,2026-03-08T07:57:38Z
171,468,view,2026-03-08T08:07:38Z
171,335,wishlist,2026-03-08T08:11:38Z
171,1146,add_to_cart,2026-03-08T09:04:38Z
171,801,search,2026-03-08T09:32:38Z
171,919,wishlist,2026-03-08T09:44:38Z
171,327,wishlist,2026-03-08T10:31:38Z
171,274,purchase,2026-03-08T10:44:38Z
171,479,add_to_cart,2026-03-08T11:24:38Z
171,34,view,2026-03-08T11:33:38Z
171,822,add_to_cart,2026-03-08T11:55:38Z
171,419,click,2026-03-08T12:09:38Z
171,45,view,2026-03-08T12:24:38Z
171,520,purchase,2026-03-08T12:37:38Z
171,904,remove_cart,2026-03-08T13:07:38Z
171,1418,click,2026-03-08T13:54:38Z
171,877,click,2026-03-08T14:37:38Z
171,22,checkout,2026-03-08T15:01:38Z
171,875,checkout,2026-03-08T15:56:38Z
171,980,add_to_cart,2026-03-08T16:46:38Z
171,646,wishlist,2026-03-08T17:35:38Z
171,117,purchase,2026-03-08T18:33:38Z
171,1315,add_to_cart,2026-03-08T18:51:38Z
171,115,wishlist,2026-03-08T19:05:38Z
171,355,click,2026-03-08T20:03:38Z
171,1192,purchase,2026-03-08T20:51:38Z
172,482,view,2026-03-17T16:33:38Z
172,444,click,2026-03-17T16:35:38Z
172,1468,add_to_cart,2026-03-17T16:53:38Z
172,270,remove_cart,2026-03-17T17:52:38Z
172,261,view,2026-03-17T17:55:38Z
172,140,search,2026-03-17T18:25:38Z
172,931,view,2026-03-17T18:31:38Z
172,1356,add_to_cart,2026-03-17T18:42:38Z
172,107,add_to_cart,2026-03-17T19:01:38Z
172,900,wishlist,2026-03-17T19:05:38Z
172,531,remove_cart,2026-03-17T20:04:38Z
172,209,checkout,2026-03-17T20:51:38Z
172,1303,checkout,2026-03-17T21:33:38Z
172,534,checkout,2026-03-17T21:54:38Z
172,1275,remove_cart,2026-03-17T22:01:38Z
172,541,add_to_cart,2026-03-17T23:01:38Z
172,737,view,2026-03-17T23:26:38Z
172,903,purchase,2026-03-18T00:01:38Z
172,1388,add_to_cart,2026-03-18T00:52:38Z
172,304,checkout,2026-03-18T01:33:38Z
172,132,wishlist,2026-03-18T02:06:38Z
172,649,add_to_cart,2026-03-18T02:16:38Z
172,1198,view,2026-03-18T03:08:38Z
172,808,wishlist,2026-03-18T03:33:38Z
172,522,search,2026-03-18T04:19:38Z
172,995,add_to_cart,2026-03-18T04:35:38Z
172,385,purchase,2026-03-18T05:16:38Z
172,157,checkout,2026-03-18T05:53:38Z
172,267,add_to_cart,2026-03-18T06:00:38Z
172,97,click,2026-03-18T06:06:38Z
172,938,click,2026-03-18T06:40:38Z
172,1428,view,2026-03-18T06:56:38Z
172,1133,wishlist,2026-03-18T07:41:38Z
172,1258,remove_cart,2026-03-18T08:33:38Z
172,152,view,2026-03-18T09:16:38Z
172,102,checkout,2026-03-18T10:11:38Z
172,1421,checkout,2026-03-18T10:30:38Z
172,1289,view,2026-03-18T11:22:38Z
172,310,purchase,2026-03-18T12:01:38Z
172,1204,wishlist,2026-03-18T12:08:38Z
172,727,search,2026-03-18T12:53:38Z
172,652,add_to_cart,2026-03-18T13:32:38Z
172,209,click,2026-03-18T14:04:38Z
172,292,add_to_cart,2026-03-18T14:16:38Z
172,522,checkout,2026-03-18T14:41:38Z
172,1142,purchase,2026-03-18T14:56:38Z
172,335,checkout,2026-03-18T15:08:38Z
172,593,view,2026-03-18T15:32:38Z
172,232,add_to_cart,2026-03-18T15:42:38Z
172,772,remove_cart,2026-03-18T15:54:38Z
172,534,wishlist,2026-03-18T16:38:38Z
172,394,remove_cart,2026-03-18T17:33:38Z
172,4,purchase,2026-03-18T18:21:38Z
172,594,purchase,2026-03-18T18:34:38Z
172,907,search,2026-03-18T18:54:38Z
173,1063,view,2026-04-17T16:55:38Z
173,1042,wishlist,2026-04-17T17:27:38Z
173,1189,view,2026-04-17T18:06:38Z
173,678,click,2026-04-17T19:06:38Z
173,555,add_to_cart,2026-04-17T19:07:38Z
173,341,checkout,2026-04-17T19:09:38Z
173,767,view,2026-04-17T20:05:38Z
173,1040,remove_cart,2026-04-17T20:55:38Z
173,1254,wishlist,2026-04-17T21:00:38Z
173,1397,wishlist,2026-04-17T21:13:38Z
173,528,checkout,2026-04-17T21:45:38Z
173,875,add_to_cart,2026-04-17T22:11:38Z
173,1225,purchase,2026-04-17T22:22:38Z
173,478,wishlist,2026-04-17T22:49:38Z
173,927,search,2026-04-17T23:01:38Z
173,654,checkout,2026-04-17T23:32:38Z
173,735,add_to_cart,2026-04-17T23:43:38Z
173,857,add_to_cart,2026-04-17T23:45:38Z
173,818,click,2026-04-18T00:42:38Z
173,172,wishlist,2026-04-18T01:17:38Z
173,1239,add_to_cart,2026-04-18T02:09:38Z
173,1340,add_to_cart,2026-04-18T02:11:38Z
173,1486,wishlist,2026-04-18T02:48:38Z
173,1214,add_to_cart,2026-04-18T02:58:38Z
173,147,search,2026-04-18T03:06:38Z
173,841,wishlist,2026-04-18T04:06:38Z
173,311,purchase,2026-04-18T04:09:38Z
173,1362,wishlist,2026-04-18T04:30:38Z
173,893,remove_cart,2026-04-18T04:45:38Z
173,1369,purchase,2026-04-18T05:15:38Z
173,837,add_to_cart,2026-04-18T05:57:38Z
173,1275,add_to_cart,2026-04-18T06:50:38Z
173,369,search,2026-04-18T07:33:38Z
173,773,view,2026-04-18T08:01:38Z
173,1359,click,2026-04-18T08:23:38Z
173,1054,search,2026-04-18T09:03:38Z
173,1370,view,2026-04-18T09:45:38Z
173,399,wishlist,2026-04-18T09:52:38Z
173,220,purchase,2026-04-18T10:39:38Z
173,1103,purchase,2026-04-18T11:21:38Z
173,559,view,2026-04-18T11:24:38Z
173,322,purchase,2026-04-18T12:10:38Z
173,1316,click,2026-04-18T13:03:38Z
173,311,click,2026-04-18T13:15:38Z
173,355,click,2026-04-18T14:09:38Z
173,607,click,2026-04-18T14:33:38Z
173,763,click,2026-04-18T15:19:38Z
173,892,add_to_cart,2026-04-18T16:15:38Z
173,1023,remove_cart,2026-04-18T16:50:38Z
173,18,remove_cart,2026-04-18T17:10:38Z
173,1194,click,2026-04-18T17:59:38Z
173,670,click,2026-04-18T18:33:38Z
173,1101,search,2026-04-18T19:09:38Z
173,634,view,2026-04-18T19:34:38Z
173,274,search,2026-04-18T20:23:38Z
173,796,view,2026-04-18T20:26:38Z
173,1030,add_to_cart,2026-04-18T21:03:38Z
173,1308,checkout,2026-04-18T21:32:38Z
173,643,checkout,2026-04-18T21:48:38Z
173,795,wishlist,2026-04-18T22:38:38Z
173,818,remove_cart,2026-04-18T22:57:38Z
173,244,search,2026-04-18T23:47:38Z
173,265,remove_cart,2026-04-19T00:34:38Z
173,1349,purchase,2026-04-19T00:53:38Z
173,1251,add_to_cart,2026-04-19T01:01:38Z
173,894,add_to_cart,2026-04-19T01:47:38Z
173,154,add_to_cart,2026-04-19T01:59:38Z
173,36,purchase,2026-04-19T02:11:38Z
173,131,search,2026-04-19T02:56:38Z
173,335,view,2026-04-19T03:15:38Z
173,445,search,2026-04-19T03:50:38Z
173,995,click,2026-04-19T04:09:38Z
173,965,click,2026-04-19T04:15:38Z
173,833,checkout,2026-04-19T04:25:38Z
173,1415,search,2026-04-19T05:02:38Z
173,330,click,2026-04-19T05:44:38Z
174,1126,search,2026-01-20T16:30:38Z
174,117,view,2026-01-20T16:32:38Z
174,885,click,2026-01-20T16:47:38Z
174,43,remove_cart,2026-01-20T17:14:38Z
174,5,add_to_cart,2026-01-20T18:00:38Z
174,713,view,2026-01-20T18:01:38Z
174,331,purchase,2026-01-20T18:49:38Z
174,1115,wishlist,2026-01-20T19:02:38Z
174,198,remove_cart,2026-01-20T19:15:38Z
174,1294,view,2026-01-20T19:36:38Z
174,368,view,2026-01-20T19:57:38Z
174,1085,search,2026-01-20T20:13:38Z
174,1454,purchase,2026-01-20T20:49:38Z
174,728,view,2026-01-20T21:49:38Z
174,856,add_to_cart,2026-01-20T22:49:38Z
174,1157,add_to_cart,2026-01-20T23:32:38Z
174,924,view,2026-01-20T23:36:38Z
174,1429,remove_cart,2026-01-21T00:11:38Z
174,937,remove_cart,2026-01-21T00:22:38Z
174,500,remove_cart,2026-01-21T01:22:38Z
174,1139,purchase,2026-01-21T01:34:38Z
174,1028,purchase,2026-01-21T02:31:38Z
174,418,remove_cart,2026-01-21T03:15:38Z
174,991,purchase,2026-01-21T04:08:38Z
174,171,remove_cart,2026-01-21T05:06:38Z
174,234,wishlist,2026-01-21T05:47:38Z
174,815,remove_cart,2026-01-21T05:59:38Z
174,508,checkout,2026-01-21T06:06:38Z
174,625,remove_cart,2026-01-21T06:42:38Z
174,153,click,2026-01-21T06:43:38Z
174,1360,purchase,2026-01-21T06:53:38Z
174,463,add_to_cart,2026-01-21T07:06:38Z
174,1379,add_to_cart,2026-01-21T07:13:38Z
174,383,purchase,2026-01-21T07:36:38Z
174,1229,checkout,2026-01-21T08:24:38Z
174,977,click,2026-01-21T08:58:38Z
174,1435,wishlist,2026-01-21T09:44:38Z
174,988,view,2026-01-21T10:10:38Z
174,195,checkout,2026-01-21T10:35:38Z
174,1289,view,2026-01-21T11:03:38Z
174,1192,wishlist,2026-01-21T11:56:38Z
174,1301,add_to_cart,2026-01-21T11:57:38Z
174,1340,click,2026-01-21T12:52:38Z
174,154,search,2026-01-21T13:08:38Z
174,1243,add_to_cart,2026-01-21T13:38:38Z
174,240,checkout,2026-01-21T14:05:38Z
174,1031,checkout,2026-01-21T15:04:38Z
174,1216,click,2026-01-21T15:27:38Z
174,1093,remove_cart,2026-01-21T16:05:38Z
174,1419,purchase,2026-01-21T16:40:38Z
174,1354,search,2026-01-21T17:03:38Z
174,1384,checkout,2026-01-21T17:15:38Z
175,755,view,2026-03-31T16:47:38Z
175,818,click,2026-03-31T17:32:38Z
175,788,add_to_cart,2026-03-31T18:07:38Z
175,350,remove_cart,2026-03-31T18:56:38Z
175,725,view,2026-03-31T19:36:38Z
175,663,click,2026-03-31T19:45:38Z
175,631,checkout,2026-03-31T19:59:38Z
175,668,add_to_cart,2026-03-31T20:21:38Z
175,559,purchase,2026-03-31T21:00:38Z
175,1304,remove_cart,2026-03-31T21:41:38Z
175,911,view,2026-03-31T22:30:38Z
175,280,search,2026-03-31T23:27:38Z
175,550,view,2026-03-31T23:56:38Z
175,1265,checkout,2026-04-01T00:06:38Z
175,1209,remove_cart,2026-04-01T00:34:38Z
175,897,search,2026-04-01T00:39:38Z
175,45,remove_cart,2026-04-01T01:11:38Z
175,1220,view,2026-04-01T01:47:38Z
175,1405,checkout,2026-04-01T02:07:38Z
175,1146,checkout,2026-04-01T02:24:38Z
175,1266,wishlist,2026-04-01T03:08:38Z
176,565,view,2026-02-05T16:48:38Z
176,1043,wishlist,2026-02-05T16:53:38Z
176,1246,view,2026-02-05T17:06:38Z
176,1033,click,2026-02-05T17:58:38Z
176,620,add_to_cart,2026-02-05T18:53:38Z
176,947,click,2026-02-05T19:20:38Z
176,939,purchase,2026-02-05T19:39:38Z
176,817,wishlist,2026-02-05T19:53:38Z
176,600,click,2026-02-05T20:18:38Z
176,594,view,2026-02-05T20:35:38Z
176,1239,wishlist,2026-02-05T20:36:38Z
176,1311,add_to_cart,2026-02-05T21:19:38Z
176,21,remove_cart,2026-02-05T22:16:38Z
176,243,wishlist,2026-02-05T22:27:38Z
176,817,view,2026-02-05T22:38:38Z
176,81,add_to_cart,2026-02-05T23:08:38Z
176,594,remove_cart,2026-02-05T23:34:38Z
176,1115,view,2026-02-05T23:36:38Z
176,1095,add_to_cart,2026-02-05T23:54:38Z
176,1066,search,2026-02-06T00:17:38Z
176,454,click,2026-02-06T01:07:38Z
176,1106,view,2026-02-06T01:43:38Z
176,1364,purchase,2026-02-06T02:39:38Z
176,989,view,2026-02-06T03:01:38Z
176,1108,search,2026-02-06T03:44:38Z
176,1219,purchase,2026-02-06T04:24:38Z
176,218,checkout,2026-02-06T04:41:38Z
176,485,wishlist,2026-02-06T05:08:38Z
176,916,view,2026-02-06T05:18:38Z
176,27,wishlist,2026-02-06T06:17:38Z
176,436,view,2026-02-06T06:18:38Z
176,707,view,2026-02-06T07:02:38Z
176,1391,remove_cart,2026-02-06T07:51:38Z
176,1213,remove_cart,2026-02-06T07:58:38Z
176,417,wishlist,2026-02-06T08:40:38Z
176,733,view,2026-02-06T09:39:38Z
176,199,remove_cart,2026-02-06T09:58:38Z
176,1158,search,2026-02-06T10:48:38Z
176,898,purchase,2026-02-06T11:41:38Z
176,920,search,2026-02-06T12:09:38Z
176,983,view,2026-02-06T12:42:38Z
176,243,view,2026-02-06T13:24:38Z
176,849,checkout,2026-02-06T13:35:38Z
176,232,view,2026-02-06T13:37:38Z
176,763,purchase,2026-02-06T14:05:38Z
176,473,click,2026-02-06T14:09:38Z
176,606,search,2026-02-06T15:08:38Z
176,270,search,2026-02-06T15:25:38Z
176,992,view,2026-02-06T15:51:38Z
176,703,search,2026-02-06T16:34:38Z
176,821,remove_cart,2026-02-06T17:10:38Z
176,617,wishlist,2026-02-06T17:21:38Z
176,291,view,2026-02-06T17:46:38Z
176,663,add_to_cart,2026-02-06T17:54:38Z
176,1224,wishlist,2026-02-06T18:34:38Z
176,979,remove_cart,2026-02-06T19:30:38Z
176,872,add_to_cart,2026-02-06T19:51:38Z
176,371,add_to_cart,2026-02-06T20:03:38Z
176,17,click,2026-02-06T20:42:38Z
176,442,wishlist,2026-02-06T20:58:38Z
176,61,search,2026-02-06T21:27:38Z
176,630,search,2026-02-06T21:59:38Z
176,797,checkout,2026-02-06T22:57:38Z
176,591,search,2026-02-06T23:32:38Z
176,1224,wishlist,2026-02-06T23:56:38Z
176,896,purchase,2026-02-07T00:35:38Z
176,198,wishlist,2026-02-07T00:46:38Z
176,462,purchase,2026-02-07T01:21:38Z
176,1002,wishlist,2026-02-07T01:22:38Z
176,589,click,2026-02-07T01:31:38Z
176,713,wishlist,2026-02-07T02:18:38Z
176,341,purchase,2026-02-07T02:25:38Z
176,511,view,2026-02-07T02:26:38Z
176,1349,remove_cart,2026-02-07T02:35:38Z
177,1469,view,2026-04-08T17:22:38Z
177,968,click,2026-04-08T18:12:38Z
177,1311,add_to_cart,2026-04-08T18:28:38Z
177,1298,checkout,2026-04-08T18:38:38Z
177,1014,purchase,2026-04-08T19:08:38Z
177,555,add_to_cart,2026-04-08T19:36:38Z
177,710,purchase,2026-04-08T20:16:38Z
177,1383,wishlist,2026-04-08T21:02:38Z
177,666,wishlist,2026-04-08T21:38:38Z
177,1197,add_to_cart,2026-04-08T21:50:38Z
177,1396,search,2026-04-08T22:01:38Z
177,1460,wishlist,2026-04-08T22:10:38Z
177,832,wishlist,2026-04-08T22:17:38Z
177,672,click,2026-04-08T22:50:38Z
177,1260,checkout,2026-04-08T23:14:38Z
177,137,click,2026-04-08T23:43:38Z
177,107,view,2026-04-09T00:05:38Z
177,632,view,2026-04-09T00:29:38Z
177,918,click,2026-04-09T00:46:38Z
177,552,checkout,2026-04-09T01:06:38Z
177,750,checkout,2026-04-09T01:21:38Z
177,290,purchase,2026-04-09T01:44:38Z
177,1084,search,2026-04-09T02:13:38Z
177,945,search,2026-04-09T02:21:38Z
177,1190,click,2026-04-09T02:44:38Z
177,1170,search,2026-04-09T03:29:38Z
177,533,checkout,2026-04-09T03:42:38Z
177,1236,search,2026-04-09T04:37:38Z
177,683,purchase,2026-04-09T04:40:38Z
177,1046,purchase,2026-04-09T05:12:38Z
177,400,view,2026-04-09T05:27:38Z
178,171,search,2026-02-11T16:49:38Z
178,141,view,2026-02-11T17:45:38Z
178,412,click,2026-02-11T18:30:38Z
178,1320,purchase,2026-02-11T19:23:38Z
178,77,add_to_cart,2026-02-11T19:51:38Z
178,1096,checkout,2026-02-11T20:24:38Z
178,1141,add_to_cart,2026-02-11T21:16:38Z
178,357,click,2026-02-11T21:39:38Z
178,974,checkout,2026-02-11T22:14:38Z
178,585,purchase,2026-02-11T22:15:38Z
178,648,remove_cart,2026-02-11T22:27:38Z
178,372,click,2026-02-11T22:48:38Z
178,1417,click,2026-02-11T23:17:38Z
178,670,search,2026-02-11T23:44:38Z
178,671,purchase,2026-02-12T00:44:38Z
178,1049,purchase,2026-02-12T01:15:38Z
178,1049,view,2026-02-12T01:22:38Z
178,871,click,2026-02-12T01:45:38Z
178,600,checkout,2026-02-12T01:58:38Z
178,782,search,2026-02-12T02:54:38Z
178,982,checkout,2026-02-12T03:00:38Z
178,776,checkout,2026-02-12T03:48:38Z
178,815,add_to_cart,2026-02-12T04:26:38Z
178,460,click,2026-02-12T04:46:38Z
178,812,purchase,2026-02-12T05:39:38Z
178,1239,add_to_cart,2026-02-12T06:17:38Z
178,771,search,2026-02-12T07:14:38Z
179,700,view,2026-02-23T17:20:38Z
179,1249,wishlist,2026-02-23T17:24:38Z
179,1178,view,2026-02-23T18:02:38Z
179,60,click,2026-02-23T18:40:38Z
179,76,add_to_cart,2026-02-23T19:25:38Z
179,1091,click,2026-02-23T19:29:38Z
179,467,wishlist,2026-02-23T20:00:38Z
179,480,view,2026-02-23T20:35:38Z
179,195,wishlist,2026-02-23T20:46:38Z
179,1218,click,2026-02-23T21:21:38Z
179,1070,remove_cart,2026-02-23T22:04:38Z
179,589,search,2026-02-23T23:02:38Z
179,604,add_to_cart,2026-02-23T23:44:38Z
179,1054,remove_cart,2026-02-24T00:02:38Z
179,1373,search,2026-02-24T00:42:38Z
179,760,checkout,2026-02-24T01:20:38Z
179,1150,checkout,2026-02-24T01:31:38Z
179,1005,wishlist,2026-02-24T02:24:38Z
179,1455,wishlist,2026-02-24T03:05:38Z
179,1065,wishlist,2026-02-24T03:54:38Z
179,228,add_to_cart,2026-02-24T04:28:38Z
179,294,view,2026-02-24T04:40:38Z
179,1196,click,2026-02-24T05:09:38Z
179,1104,checkout,2026-02-24T05:56:38Z
179,282,click,2026-02-24T06:49:38Z
179,1107,search,2026-02-24T07:23:38Z
179,1247,purchase,2026-02-24T08:04:38Z
179,168,checkout,2026-02-24T09:02:38Z
179,673,checkout,2026-02-24T09:03:38Z
179,538,search,2026-02-24T10:02:38Z
179,203,wishlist,2026-02-24T10:54:38Z
179,423,search,2026-02-24T11:45:38Z
179,328,remove_cart,2026-02-24T12:17:38Z
179,215,remove_cart,2026-02-24T12:51:38Z
179,1488,click,2026-02-24T13:03:38Z
179,61,purchase,2026-02-24T13:44:38Z
179,1030,purchase,2026-02-24T14:18:38Z
179,890,wishlist,2026-02-24T15:07:38Z
179,168,click,2026-02-24T15:57:38Z
179,1007,purchase,2026-02-24T16:37:38Z
179,690,click,2026-02-24T16:55:38Z
179,47,view,2026-02-24T17:52:38Z
179,216,add_to_cart,2026-02-24T18:46:38Z
179,1182,checkout,2026-02-24T19:16:38Z
179,647,view,2026-02-24T19:40:38Z
179,871,add_to_cart,2026-02-24T20:16:38Z
179,426,remove_cart,2026-02-24T20:54:38Z
179,766,purchase,2026-02-24T21:47:38Z
179,1346,click,2026-02-24T22:28:38Z
179,1034,wishlist,2026-02-24T23:16:38Z
179,1479,view,2026-02-25T00:05:38Z
179,25,checkout,2026-02-25T00:53:38Z
179,260,wishlist,2026-02-25T01:06:38Z
179,249,remove_cart,2026-02-25T01:08:38Z
179,494,click,2026-02-25T01:45:38Z
179,510,click,2026-02-25T01:46:38Z
179,1175,add_to_cart,2026-02-25T02:41:38Z
179,276,checkout,2026-02-25T03:01:38Z
179,249,wishlist,2026-02-25T03:24:38Z
179,874,purchase,2026-02-25T04:11:38Z
180,1088,view,2026-02-05T17:07:38Z
180,1096,click,2026-02-05T17:28:38Z
180,207,add_to_cart,2026-02-05T18:20:38Z
180,1029,checkout,2026-02-05T19:15:38Z
180,252,purchase,2026-02-05T20:01:38Z
180,672,view,2026-02-05T20:20:38Z
180,278,view,2026-02-05T21:17:38Z
180,1464,search,2026-02-05T21:31:38Z
180,821,checkout,2026-02-05T21:45:38Z
180,703,click,2026-02-05T22:43:38Z
180,777,checkout,2026-02-05T22:57:38Z
180,901,remove_cart,2026-02-05T23:06:38Z
180,1414,click,2026-02-05T23:20:38Z
180,1476,wishlist,2026-02-05T23:53:38Z
180,503,remove_cart,2026-02-06T00:30:38Z
180,496,purchase,2026-02-06T00:53:38Z
180,15,view,2026-02-06T01:39:38Z
180,659,wishlist,2026-02-06T02:14:38Z
180,752,remove_cart,2026-02-06T02:20:38Z
180,1364,search,2026-02-06T02:49:38Z
180,1333,purchase,2026-02-06T02:55:38Z
180,791,wishlist,2026-02-06T03:51:38Z
181,999,search,2026-03-02T17:00:38Z
181,381,view,2026-03-02T17:37:38Z
181,711,click,2026-03-02T18:00:38Z
181,778,click,2026-03-02T18:07:38Z
181,805,search,2026-03-02T18:23:38Z
181,275,view,2026-03-02T19:06:38Z
181,996,purchase,2026-03-02T19:37:38Z
181,58,add_to_cart,2026-03-02T20:07:38Z
181,1218,add_to_cart,2026-03-02T20:42:38Z
181,1332,remove_cart,2026-03-02T21:32:38Z
181,10,remove_cart,2026-03-02T21:59:38Z
181,511,wishlist,2026-03-02T22:58:38Z
181,1068,search,2026-03-02T23:10:38Z
181,523,click,2026-03-02T23:35:38Z
181,1444,search,2026-03-02T23:40:38Z
181,72,remove_cart,2026-03-02T23:45:38Z
181,1427,click,2026-03-03T00:25:38Z
181,1300,checkout,2026-03-03T00:46:38Z
181,1097,purchase,2026-03-03T01:08:38Z
181,544,search,2026-03-03T01:35:38Z
181,255,view,2026-03-03T01:59:38Z
181,1371,view,2026-03-03T02:12:38Z
181,1005,view,2026-03-03T02:21:38Z
181,541,purchase,2026-03-03T02:22:38Z
181,860,add_to_cart,2026-03-03T02:54:38Z
181,276,purchase,2026-03-03T03:22:38Z
181,1298,click,2026-03-03T03:39:38Z
181,555,search,2026-03-03T04:23:38Z
181,1084,checkout,2026-03-03T04:31:38Z
181,650,purchase,2026-03-03T05:09:38Z
181,45,purchase,2026-03-03T06:09:38Z
181,92,remove_cart,2026-03-03T06:46:38Z
181,824,remove_cart,2026-03-03T07:18:38Z
181,1351,search,2026-03-03T08:03:38Z
181,356,view,2026-03-03T08:40:38Z
181,1099,add_to_cart,2026-03-03T09:13:38Z
181,1043,search,2026-03-03T09:53:38Z
181,553,checkout,2026-03-03T10:42:38Z
181,719,wishlist,2026-03-03T11:31:38Z
181,1448,click,2026-03-03T12:26:38Z
181,674,purchase,2026-03-03T13:20:38Z
181,1006,checkout,2026-03-03T13:29:38Z
181,545,click,2026-03-03T13:59:38Z
181,1315,purchase,2026-03-03T14:01:38Z
181,1133,remove_cart,2026-03-03T14:53:38Z
181,217,click,2026-03-03T15:44:38Z
181,555,remove_cart,2026-03-03T16:38:38Z
181,625,view,2026-03-03T16:51:38Z
181,1032,purchase,2026-03-03T17:29:38Z
181,1011,click,2026-03-03T18:02:38Z
181,963,purchase,2026-03-03T18:38:38Z
181,736,checkout,2026-03-03T19:20:38Z
181,480,purchase,2026-03-03T20:07:38Z
181,582,purchase,2026-03-03T20:33:38Z
181,29,checkout,2026-03-03T21:02:38Z
181,477,search,2026-03-03T21:09:38Z
181,26,view,2026-03-03T21:48:38Z
181,396,click,2026-03-03T22:11:38Z
181,382,remove_cart,2026-03-03T22:13:38Z
181,273,add_to_cart,2026-03-03T22:39:38Z
181,342,wishlist,2026-03-03T22:56:38Z
181,537,view,2026-03-03T23:56:38Z
181,349,click,2026-03-04T00:38:38Z
181,175,purchase,2026-03-04T01:36:38Z
181,1337,view,2026-03-04T02:23:38Z
181,946,wishlist,2026-03-04T02:52:38Z
181,550,add_to_cart,2026-03-04T02:53:38Z
181,41,search,2026-03-04T02:58:38Z
181,1414,view,2026-03-04T03:44:38Z
181,1212,checkout,2026-03-04T04:29:38Z
181,1158,search,2026-03-04T04:36:38Z
181,555,purchase,2026-03-04T04:47:38Z
182,1273,view,2026-03-20T16:26:38Z
182,1464,click,2026-03-20T16:57:38Z
182,634,add_to_cart,2026-03-20T17:37:38Z
182,1300,checkout,2026-03-20T17:44:38Z
182,296,purchase,2026-03-20T18:44:38Z
182,568,add_to_cart,2026-03-20T19:33:38Z
182,1203,checkout,2026-03-20T19:35:38Z
182,799,checkout,2026-03-20T19:45:38Z
182,1177,search,2026-03-20T20:41:38Z
182,376,remove_cart,2026-03-20T20:55:38Z
182,161,add_to_cart,2026-03-20T21:19:38Z
182,612,checkout,2026-03-20T22:13:38Z
182,594,add_to_cart,2026-03-20T22:25:38Z
182,1422,view,2026-03-20T22:42:38Z
182,859,purchase,2026-03-20T22:54:38Z
182,1093,click,2026-03-20T23:01:38Z
182,395,view,2026-03-20T23:04:38Z
182,1077,search,2026-03-20T23:29:38Z
182,1409,remove_cart,2026-03-20T23:36:38Z
182,103,remove_cart,2026-03-20T23:50:38Z
182,306,checkout,2026-03-20T23:51:38Z
182,1423,remove_cart,2026-03-21T00:20:38Z
182,311,add_to_cart,2026-03-21T00:24:38Z
182,1218,view,2026-03-21T00:27:38Z
182,485,wishlist,2026-03-21T01:17:38Z
182,849,remove_cart,2026-03-21T02:15:38Z
182,1170,add_to_cart,2026-03-21T02:20:38Z
182,839,wishlist,2026-03-21T02:33:38Z
182,695,view,2026-03-21T02:34:38Z
182,1239,checkout,2026-03-21T03:05:38Z
182,123,wishlist,2026-03-21T03:07:38Z
182,499,click,2026-03-21T03:39:38Z
182,1154,add_to_cart,2026-03-21T04:01:38Z
182,945,view,2026-03-21T04:03:38Z
182,946,purchase,2026-03-21T04:43:38Z
182,71,click,2026-03-21T04:56:38Z
182,329,checkout,2026-03-21T05:07:38Z
182,419,click,2026-03-21T05:14:38Z
182,85,remove_cart,2026-03-21T05:51:38Z
182,155,checkout,2026-03-21T06:48:38Z
182,292,remove_cart,2026-03-21T07:20:38Z
182,52,add_to_cart,2026-03-21T07:28:38Z
182,1454,search,2026-03-21T07:49:38Z
183,230,view,2026-03-15T17:13:38Z
183,228,click,2026-03-15T17:45:38Z
183,343,add_to_cart,2026-03-15T18:22:38Z
183,141,remove_cart,2026-03-15T18:58:38Z
183,13,view,2026-03-15T19:29:38Z
183,628,checkout,2026-03-15T19:46:38Z
183,111,purchase,2026-03-15T20:13:38Z
183,462,add_to_cart,2026-03-15T21:06:38Z
183,270,search,2026-03-15T21:25:38Z
183,296,add_to_cart,2026-03-15T21:49:38Z
183,814,click,2026-03-15T22:31:38Z
183,702,view,2026-03-15T22:41:38Z
183,1204,add_to_cart,2026-03-15T22:55:38Z
183,169,search,2026-03-15T23:44:38Z
183,1361,add_to_cart,2026-03-16T00:31:38Z
183,557,view,2026-03-16T01:09:38Z
183,914,search,2026-03-16T01:57:38Z
183,370,checkout,2026-03-16T02:54:38Z
183,47,remove_cart,2026-03-16T03:34:38Z
183,375,purchase,2026-03-16T04:18:38Z
183,1282,remove_cart,2026-03-16T05:00:38Z
183,194,wishlist,2026-03-16T05:21:38Z
183,268,purchase,2026-03-16T06:21:38Z
183,162,checkout,2026-03-16T06:48:38Z
183,615,checkout,2026-03-16T07:27:38Z
183,275,view,2026-03-16T08:11:38Z
183,1418,search,2026-03-16T08:34:38Z
183,1107,wishlist,2026-03-16T09:12:38Z
183,783,wishlist,2026-03-16T09:20:38Z
183,217,view,2026-03-16T09:29:38Z
183,1367,click,2026-03-16T10:06:38Z
183,1100,click,2026-03-16T10:27:38Z
183,881,click,2026-03-16T10:38:38Z
183,1440,remove_cart,2026-03-16T11:27:38Z
183,1243,search,2026-03-16T12:14:38Z
183,981,remove_cart,2026-03-16T12:31:38Z
183,1053,remove_cart,2026-03-16T13:22:38Z
183,439,remove_cart,2026-03-16T13:31:38Z
183,121,checkout,2026-03-16T13:56:38Z
183,1077,view,2026-03-16T14:29:38Z
183,935,search,2026-03-16T14:49:38Z
183,1047,search,2026-03-16T14:51:38Z
183,1347,purchase,2026-03-16T15:20:38Z
183,225,click,2026-03-16T15:57:38Z
183,598,view,2026-03-16T16:29:38Z
183,896,add_to_cart,2026-03-16T16:35:38Z
183,104,search,2026-03-16T16:38:38Z
183,1488,remove_cart,2026-03-16T17:15:38Z
183,1246,purchase,2026-03-16T17:41:38Z
183,405,add_to_cart,2026-03-16T18:35:38Z
183,571,wishlist,2026-03-16T18:50:38Z
183,896,search,2026-03-16T19:23:38Z
183,81,search,2026-03-16T19:52:38Z
183,459,add_to_cart,2026-03-16T20:00:38Z
183,562,remove_cart,2026-03-16T20:21:38Z
183,304,remove_cart,2026-03-16T20:33:38Z
183,136,view,2026-03-16T20:44:38Z
183,1489,add_to_cart,2026-03-16T20:57:38Z
183,304,checkout,2026-03-16T21:41:38Z
183,674,view,2026-03-16T22:04:38Z
183,427,view,2026-03-16T23:01:38Z
183,125,purchase,2026-03-16T23:02:38Z
183,1124,view,2026-03-16T23:04:38Z
183,598,remove_cart,2026-03-16T23:20:38Z
183,491,remove_cart,2026-03-16T23:50:38Z
183,10,click,2026-03-17T00:30:38Z
183,1068,view,2026-03-17T01:04:38Z
183,517,click,2026-03-17T01:12:38Z
183,6,click,2026-03-17T01:38:38Z
184,1163,view,2026-02-04T16:47:38Z
184,1286,click,2026-02-04T17:36:38Z
184,482,add_to_cart,2026-02-04T17:46:38Z
184,1404,checkout,2026-02-04T17:55:38Z
184,413,purchase,2026-02-04T18:27:38Z
184,1192,checkout,2026-02-04T19:15:38Z
184,1468,checkout,2026-02-04T20:03:38Z
184,19,view,2026-02-04T20:28:38Z
184,1113,wishlist,2026-02-04T20:48:38Z
184,1122,click,2026-02-04T21:43:38Z
184,529,remove_cart,2026-02-04T22:14:38Z
184,84,remove_cart,2026-02-04T22:30:38Z
184,1223,view,2026-02-04T22:32:38Z
184,449,search,2026-02-04T23:16:38Z
184,244,purchase,2026-02-04T23:44:38Z
184,501,click,2026-02-05T00:31:38Z
184,197,checkout,2026-02-05T00:37:38Z
184,190,click,2026-02-05T00:58:38Z
184,531,wishlist,2026-02-05T01:43:38Z
184,290,wishlist,2026-02-05T02:16:38Z
184,38,search,2026-02-05T02:26:38Z
185,1362,view,2026-01-28T17:14:38Z
185,141,wishlist,2026-01-28T17:15:38Z
185,417,view,2026-01-28T17:39:38Z
185,490,click,2026-01-28T18:00:38Z
185,846,add_to_cart,2026-01-28T18:18:38Z
185,915,remove_cart,2026-01-28T18:20:38Z
185,1178,wishlist,2026-01-28T18:45:38Z
185,1192,search,2026-01-28T19:04:38Z
185,829,search,2026-01-28T20:00:38Z
185,304,remove_cart,2026-01-28T20:29:38Z
185,120,view,2026-01-28T20:36:38Z
185,1319,add_to_cart,2026-01-28T20:54:38Z
185,286,view,2026-01-28T21:46:38Z
185,1039,click,2026-01-28T22:31:38Z
185,283,add_to_cart,2026-01-28T23:30:38Z
185,915,purchase,2026-01-29T00:03:38Z
185,306,search,2026-01-29T00:04:38Z
185,69,remove_cart,2026-01-29T00:14:38Z
185,144,wishlist,2026-01-29T00:47:38Z
185,1411,checkout,2026-01-29T01:04:38Z
185,279,wishlist,2026-01-29T02:02:38Z
185,735,checkout,2026-01-29T02:17:38Z
185,639,purchase,2026-01-29T02:44:38Z
185,456,add_to_cart,2026-01-29T03:44:38Z
185,36,wishlist,2026-01-29T04:14:38Z
185,179,view,2026-01-29T04:33:38Z
185,194,add_to_cart,2026-01-29T05:13:38Z
185,1437,add_to_cart,2026-01-29T05:49:38Z
185,1125,wishlist,2026-01-29T05:56:38Z
185,858,click,2026-01-29T06:40:38Z
185,362,click,2026-01-29T07:21:38Z
185,1157,wishlist,2026-01-29T07:44:38Z
186,65,view,2026-03-14T16:30:38Z
186,952,click,2026-03-14T16:34:38Z
186,355,add_to_cart,2026-03-14T17:13:38Z
186,114,remove_cart,2026-03-14T17:28:38Z
186,874,view,2026-03-14T17:45:38Z
186,111,remove_cart,2026-03-14T17:47:38Z
186,1151,click,2026-03-14T17:56:38Z
186,294,purchase,2026-03-14T18:30:38Z
186,61,checkout,2026-03-14T18:36:38Z
186,360,click,2026-03-14T19:23:38Z
186,261,purchase,2026-03-14T20:21:38Z
186,719,remove_cart,2026-03-14T20:26:38Z
186,61,click,2026-03-14T20:35:38Z
186,1465,search,2026-03-14T21:10:38Z
186,1020,wishlist,2026-03-14T21:11:38Z
186,666,remove_cart,2026-03-14T21:39:38Z
186,1497,purchase,2026-03-14T22:32:38Z
186,782,search,2026-03-14T22:52:38Z
186,626,view,2026-03-14T23:49:38Z
186,296,add_to_cart,2026-03-15T00:47:38Z
186,449,checkout,2026-03-15T01:14:38Z
187,52,view,2026-01-28T16:47:38Z
187,1274,wishlist,2026-01-28T16:54:38Z
187,682,view,2026-01-28T17:00:38Z
187,15,click,2026-01-28T17:16:38Z
187,1023,add_to_cart,2026-01-28T17:40:38Z
187,634,purchase,2026-01-28T18:27:38Z
187,305,checkout,2026-01-28T19:22:38Z
187,717,search,2026-01-28T19:38:38Z
187,1006,remove_cart,2026-01-28T19:44:38Z
187,347,remove_cart,2026-01-28T20:19:38Z
187,208,add_to_cart,2026-01-28T20:40:38Z
187,940,add_to_cart,2026-01-28T21:33:38Z
187,928,add_to_cart,2026-01-28T21:59:38Z
187,803,view,2026-01-28T22:32:38Z
187,794,remove_cart,2026-01-28T23:18:38Z
187,1432,wishlist,2026-01-29T00:18:38Z
187,267,remove_cart,2026-01-29T00:28:38Z
187,1273,search,2026-01-29T00:33:38Z
187,838,checkout,2026-01-29T01:30:38Z
187,553,checkout,2026-01-29T02:03:38Z
187,957,search,2026-01-29T02:34:38Z
187,327,click,2026-01-29T03:17:38Z
187,426,view,2026-01-29T03:58:38Z
187,75,wishlist,2026-01-29T03:59:38Z
187,223,remove_cart,2026-01-29T04:59:38Z
187,1159,search,2026-01-29T05:32:38Z
187,299,checkout,2026-01-29T05:52:38Z
187,642,add_to_cart,2026-01-29T06:08:38Z
187,430,search,2026-01-29T07:00:38Z
187,630,search,2026-01-29T07:04:38Z
187,775,remove_cart,2026-01-29T08:01:38Z
187,309,add_to_cart,2026-01-29T08:09:38Z
187,1305,click,2026-01-29T08:31:38Z
187,518,remove_cart,2026-01-29T09:25:38Z
187,731,wishlist,2026-01-29T09:36:38Z
187,353,search,2026-01-29T10:13:38Z
187,1352,view,2026-01-29T10:39:38Z
187,580,search,2026-01-29T11:31:38Z
187,254,click,2026-01-29T12:21:38Z
187,1455,click,2026-01-29T13:04:38Z
187,401,checkout,2026-01-29T13:54:38Z
187,301,click,2026-01-29T14:28:38Z
187,6,checkout,2026-01-29T14:44:38Z
187,629,remove_cart,2026-01-29T14:59:38Z
187,1387,purchase,2026-01-29T15:21:38Z
187,1030,search,2026-01-29T15:54:38Z
187,133,add_to_cart,2026-01-29T16:41:38Z
187,860,search,2026-01-29T17:19:38Z
187,830,view,2026-01-29T17:45:38Z
187,38,search,2026-01-29T18:41:38Z
187,202,wishlist,2026-01-29T19:36:38Z
187,373,click,2026-01-29T19:39:38Z
187,760,click,2026-01-29T19:50:38Z
187,1345,search,2026-01-29T20:03:38Z
187,1488,search,2026-01-29T20:09:38Z
187,61,add_to_cart,2026-01-29T20:25:38Z
187,823,click,2026-01-29T21:11:38Z
187,1252,view,2026-01-29T21:31:38Z
187,491,remove_cart,2026-01-29T21:32:38Z
187,206,checkout,2026-01-29T21:42:38Z
187,120,remove_cart,2026-01-29T21:46:38Z
187,128,purchase,2026-01-29T21:57:38Z
187,1218,purchase,2026-01-29T22:04:38Z
187,1213,checkout,2026-01-29T22:40:38Z
187,184,view,2026-01-29T22:46:38Z
187,28,search,2026-01-29T22:49:38Z
187,973,purchase,2026-01-29T23:09:38Z
187,220,click,2026-01-29T23:25:38Z
187,203,checkout,2026-01-30T00:13:38Z
187,1336,checkout,2026-01-30T01:02:38Z
187,215,remove_cart,2026-01-30T01:05:38Z
187,319,remove_cart,2026-01-30T02:02:38Z
187,1465,wishlist,2026-01-30T02:46:38Z
187,1040,view,2026-01-30T03:33:38Z
188,1303,view,2026-04-07T17:17:38Z
188,1073,wishlist,2026-04-07T17:47:38Z
188,747,view,2026-04-07T18:09:38Z
188,20,click,2026-04-07T19:08:38Z
188,247,add_to_cart,2026-04-07T19:49:38Z
188,897,click,2026-04-07T20:03:38Z
188,692,wishlist,2026-04-07T20:18:38Z
188,245,add_to_cart,2026-04-07T21:04:38Z
188,341,view,2026-04-07T21:35:38Z
188,8,checkout,2026-04-07T22:09:38Z
188,959,checkout,2026-04-07T22:18:38Z
188,465,view,2026-04-07T23:04:38Z
188,851,checkout,2026-04-07T23:12:38Z
188,57,click,2026-04-07T23:40:38Z
188,1261,click,2026-04-08T00:30:38Z
188,317,checkout,2026-04-08T01:24:38Z
188,416,add_to_cart,2026-04-08T02:22:38Z
188,986,remove_cart,2026-04-08T02:39:38Z
188,248,checkout,2026-04-08T03:29:38Z
188,694,purchase,2026-04-08T04:01:38Z
188,917,purchase,2026-04-08T04:04:38Z
188,218,remove_cart,2026-04-08T04:40:38Z
188,588,view,2026-04-08T04:52:38Z
188,1481,view,2026-04-08T05:36:38Z
188,721,wishlist,2026-04-08T06:27:38Z
188,1026,checkout,2026-04-08T07:23:38Z
188,348,view,2026-04-08T07:24:38Z
188,601,search,2026-04-08T08:07:38Z
188,277,purchase,2026-04-08T08:59:38Z
188,810,purchase,2026-04-08T09:56:38Z
188,249,add_to_cart,2026-04-08T10:07:38Z
188,78,remove_cart,2026-04-08T10:45:38Z
188,1370,remove_cart,2026-04-08T11:24:38Z
188,722,remove_cart,2026-04-08T12:00:38Z
188,816,checkout,2026-04-08T12:17:38Z
188,797,checkout,2026-04-08T12:19:38Z
189,895,view,2026-02-22T16:27:38Z
189,1414,wishlist,2026-02-22T17:07:38Z
189,504,view,2026-02-22T17:15:38Z
189,747,click,2026-02-22T17:52:38Z
189,291,add_to_cart,2026-02-22T18:37:38Z
189,113,click,2026-02-22T18:58:38Z
189,833,click,2026-02-22T19:52:38Z
189,298,search,2026-02-22T20:45:38Z
189,10,remove_cart,2026-02-22T20:50:38Z
189,20,checkout,2026-02-22T21:50:38Z
189,746,purchase,2026-02-22T22:03:38Z
189,1329,view,2026-02-22T22:56:38Z
189,321,search,2026-02-22T23:54:38Z
189,434,search,2026-02-23T00:49:38Z
189,1103,click,2026-02-23T01:29:38Z
189,281,purchase,2026-02-23T02:06:38Z
189,600,search,2026-02-23T02:41:38Z
189,49,click,2026-02-23T02:56:38Z
189,220,view,2026-02-23T03:16:38Z
189,153,remove_cart,2026-02-23T03:55:38Z
189,469,view,2026-02-23T04:16:38Z
189,207,view,2026-02-23T04:26:38Z
189,146,wishlist,2026-02-23T05:25:38Z
189,1474,remove_cart,2026-02-23T05:56:38Z
189,1463,wishlist,2026-02-23T06:45:38Z
189,596,remove_cart,2026-02-23T07:30:38Z
189,502,remove_cart,2026-02-23T08:16:38Z
189,1259,purchase,2026-02-23T08:59:38Z
189,635,wishlist,2026-02-23T09:14:38Z
189,7,click,2026-02-23T09:20:38Z
189,243,wishlist,2026-02-23T09:22:38Z
189,1022,search,2026-02-23T10:21:38Z
189,319,remove_cart,2026-02-23T10:38:38Z
189,1199,checkout,2026-02-23T11:11:38Z
189,251,remove_cart,2026-02-23T12:06:38Z
189,506,wishlist,2026-02-23T12:37:38Z
189,228,wishlist,2026-02-23T12:58:38Z
189,157,add_to_cart,2026-02-23T13:33:38Z
189,1010,checkout,2026-02-23T14:32:38Z
189,202,wishlist,2026-02-23T15:24:38Z
189,1213,add_to_cart,2026-02-23T15:39:38Z
189,1153,wishlist,2026-02-23T16:28:38Z
189,202,checkout,2026-02-23T17:01:38Z
189,532,wishlist,2026-02-23T17:25:38Z
189,1310,add_to_cart,2026-02-23T17:50:38Z
189,1376,view,2026-02-23T18:39:38Z
189,466,checkout,2026-02-23T18:50:38Z
189,315,remove_cart,2026-02-23T18:52:38Z
189,600,search,2026-02-23T19:43:38Z
189,758,remove_cart,2026-02-23T20:32:38Z
189,948,search,2026-02-23T21:00:38Z
189,76,checkout,2026-02-23T21:10:38Z
189,905,wishlist,2026-02-23T21:15:38Z
189,944,click,2026-02-23T21:17:38Z
189,1025,purchase,2026-02-23T21:21:38Z
189,741,checkout,2026-02-23T21:29:38Z
189,540,remove_cart,2026-02-23T22:21:38Z
189,1314,checkout,2026-02-23T22:56:38Z
189,1362,purchase,2026-02-23T23:27:38Z
189,201,view,2026-02-23T23:41:38Z
189,629,checkout,2026-02-24T00:02:38Z
189,33,purchase,2026-02-24T00:36:38Z
189,906,add_to_cart,2026-02-24T01:33:38Z
189,150,search,2026-02-24T02:26:38Z
189,665,search,2026-02-24T02:59:38Z
189,371,checkout,2026-02-24T03:42:38Z
189,332,remove_cart,2026-02-24T03:46:38Z
189,532,add_to_cart,2026-02-24T04:08:38Z
189,1082,remove_cart,2026-02-24T04:52:38Z
189,924,remove_cart,2026-02-24T05:02:38Z
189,1058,add_to_cart,2026-02-24T05:38:38Z
190,854,view,2026-03-12T16:51:38Z
190,514,click,2026-03-12T17:19:38Z
190,22,add_to_cart,2026-03-12T17:28:38Z
190,1337,checkout,2026-03-12T17:57:38Z
190,773,purchase,2026-03-12T18:55:38Z
190,980,purchase,2026-03-12T19:05:38Z
190,1447,click,2026-03-12T20:01:38Z
190,427,purchase,2026-03-12T20:23:38Z
190,856,remove_cart,2026-03-12T20:54:38Z
190,1237,add_to_cart,2026-03-12T21:17:38Z
190,1084,add_to_cart,2026-03-12T21:31:38Z
190,1033,remove_cart,2026-03-12T22:18:38Z
190,107,checkout,2026-03-12T22:57:38Z
190,1376,remove_cart,2026-03-12T23:55:38Z
190,540,view,2026-03-13T00:47:38Z
190,1392,remove_cart,2026-03-13T01:25:38Z
190,118,purchase,2026-03-13T01:37:38Z
190,759,wishlist,2026-03-13T02:27:38Z
190,13,purchase,2026-03-13T02:44:38Z
190,53,wishlist,2026-03-13T03:35:38Z
190,410,add_to_cart,2026-03-13T04:06:38Z
190,172,remove_cart,2026-03-13T04:54:38Z
190,921,wishlist,2026-03-13T05:33:38Z
190,19,remove_cart,2026-03-13T05:50:38Z
190,1397,wishlist,2026-03-13T06:03:38Z
190,923,wishlist,2026-03-13T06:30:38Z
190,971,view,2026-03-13T07:18:38Z
190,1456,checkout,2026-03-13T07:50:38Z
190,522,wishlist,2026-03-13T08:13:38Z
190,158,add_to_cart,2026-03-13T08:41:38Z
190,1080,view,2026-03-13T08:57:38Z
190,371,search,2026-03-13T09:07:38Z
190,825,checkout,2026-03-13T09:21:38Z
190,1493,add_to_cart,2026-03-13T09:51:38Z
190,123,purchase,2026-03-13T10:03:38Z
190,1318,add_to_cart,2026-03-13T10:15:38Z
190,212,add_to_cart,2026-03-13T10:46:38Z
190,154,click,2026-03-13T11:35:38Z
190,760,checkout,2026-03-13T12:29:38Z
190,1243,checkout,2026-03-13T12:57:38Z
190,219,click,2026-03-13T13:29:38Z
190,118,remove_cart,2026-03-13T13:40:38Z
190,1264,search,2026-03-13T13:51:38Z
190,592,wishlist,2026-03-13T13:59:38Z
190,1132,search,2026-03-13T14:53:38Z
190,1134,remove_cart,2026-03-13T15:30:38Z
190,768,purchase,2026-03-13T15:33:38Z
190,871,add_to_cart,2026-03-13T15:40:38Z
190,1198,view,2026-03-13T15:54:38Z
190,61,add_to_cart,2026-03-13T16:06:38Z
190,847,add_to_cart,2026-03-13T16:54:38Z
190,546,view,2026-03-13T17:01:38Z
190,815,add_to_cart,2026-03-13T17:45:38Z
190,159,search,2026-03-13T18:17:38Z
190,1119,view,2026-03-13T18:45:38Z
190,147,view,2026-03-13T19:41:38Z
190,40,checkout,2026-03-13T20:11:38Z
190,165,purchase,2026-03-13T21:03:38Z
190,398,remove_cart,2026-03-13T22:03:38Z
190,81,checkout,2026-03-13T23:00:38Z
190,23,wishlist,2026-03-13T23:44:38Z
190,1195,view,2026-03-14T00:03:38Z
190,379,purchase,2026-03-14T00:17:38Z
190,940,remove_cart,2026-03-14T01:11:38Z
190,573,add_to_cart,2026-03-14T01:28:38Z
190,459,remove_cart,2026-03-14T02:05:38Z
190,903,click,2026-03-14T03:01:38Z
190,571,add_to_cart,2026-03-14T03:38:38Z
190,495,checkout,2026-03-14T04:06:38Z
190,456,view,2026-03-14T04:41:38Z
190,815,view,2026-03-14T05:29:38Z
190,125,wishlist,2026-03-14T05:46:38Z
190,717,add_to_cart,2026-03-14T06:43:38Z
191,1432,view,2026-01-31T16:29:38Z
191,449,wishlist,2026-01-31T17:08:38Z
191,1239,view,2026-01-31T17:56:38Z
191,261,click,2026-01-31T18:11:38Z
191,1436,add_to_cart,2026-01-31T18:41:38Z
191,1011,add_to_cart,2026-01-31T19:30:38Z
191,179,add_to_cart,2026-01-31T20:05:38Z
191,1173,add_to_cart,2026-01-31T21:03:38Z
191,794,click,2026-01-31T21:56:38Z
191,1336,purchase,2026-01-31T22:19:38Z
191,1154,view,2026-01-31T22:39:38Z
191,257,remove_cart,2026-01-31T22:43:38Z
191,860,remove_cart,2026-01-31T23:29:38Z
191,1323,checkout,2026-01-31T23:55:38Z
191,352,wishlist,2026-02-01T00:48:38Z
191,341,checkout,2026-02-01T01:44:38Z
191,421,search,2026-02-01T02:07:38Z
191,1277,checkout,2026-02-01T02:24:38Z
191,928,wishlist,2026-02-01T02:26:38Z
191,1119,view,2026-02-01T02:59:38Z
191,6,remove_cart,2026-02-01T03:19:38Z
191,1015,remove_cart,2026-02-01T04:07:38Z
191,846,wishlist,2026-02-01T04:56:38Z
191,92,view,2026-02-01T05:07:38Z
191,1465,view,2026-02-01T05:50:38Z
191,352,click,2026-02-01T06:27:38Z
191,382,view,2026-02-01T06:38:38Z
191,761,click,2026-02-01T07:36:38Z
191,488,search,2026-02-01T08:33:38Z
191,531,view,2026-02-01T08:51:38Z
191,462,view,2026-02-01T09:29:38Z
191,322,add_to_cart,2026-02-01T10:27:38Z
191,507,wishlist,2026-02-01T10:40:38Z
191,14,purchase,2026-02-01T10:52:38Z
191,733,add_to_cart,2026-02-01T11:08:38Z
191,316,click,2026-02-01T11:11:38Z
191,1336,wishlist,2026-02-01T12:09:38Z
191,122,wishlist,2026-02-01T12:32:38Z
191,1494,click,2026-02-01T13:12:38Z
191,581,purchase,2026-02-01T13:34:38Z
191,1471,wishlist,2026-02-01T14:25:38Z
191,830,view,2026-02-01T14:40:38Z
191,427,search,2026-02-01T15:25:38Z
191,503,purchase,2026-02-01T16:14:38Z
191,333,purchase,2026-02-01T17:11:38Z
191,505,search,2026-02-01T18:06:38Z
191,335,remove_cart,2026-02-01T19:05:38Z
191,15,remove_cart,2026-02-01T19:14:38Z
191,1156,view,2026-02-01T19:37:38Z
191,259,purchase,2026-02-01T19:45:38Z
191,554,search,2026-02-01T20:34:38Z
191,1188,click,2026-02-01T20:45:38Z
191,683,view,2026-02-01T21:14:38Z
191,1253,remove_cart,2026-02-01T21:35:38Z
191,242,add_to_cart,2026-02-01T21:39:38Z
191,1017,add_to_cart,2026-02-01T21:55:38Z
191,155,remove_cart,2026-02-01T22:08:38Z
191,633,checkout,2026-02-01T22:38:38Z
191,328,wishlist,2026-02-01T22:56:38Z
192,1220,view,2026-04-18T16:34:38Z
192,550,click,2026-04-18T17:24:38Z
192,191,add_to_cart,2026-04-18T18:06:38Z
192,417,remove_cart,2026-04-18T18:43:38Z
192,918,view,2026-04-18T19:41:38Z
192,201,wishlist,2026-04-18T20:21:38Z
192,811,add_to_cart,2026-04-18T20:33:38Z
192,1440,checkout,2026-04-18T20:38:38Z
192,987,purchase,2026-04-18T20:45:38Z
192,1480,wishlist,2026-04-18T21:00:38Z
192,868,remove_cart,2026-04-18T21:09:38Z
192,653,search,2026-04-18T21:40:38Z
192,1042,add_to_cart,2026-04-18T22:23:38Z
192,785,remove_cart,2026-04-18T22:40:38Z
192,291,click,2026-04-18T23:38:38Z
192,1272,view,2026-04-19T00:35:38Z
192,919,remove_cart,2026-04-19T00:43:38Z
192,10,purchase,2026-04-19T00:45:38Z
192,1092,add_to_cart,2026-04-19T01:28:38Z
192,282,search,2026-04-19T01:49:38Z
192,392,search,2026-04-19T01:53:38Z
192,217,add_to_cart,2026-04-19T02:39:38Z
192,1416,click,2026-04-19T03:02:38Z
192,680,purchase,2026-04-19T03:58:38Z
193,555,view,2026-04-18T16:29:38Z
193,1475,wishlist,2026-04-18T16:43:38Z
193,286,view,2026-04-18T17:33:38Z
193,1192,click,2026-04-18T17:40:38Z
193,216,add_to_cart,2026-04-18T18:21:38Z
193,1365,search,2026-04-18T18:37:38Z
193,905,view,2026-04-18T19:11:38Z
193,1211,checkout,2026-04-18T20:10:38Z
193,287,checkout,2026-04-18T20:51:38Z
193,1240,search,2026-04-18T21:21:38Z
193,1419,add_to_cart,2026-04-18T21:45:38Z
193,269,search,2026-04-18T22:41:38Z
193,1028,add_to_cart,2026-04-18T22:47:38Z
193,521,purchase,2026-04-18T23:33:38Z
193,1106,wishlist,2026-04-19T00:18:38Z
193,370,click,2026-04-19T00:56:38Z
193,1112,view,2026-04-19T01:16:38Z
193,85,checkout,2026-04-19T01:48:38Z
193,1299,remove_cart,2026-04-19T02:20:38Z
193,1177,remove_cart,2026-04-19T03:14:38Z
193,481,purchase,2026-04-19T03:28:38Z
193,1208,add_to_cart,2026-04-19T04:06:38Z
193,196,remove_cart,2026-04-19T04:29:38Z
193,1265,wishlist,2026-04-19T05:25:38Z
193,697,view,2026-04-19T05:36:38Z
193,1112,checkout,2026-04-19T06:22:38Z
193,564,search,2026-04-19T06:50:38Z
193,1065,view,2026-04-19T07:47:38Z
193,1032,wishlist,2026-04-19T08:28:38Z
193,1080,wishlist,2026-04-19T09:16:38Z
193,1109,purchase,2026-04-19T10:10:38Z
193,657,add_to_cart,2026-04-19T11:00:38Z
193,979,remove_cart,2026-04-19T11:46:38Z
193,353,add_to_cart,2026-04-19T12:12:38Z
193,1041,view,2026-04-19T13:00:38Z
193,988,search,2026-04-19T13:26:38Z
193,1198,add_to_cart,2026-04-19T14:09:38Z
193,625,add_to_cart,2026-04-19T14:33:38Z
193,1306,purchase,2026-04-19T15:29:38Z
193,765,wishlist,2026-04-19T16:17:38Z
193,1200,click,2026-04-19T17:08:38Z
193,1138,remove_cart,2026-04-19T17:19:38Z
194,718,search,2026-03-28T17:18:38Z
194,218,view,2026-03-28T17:19:38Z
194,376,click,2026-03-28T17:54:38Z
194,1360,wishlist,2026-03-28T18:41:38Z
194,615,remove_cart,2026-03-28T18:52:38Z
194,1132,checkout,2026-03-28T19:04:38Z
194,1207,remove_cart,2026-03-28T19:17:38Z
194,370,search,2026-03-28T20:14:38Z
194,348,view,2026-03-28T20:20:38Z
194,561,add_to_cart,2026-03-28T20:36:38Z
194,1167,click,2026-03-28T20:55:38Z
194,24,add_to_cart,2026-03-28T21:34:38Z
194,1439,view,2026-03-28T22:13:38Z
194,349,remove_cart,2026-03-28T22:39:38Z
194,276,checkout,2026-03-28T22:42:38Z
194,1,remove_cart,2026-03-28T23:08:38Z
194,702,search,2026-03-29T00:07:38Z
194,740,view,2026-03-29T00:45:38Z
194,380,remove_cart,2026-03-29T00:58:38Z
194,584,click,2026-03-29T01:29:38Z
194,1469,view,2026-03-29T01:31:38Z
194,154,purchase,2026-03-29T02:11:38Z
194,173,view,2026-03-29T02:59:38Z
194,760,purchase,2026-03-29T03:15:38Z
194,1269,purchase,2026-03-29T03:50:38Z
194,329,add_to_cart,2026-03-29T03:59:38Z
194,950,search,2026-03-29T04:53:38Z
194,1213,click,2026-03-29T04:59:38Z
194,12,purchase,2026-03-29T05:24:38Z
194,44,view,2026-03-29T05:51:38Z
195,996,search,2026-02-11T16:52:38Z
195,77,view,2026-02-11T17:35:38Z
195,820,click,2026-02-11T17:56:38Z
195,228,search,2026-02-11T18:22:38Z
195,113,remove_cart,2026-02-11T19:16:38Z
195,266,checkout,2026-02-11T19:44:38Z
195,448,remove_cart,2026-02-11T20:03:38Z
195,31,wishlist,2026-02-11T20:04:38Z
195,949,wishlist,2026-02-11T20:19:38Z
195,556,add_to_cart,2026-02-11T20:32:38Z
195,911,remove_cart,2026-02-11T20:38:38Z
195,301,remove_cart,2026-02-11T21:21:38Z
195,228,purchase,2026-02-11T22:05:38Z
195,406,purchase,2026-02-11T23:01:38Z
195,26,remove_cart,2026-02-11T23:09:38Z
195,1460,search,2026-02-11T23:28:38Z
195,614,click,2026-02-11T23:56:38Z
195,1466,add_to_cart,2026-02-12T00:09:38Z
195,715,click,2026-02-12T00:34:38Z
195,590,search,2026-02-12T01:32:38Z
195,403,click,2026-02-12T02:31:38Z
195,951,checkout,2026-02-12T02:43:38Z
195,796,checkout,2026-02-12T03:26:38Z
195,861,wishlist,2026-02-12T03:57:38Z
195,1419,view,2026-02-12T04:25:38Z
195,515,purchase,2026-02-12T05:16:38Z
195,1278,search,2026-02-12T05:28:38Z
195,569,view,2026-02-12T06:21:38Z
195,143,remove_cart,2026-02-12T07:13:38Z
195,697,checkout,2026-02-12T07:34:38Z
195,1128,click,2026-02-12T08:07:38Z
195,178,checkout,2026-02-12T08:09:38Z
195,1261,checkout,2026-02-12T08:49:38Z
195,614,purchase,2026-02-12T09:01:38Z
195,346,add_to_cart,2026-02-12T09:04:38Z
195,449,search,2026-02-12T09:40:38Z
195,547,checkout,2026-02-12T10:00:38Z
195,1017,search,2026-02-12T10:05:38Z
195,551,add_to_cart,2026-02-12T10:20:38Z
195,687,wishlist,2026-02-12T10:48:38Z
195,797,purchase,2026-02-12T11:21:38Z
195,1168,search,2026-02-12T11:50:38Z
195,736,view,2026-02-12T12:01:38Z
195,1098,search,2026-02-12T12:51:38Z
195,462,wishlist,2026-02-12T13:39:38Z
195,281,remove_cart,2026-02-12T14:33:38Z
195,1163,remove_cart,2026-02-12T15:09:38Z
195,1410,view,2026-02-12T15:27:38Z
195,406,checkout,2026-02-12T15:39:38Z
195,1447,remove_cart,2026-02-12T16:26:38Z
195,1338,search,2026-02-12T16:31:38Z
195,1220,view,2026-02-12T16:32:38Z
195,1026,wishlist,2026-02-12T16:47:38Z
195,641,wishlist,2026-02-12T17:28:38Z
195,549,checkout,2026-02-12T18:16:38Z
195,801,add_to_cart,2026-02-12T18:22:38Z
195,658,search,2026-02-12T18:38:38Z
195,67,view,2026-02-12T19:32:38Z
195,1093,purchase,2026-02-12T20:03:38Z
195,1377,click,2026-02-12T20:20:38Z
195,625,remove_cart,2026-02-12T20:24:38Z
195,1327,checkout,2026-02-12T21:19:38Z
195,193,remove_cart,2026-02-12T22:07:38Z
195,934,search,2026-02-12T22:22:38Z
195,435,search,2026-02-12T22:40:38Z
195,812,checkout,2026-02-12T22:44:38Z
195,1111,remove_cart,2026-02-12T22:50:38Z
195,1335,checkout,2026-02-12T23:44:38Z
195,852,wishlist,2026-02-13T00:41:38Z
195,849,search,2026-02-13T01:39:38Z
195,1392,checkout,2026-02-13T01:48:38Z
195,479,remove_cart,2026-02-13T02:37:38Z
195,138,remove_cart,2026-02-13T03:13:38Z
195,609,wishlist,2026-02-13T03:56:38Z
195,764,click,2026-02-13T04:30:38Z
195,306,view,2026-02-13T04:34:38Z
195,1425,checkout,2026-02-13T05:05:38Z
195,226,add_to_cart,2026-02-13T05:42:38Z
195,1059,view,2026-02-13T06:32:38Z
196,931,view,2026-03-08T17:07:38Z
196,1152,click,2026-03-08T17:49:38Z
196,42,add_to_cart,2026-03-08T18:14:38Z
196,484,checkout,2026-03-08T18:33:38Z
196,844,purchase,2026-03-08T18:57:38Z
196,692,remove_cart,2026-03-08T19:00:38Z
196,1446,view,2026-03-08T19:15:38Z
196,547,purchase,2026-03-08T19:44:38Z
196,1043,remove_cart,2026-03-08T20:22:38Z
196,56,purchase,2026-03-08T20:36:38Z
196,1321,remove_cart,2026-03-08T21:07:38Z
196,433,checkout,2026-03-08T21:50:38Z
196,829,view,2026-03-08T22:43:38Z
196,247,checkout,2026-03-08T23:28:38Z
196,376,add_to_cart,2026-03-08T23:40:38Z
196,974,remove_cart,2026-03-09T00:07:38Z
196,167,search,2026-03-09T00:57:38Z
196,1049,view,2026-03-09T01:47:38Z
196,1326,checkout,2026-03-09T02:20:38Z
196,447,remove_cart,2026-03-09T02:42:38Z
196,1225,wishlist,2026-03-09T03:26:38Z
196,965,view,2026-03-09T03:51:38Z
196,850,purchase,2026-03-09T04:28:38Z
196,1393,purchase,2026-03-09T04:48:38Z
196,1055,add_to_cart,2026-03-09T05:33:38Z
196,50,checkout,2026-03-09T05:59:38Z
196,1306,wishlist,2026-03-09T06:51:38Z
196,45,wishlist,2026-03-09T07:46:38Z
196,283,search,2026-03-09T08:23:38Z
196,242,add_to_cart,2026-03-09T09:17:38Z
196,538,checkout,2026-03-09T09:21:38Z
196,1434,remove_cart,2026-03-09T10:10:38Z
196,823,click,2026-03-09T10:45:38Z
196,834,checkout,2026-03-09T10:47:38Z
196,383,remove_cart,2026-03-09T11:01:38Z
196,143,view,2026-03-09T11:50:38Z
196,334,remove_cart,2026-03-09T12:39:38Z
196,393,view,2026-03-09T13:10:38Z
196,1043,add_to_cart,2026-03-09T14:00:38Z
197,1161,view,2026-01-31T17:06:38Z
197,1099,click,2026-01-31T17:59:38Z
197,328,add_to_cart,2026-01-31T18:59:38Z
197,246,checkout,2026-01-31T19:31:38Z
197,316,purchase,2026-01-31T20:07:38Z
197,662,remove_cart,2026-01-31T20:52:38Z
197,478,purchase,2026-01-31T21:42:38Z
197,938,checkout,2026-01-31T21:48:38Z
197,867,view,2026-01-31T22:23:38Z
197,538,search,2026-01-31T23:03:38Z
197,1203,add_to_cart,2026-01-31T23:29:38Z
197,62,search,2026-01-31T23:40:38Z
197,1425,purchase,2026-02-01T00:26:38Z
197,179,purchase,2026-02-01T01:23:38Z
197,620,purchase,2026-02-01T01:44:38Z
197,579,view,2026-02-01T01:52:38Z
197,1159,wishlist,2026-02-01T02:42:38Z
197,55,remove_cart,2026-02-01T03:11:38Z
197,368,remove_cart,2026-02-01T03:50:38Z
197,697,click,2026-02-01T04:30:38Z
197,5,checkout,2026-02-01T04:43:38Z
197,1244,wishlist,2026-02-01T05:00:38Z
197,476,add_to_cart,2026-02-01T05:18:38Z
197,503,search,2026-02-01T06:01:38Z
197,301,view,2026-02-01T06:46:38Z
197,1485,click,2026-02-01T07:16:38Z
197,966,click,2026-02-01T07:43:38Z
197,1299,view,2026-02-01T08:08:38Z
197,556,remove_cart,2026-02-01T08:50:38Z
197,234,purchase,2026-02-01T09:34:38Z
197,1322,wishlist,2026-02-01T10:31:38Z
197,778,view,2026-02-01T10:38:38Z
197,1190,search,2026-02-01T11:35:38Z
197,1340,add_to_cart,2026-02-01T12:33:38Z
197,4,click,2026-02-01T12:55:38Z
197,95,purchase,2026-02-01T13:24:38Z
197,112,click,2026-02-01T13:55:38Z
197,1292,add_to_cart,2026-02-01T14:22:38Z
197,914,search,2026-02-01T14:25:38Z
197,64,view,2026-02-01T14:39:38Z
197,1312,view,2026-02-01T15:13:38Z
197,327,click,2026-02-01T15:43:38Z
197,1083,remove_cart,2026-02-01T15:53:38Z
197,850,add_to_cart,2026-02-01T16:32:38Z
197,607,add_to_cart,2026-02-01T17:14:38Z
197,1079,search,2026-02-01T18:08:38Z
197,62,wishlist,2026-02-01T18:57:38Z
197,302,view,2026-02-01T19:27:38Z
197,377,wishlist,2026-02-01T20:04:38Z
197,565,checkout,2026-02-01T20:45:38Z
197,859,click,2026-02-01T20:50:38Z
197,1214,view,2026-02-01T21:18:38Z
197,1229,click,2026-02-01T22:05:38Z
197,226,remove_cart,2026-02-01T23:00:38Z
197,968,add_to_cart,2026-02-01T23:52:38Z
197,272,remove_cart,2026-02-02T00:18:38Z
197,68,view,2026-02-02T00:54:38Z
197,35,add_to_cart,2026-02-02T01:48:38Z
197,246,purchase,2026-02-02T02:28:38Z
197,1302,checkout,2026-02-02T02:32:38Z
197,863,add_to_cart,2026-02-02T03:32:38Z
197,542,purchase,2026-02-02T04:16:38Z
197,448,search,2026-02-02T04:34:38Z
197,1219,wishlist,2026-02-02T05:26:38Z
197,1334,remove_cart,2026-02-02T06:07:38Z
197,519,add_to_cart,2026-02-02T06:49:38Z
197,1394,wishlist,2026-02-02T07:23:38Z
197,13,checkout,2026-02-02T08:21:38Z
197,23,click,2026-02-02T08:33:38Z
197,1356,search,2026-02-02T09:25:38Z
197,333,add_to_cart,2026-02-02T09:45:38Z
197,836,wishlist,2026-02-02T09:59:38Z
197,185,view,2026-02-02T10:37:38Z
198,746,search,2026-03-31T16:52:38Z
198,19,view,2026-03-31T17:08:38Z
198,1130,click,2026-03-31T17:20:38Z
198,925,search,2026-03-31T17:57:38Z
198,1443,remove_cart,2026-03-31T18:50:38Z
198,1250,view,2026-03-31T19:06:38Z
198,920,remove_cart,2026-03-31T19:48:38Z
198,602,view,2026-03-31T19:57:38Z
198,652,purchase,2026-03-31T20:22:38Z
198,1413,add_to_cart,2026-03-31T21:17:38Z
198,721,search,2026-03-31T21:20:38Z
198,1431,wishlist,2026-03-31T21:35:38Z
198,1027,remove_cart,2026-03-31T21:52:38Z
198,1092,click,2026-03-31T22:37:38Z
198,753,checkout,2026-03-31T23:28:38Z
198,34,search,2026-04-01T00:12:38Z
198,820,purchase,2026-04-01T01:08:38Z
198,1045,search,2026-04-01T02:02:38Z
198,722,add_to_cart,2026-04-01T02:10:38Z
198,510,checkout,2026-04-01T02:42:38Z
198,1459,wishlist,2026-04-01T03:00:38Z
198,312,remove_cart,2026-04-01T03:27:38Z
198,473,purchase,2026-04-01T03:36:38Z
198,781,remove_cart,2026-04-01T03:39:38Z
198,950,remove_cart,2026-04-01T04:31:38Z
198,1199,remove_cart,2026-04-01T04:50:38Z
198,764,click,2026-04-01T04:59:38Z
198,993,search,2026-04-01T05:36:38Z
198,104,add_to_cart,2026-04-01T05:45:38Z
198,1239,search,2026-04-01T05:57:38Z
198,340,remove_cart,2026-04-01T06:09:38Z
198,1270,remove_cart,2026-04-01T06:46:38Z
198,787,add_to_cart,2026-04-01T06:47:38Z
198,149,remove_cart,2026-04-01T07:13:38Z
198,1166,checkout,2026-04-01T08:13:38Z
198,388,remove_cart,2026-04-01T08:25:38Z
198,1250,wishlist,2026-04-01T08:50:38Z
198,1236,add_to_cart,2026-04-01T09:28:38Z
198,657,purchase,2026-04-01T09:42:38Z
198,819,checkout,2026-04-01T10:38:38Z
198,1015,checkout,2026-04-01T11:24:38Z
198,384,checkout,2026-04-01T12:04:38Z
198,889,wishlist,2026-04-01T13:03:38Z
198,249,view,2026-04-01T13:23:38Z
198,1076,purchase,2026-04-01T13:40:38Z
198,1072,add_to_cart,2026-04-01T13:44:38Z
198,1246,search,2026-04-01T14:42:38Z
198,671,purchase,2026-04-01T14:49:38Z
198,1082,purchase,2026-04-01T15:28:38Z
198,1228,purchase,2026-04-01T16:17:38Z
198,259,click,2026-04-01T16:27:38Z
198,61,remove_cart,2026-04-01T16:28:38Z
198,137,view,2026-04-01T17:26:38Z
198,102,search,2026-04-01T17:46:38Z
198,817,checkout,2026-04-01T18:46:38Z
198,1264,add_to_cart,2026-04-01T19:40:38Z
198,625,click,2026-04-01T20:31:38Z
198,70,purchase,2026-04-01T21:26:38Z
198,1156,search,2026-04-01T22:13:38Z
198,616,click,2026-04-01T22:27:38Z
198,419,click,2026-04-01T22:29:38Z
198,312,checkout,2026-04-01T22:50:38Z
198,68,checkout,2026-04-01T22:59:38Z
198,671,remove_cart,2026-04-01T23:41:38Z
198,328,remove_cart,2026-04-02T00:01:38Z
198,24,add_to_cart,2026-04-02T00:20:38Z
198,1453,wishlist,2026-04-02T01:00:38Z
198,1063,add_to_cart,2026-04-02T01:04:38Z
198,690,add_to_cart,2026-04-02T01:19:38Z
198,1168,purchase,2026-04-02T01:21:38Z
198,877,checkout,2026-04-02T01:49:38Z
198,535,click,2026-04-02T02:29:38Z
198,1165,remove_cart,2026-04-02T02:38:38Z
198,758,view,2026-04-02T03:20:38Z
198,270,remove_cart,2026-04-02T03:55:38Z
198,971,view,2026-04-02T04:01:38Z
198,1287,wishlist,2026-04-02T04:17:38Z
198,1261,view,2026-04-02T04:46:38Z
198,206,remove_cart,2026-04-02T05:13:38Z
198,683,remove_cart,2026-04-02T05:50:38Z
199,14,view,2026-03-31T17:17:38Z
199,508,wishlist,2026-03-31T17:37:38Z
199,630,view,2026-03-31T18:28:38Z
199,528,click,2026-03-31T19:00:38Z
199,1456,add_to_cart,2026-03-31T19:08:38Z
199,462,add_to_cart,2026-03-31T19:29:38Z
199,398,click,2026-03-31T20:12:38Z
199,1268,checkout,2026-03-31T20:55:38Z
199,829,wishlist,2026-03-31T21:50:38Z
199,107,click,2026-03-31T21:51:38Z
199,1016,checkout,2026-03-31T22:23:38Z
199,348,purchase,2026-03-31T23:05:38Z
199,717,click,2026-03-31T23:37:38Z
199,859,view,2026-03-31T23:52:38Z
199,1179,click,2026-04-01T00:41:38Z
199,301,add_to_cart,2026-04-01T00:44:38Z
199,1274,wishlist,2026-04-01T01:38:38Z
199,407,click,2026-04-01T02:16:38Z
199,431,checkout,2026-04-01T02:29:38Z
199,389,checkout,2026-04-01T02:32:38Z
199,377,search,2026-04-01T03:19:38Z
199,636,search,2026-04-01T04:14:38Z
199,919,search,2026-04-01T05:09:38Z
199,1248,search,2026-04-01T05:45:38Z
199,555,view,2026-04-01T06:35:38Z
199,53,checkout,2026-04-01T07:03:38Z
199,1095,checkout,2026-04-01T07:51:38Z
199,264,remove_cart,2026-04-01T08:47:38Z
199,135,purchase,2026-04-01T09:08:38Z
199,964,view,2026-04-01T09:53:38Z
199,157,remove_cart,2026-04-01T10:14:38Z
199,966,click,2026-04-01T11:05:38Z
199,1410,view,2026-04-01T12:04:38Z
199,990,wishlist,2026-04-01T12:10:38Z
199,341,purchase,2026-04-01T12:53:38Z
199,549,wishlist,2026-04-01T12:59:38Z
199,395,wishlist,2026-04-01T13:24:38Z
199,1240,search,2026-04-01T13:27:38Z
199,726,click,2026-04-01T14:03:38Z
199,710,view,2026-04-01T14:26:38Z
199,196,click,2026-04-01T15:13:38Z
199,926,wishlist,2026-04-01T16:11:38Z
199,1472,search,2026-04-01T16:29:38Z
199,750,remove_cart,2026-04-01T17:12:38Z
199,1365,purchase,2026-04-01T17:51:38Z
199,816,click,2026-04-01T18:50:38Z
199,1008,view,2026-04-01T19:32:38Z
199,104,checkout,2026-04-01T19:33:38Z
199,1204,search,2026-04-01T19:34:38Z
199,26,purchase,2026-04-01T20:32:38Z
200,639,view,2026-03-11T17:20:38Z
200,1106,wishlist,2026-03-11T17:28:38Z
200,38,view,2026-03-11T17:46:38Z
200,510,click,2026-03-11T18:35:38Z
200,1458,add_to_cart,2026-03-11T19:14:38Z
200,167,add_to_cart,2026-03-11T19:26:38Z
200,429,view,2026-03-11T20:10:38Z
200,329,remove_cart,2026-03-11T20:36:38Z
200,1053,view,2026-03-11T20:52:38Z
200,1115,wishlist,2026-03-11T21:51:38Z
200,571,remove_cart,2026-03-11T22:35:38Z
200,911,view,2026-03-11T23:18:38Z
200,803,view,2026-03-11T23:28:38Z
200,1246,wishlist,2026-03-11T23:39:38Z
200,783,wishlist,2026-03-11T23:45:38Z
200,896,search,2026-03-12T00:30:38Z
200,418,purchase,2026-03-12T01:26:38Z
200,1477,purchase,2026-03-12T01:48:38Z
200,410,remove_cart,2026-03-12T01:57:38Z
200,389,view,2026-03-12T02:57:38Z
200,540,checkout,2026-03-12T03:17:38Z
200,1039,view,2026-03-12T03:50:38Z
200,885,view,2026-03-12T04:39:38Z
200,1036,checkout,2026-03-12T04:42:38Z
200,1222,checkout,2026-03-12T04:45:38Z
200,1392,add_to_cart,2026-03-12T04:48:38Z
200,1433,click,2026-03-12T05:27:38Z
200,1481,click,2026-03-12T06:02:38Z
200,456,search,2026-03-12T06:58:38Z
200,409,click,2026-03-12T07:04:38Z
200,799,add_to_cart,2026-03-12T07:56:38Z
200,198,remove_cart,2026-03-12T08:03:38Z
200,565,wishlist,2026-03-12T08:38:38Z
200,97,wishlist,2026-03-12T09:14:38Z
200,818,wishlist,2026-03-12T09:25:38Z
200,1348,purchase,2026-03-12T09:37:38Z
200,1217,click,2026-03-12T09:45:38Z
200,605,remove_cart,2026-03-12T09:48:38Z
200,1401,checkout,2026-03-12T10:40:38Z
200,38,add_to_cart,2026-03-12T10:50:38Z
200,1231,wishlist,2026-03-12T11:05:38Z
200,15,checkout,2026-03-12T11:49:38Z
200,559,checkout,2026-03-12T12:20:38Z
200,571,wishlist,2026-03-12T13:06:38Z
200,1488,search,2026-03-12T13:37:38Z
200,1090,view,2026-03-12T14:33:38Z
200,1312,add_to_cart,2026-03-12T15:32:38Z
200,909,purchase,2026-03-12T15:38:38Z
200,800,click,2026-03-12T15:57:38Z
200,1265,click,2026-03-12T16:50:38Z
200,500,wishlist,2026-03-12T17:37:38Z
200,996,search,2026-03-12T18:04:38Z
200,271,remove_cart,2026-03-12T18:31:38Z
200,509,remove_cart,2026-03-12T18:43:38Z
200,1181,wishlist,2026-03-12T19:28:38Z
200,6,remove_cart,2026-03-12T20:28:38Z
200,28,wishlist,2026-03-12T20:43:38Z
200,788,add_to_cart,2026-03-12T21:31:38Z
200,1095,click,2026-03-12T22:19:38Z
200,266,search,2026-03-12T22:21:38Z
200,1138,wishlist,2026-03-12T22:53:38Z
200,443,checkout,2026-03-12T22:54:38Z
200,822,remove_cart,2026-03-12T23:28:38Z
200,107,view,2026-03-12T23:50:38Z
200,86,remove_cart,2026-03-13T00:06:38Z
201,18,search,2026-02-28T16:50:38Z
201,91,view,2026-02-28T17:14:38Z
201,1497,click,2026-02-28T17:23:38Z
201,1297,click,2026-02-28T18:05:38Z
201,17,remove_cart,2026-02-28T18:23:38Z
201,444,click,2026-02-28T18:24:38Z
201,243,view,2026-02-28T19:02:38Z
201,486,add_to_cart,2026-02-28T19:06:38Z
201,748,view,2026-02-28T19:16:38Z
201,1246,add_to_cart,2026-02-28T19:18:38Z
201,324,search,2026-02-28T19:40:38Z
201,943,purchase,2026-02-28T20:30:38Z
201,958,wishlist,2026-02-28T21:07:38Z
201,230,wishlist,2026-02-28T21:22:38Z
201,86,add_to_cart,2026-02-28T21:48:38Z
201,1468,view,2026-02-28T22:28:38Z
201,273,remove_cart,2026-02-28T22:31:38Z
201,1010,checkout,2026-02-28T22:54:38Z
201,659,search,2026-02-28T23:37:38Z
201,560,search,2026-03-01T00:29:38Z
201,654,add_to_cart,2026-03-01T00:32:38Z
201,1141,search,2026-03-01T01:20:38Z
201,585,search,2026-03-01T02:05:38Z
201,1053,wishlist,2026-03-01T02:20:38Z
201,1142,click,2026-03-01T02:28:38Z
201,1150,view,2026-03-01T03:09:38Z
201,1123,click,2026-03-01T03:55:38Z
201,1289,remove_cart,2026-03-01T04:18:38Z
201,433,wishlist,2026-03-01T04:52:38Z
201,580,search,2026-03-01T05:49:38Z
201,832,wishlist,2026-03-01T06:15:38Z
201,344,add_to_cart,2026-03-01T07:11:38Z
201,253,wishlist,2026-03-01T07:21:38Z
201,1014,checkout,2026-03-01T08:01:38Z
201,1433,view,2026-03-01T08:22:38Z
201,25,remove_cart,2026-03-01T08:47:38Z
201,837,purchase,2026-03-01T09:39:38Z
201,861,click,2026-03-01T10:31:38Z
201,1110,add_to_cart,2026-03-01T10:51:38Z
201,917,remove_cart,2026-03-01T10:53:38Z
201,920,view,2026-03-01T11:12:38Z
201,864,add_to_cart,2026-03-01T12:01:38Z
201,269,remove_cart,2026-03-01T12:03:38Z
201,129,purchase,2026-03-01T12:26:38Z
201,748,wishlist,2026-03-01T12:59:38Z
202,1395,view,2026-04-10T16:35:38Z
202,139,wishlist,2026-04-10T16:36:38Z
202,472,view,2026-04-10T17:05:38Z
202,1487,click,2026-04-10T17:49:38Z
202,185,add_to_cart,2026-04-10T18:30:38Z
202,193,remove_cart,2026-04-10T19:02:38Z
202,111,wishlist,2026-04-10T19:30:38Z
202,902,wishlist,2026-04-10T20:04:38Z
202,265,view,2026-04-10T20:28:38Z
202,619,add_to_cart,2026-04-10T20:45:38Z
202,503,click,2026-04-10T20:59:38Z
202,906,wishlist,2026-04-10T21:19:38Z
202,1454,search,2026-04-10T21:23:38Z
202,1499,remove_cart,2026-04-10T21:40:38Z
202,199,wishlist,2026-04-10T21:54:38Z
202,958,wishlist,2026-04-10T22:39:38Z
202,1481,view,2026-04-10T23:00:38Z
202,1173,checkout,2026-04-10T23:08:38Z
202,1317,click,2026-04-10T23:57:38Z
202,616,remove_cart,2026-04-11T00:25:38Z
202,440,remove_cart,2026-04-11T01:03:38Z
203,253,view,2026-03-08T17:19:38Z
203,482,click,2026-03-08T17:55:38Z
203,661,add_to_cart,2026-03-08T18:08:38Z
203,1244,remove_cart,2026-03-08T18:54:38Z
203,541,view,2026-03-08T19:26:38Z
203,1121,checkout,2026-03-08T19:52:38Z
203,1407,view,2026-03-08T20:16:38Z
203,381,checkout,2026-03-08T20:20:38Z
203,1422,purchase,2026-03-08T21:08:38Z
203,971,checkout,2026-03-08T22:03:38Z
203,544,click,2026-03-08T22:38:38Z
203,13,purchase,2026-03-08T23:33:38Z
203,381,click,2026-03-09T00:10:38Z
203,1236,add_to_cart,2026-03-09T00:12:38Z
203,1002,wishlist,2026-03-09T00:40:38Z
203,389,purchase,2026-03-09T00:54:38Z
203,1447,add_to_cart,2026-03-09T01:39:38Z
203,1398,checkout,2026-03-09T01:53:38Z
203,1159,add_to_cart,2026-03-09T02:07:38Z
203,531,remove_cart,2026-03-09T02:26:38Z
203,1149,view,2026-03-09T02:38:38Z
203,492,add_to_cart,2026-03-09T02:59:38Z
203,809,add_to_cart,2026-03-09T03:52:38Z
203,1265,checkout,2026-03-09T04:17:38Z
203,339,add_to_cart,2026-03-09T04:34:38Z
203,485,checkout,2026-03-09T05:05:38Z
203,1477,add_to_cart,2026-03-09T05:20:38Z
203,289,wishlist,2026-03-09T06:02:38Z
203,489,view,2026-03-09T06:11:38Z
203,1179,add_to_cart,2026-03-09T06:13:38Z
203,1411,click,2026-03-09T06:30:38Z
203,867,view,2026-03-09T06:35:38Z
203,359,purchase,2026-03-09T06:50:38Z
203,284,search,2026-03-09T07:09:38Z
203,1014,purchase,2026-03-09T07:29:38Z
203,1211,click,2026-03-09T08:08:38Z
203,1246,add_to_cart,2026-03-09T09:05:38Z
203,1378,view,2026-03-09T09:57:38Z
203,658,checkout,2026-03-09T10:19:38Z
203,551,click,2026-03-09T10:41:38Z
203,797,wishlist,2026-03-09T10:50:38Z
203,907,view,2026-03-09T11:49:38Z
203,1165,wishlist,2026-03-09T12:17:38Z
203,1129,click,2026-03-09T12:30:38Z
203,61,purchase,2026-03-09T12:38:38Z
203,806,view,2026-03-09T13:24:38Z
203,438,search,2026-03-09T13:40:38Z
204,886,search,2026-03-31T17:12:38Z
204,1485,view,2026-03-31T17:53:38Z
204,309,click,2026-03-31T18:43:38Z
204,921,add_to_cart,2026-03-31T19:15:38Z
204,448,checkout,2026-03-31T19:45:38Z
204,849,purchase,2026-03-31T19:50:38Z
204,823,view,2026-03-31T20:16:38Z
204,980,search,2026-03-31T21:03:38Z
204,908,view,2026-03-31T22:03:38Z
204,1144,view,2026-03-31T22:17:38Z
204,488,wishlist,2026-03-31T22:21:38Z
204,71,remove_cart,2026-03-31T23:13:38Z
204,642,wishlist,2026-03-31T23:53:38Z
204,1032,add_to_cart,2026-04-01T00:33:38Z
204,1291,search,2026-04-01T00:42:38Z
204,1491,search,2026-04-01T00:48:38Z
204,969,view,2026-04-01T01:29:38Z
204,110,search,2026-04-01T02:16:38Z
204,1016,add_to_cart,2026-04-01T03:14:38Z
204,1384,search,2026-04-01T03:16:38Z
204,752,remove_cart,2026-04-01T03:47:38Z
204,929,add_to_cart,2026-04-01T04:15:38Z
204,761,remove_cart,2026-04-01T04:24:38Z
204,881,view,2026-04-01T05:18:38Z
204,82,add_to_cart,2026-04-01T05:19:38Z
204,830,purchase,2026-04-01T06:05:38Z
204,1042,purchase,2026-04-01T06:57:38Z
204,827,wishlist,2026-04-01T07:38:38Z
204,1493,search,2026-04-01T08:05:38Z
204,1175,click,2026-04-01T08:24:38Z
204,646,checkout,2026-04-01T08:42:38Z
204,1201,checkout,2026-04-01T09:24:38Z
204,1071,purchase,2026-04-01T09:31:38Z
204,1432,purchase,2026-04-01T10:09:38Z
204,1177,checkout,2026-04-01T10:57:38Z
204,1226,search,2026-04-01T11:51:38Z
204,1227,click,2026-04-01T12:08:38Z
204,1207,remove_cart,2026-04-01T12:11:38Z
204,643,wishlist,2026-04-01T13:04:38Z
204,578,view,2026-04-01T14:00:38Z
204,854,purchase,2026-04-01T14:10:38Z
204,444,remove_cart,2026-04-01T14:29:38Z
204,456,add_to_cart,2026-04-01T14:38:38Z
204,781,search,2026-04-01T15:36:38Z
204,207,click,2026-04-01T15:45:38Z
204,1123,add_to_cart,2026-04-01T16:31:38Z
204,214,click,2026-04-01T17:14:38Z
204,591,wishlist,2026-04-01T17:54:38Z
204,516,wishlist,2026-04-01T18:09:38Z
204,1434,view,2026-04-01T18:10:38Z
204,1403,click,2026-04-01T18:22:38Z
204,1432,checkout,2026-04-01T18:50:38Z
204,396,add_to_cart,2026-04-01T18:59:38Z
204,615,search,2026-04-01T19:31:38Z
204,1305,add_to_cart,2026-04-01T20:24:38Z
204,815,add_to_cart,2026-04-01T20:46:38Z
204,1033,checkout,2026-04-01T21:34:38Z
204,1052,checkout,2026-04-01T21:39:38Z
204,264,add_to_cart,2026-04-01T22:38:38Z
204,1077,purchase,2026-04-01T23:07:38Z
204,676,checkout,2026-04-01T23:11:38Z
204,795,search,2026-04-01T23:16:38Z
204,1429,view,2026-04-01T23:41:38Z
205,1316,view,2026-03-25T16:59:38Z
205,821,wishlist,2026-03-25T17:23:38Z
205,958,view,2026-03-25T17:43:38Z
205,1178,click,2026-03-25T18:31:38Z
205,1099,add_to_cart,2026-03-25T19:10:38Z
205,51,search,2026-03-25T19:36:38Z
205,878,wishlist,2026-03-25T20:09:38Z
205,552,checkout,2026-03-25T20:49:38Z
205,1390,remove_cart,2026-03-25T21:02:38Z
205,1272,purchase,2026-03-25T21:03:38Z
205,413,checkout,2026-03-25T21:13:38Z
205,245,remove_cart,2026-03-25T22:05:38Z
205,1113,view,2026-03-25T22:59:38Z
205,289,view,2026-03-25T23:36:38Z
205,787,remove_cart,2026-03-25T23:42:38Z
205,16,remove_cart,2026-03-25T23:51:38Z
205,661,click,2026-03-26T00:18:38Z
205,653,wishlist,2026-03-26T01:16:38Z
205,1038,checkout,2026-03-26T02:00:38Z
205,677,remove_cart,2026-03-26T02:18:38Z
205,1071,checkout,2026-03-26T03:01:38Z
205,672,remove_cart,2026-03-26T03:22:38Z
205,1011,wishlist,2026-03-26T04:19:38Z
205,353,wishlist,2026-03-26T04:26:38Z
206,12,view,2026-02-18T16:40:38Z
206,108,click,2026-02-18T16:41:38Z
206,1073,add_to_cart,2026-02-18T17:06:38Z
206,692,remove_cart,2026-02-18T17:35:38Z
206,850,view,2026-02-18T18:09:38Z
206,1400,add_to_cart,2026-02-18T18:28:38Z
206,147,view,2026-02-18T18:51:38Z
206,723,remove_cart,2026-02-18T19:16:38Z
206,219,search,2026-02-18T19:37:38Z
206,526,add_to_cart,2026-02-18T19:49:38Z
206,141,search,2026-02-18T20:06:38Z
206,607,checkout,2026-02-18T21:06:38Z
206,414,view,2026-02-18T21:16:38Z
206,833,purchase,2026-02-18T21:50:38Z
206,1050,remove_cart,2026-02-18T21:52:38Z
206,652,purchase,2026-02-18T22:46:38Z
206,86,checkout,2026-02-18T23:42:38Z
206,41,click,2026-02-19T00:11:38Z
206,398,purchase,2026-02-19T00:38:38Z
206,1275,view,2026-02-19T01:35:38Z
206,549,search,2026-02-19T02:27:38Z
206,435,add_to_cart,2026-02-19T03:26:38Z
206,356,remove_cart,2026-02-19T03:30:38Z
206,1421,view,2026-02-19T04:22:38Z
206,100,wishlist,2026-02-19T05:09:38Z
206,1247,purchase,2026-02-19T05:11:38Z
206,142,search,2026-02-19T05:59:38Z
206,1369,purchase,2026-02-19T06:17:38Z
206,888,view,2026-02-19T06:55:38Z
206,1244,click,2026-02-19T07:48:38Z
206,993,checkout,2026-02-19T08:27:38Z
206,559,checkout,2026-02-19T08:36:38Z
206,1138,wishlist,2026-02-19T08:46:38Z
206,430,search,2026-02-19T08:54:38Z
206,1249,wishlist,2026-02-19T09:19:38Z
206,27,search,2026-02-19T09:53:38Z
207,420,view,2026-03-10T16:52:38Z
207,774,click,2026-03-10T17:15:38Z
207,1416,add_to_cart,2026-03-10T18:04:38Z
207,613,checkout,2026-03-10T18:36:38Z
207,30,purchase,2026-03-10T19:09:38Z
207,1312,wishlist,2026-03-10T19:41:38Z
207,515,purchase,2026-03-10T20:18:38Z
207,690,view,2026-03-10T21:15:38Z
207,1348,view,2026-03-10T21:24:38Z
207,346,remove_cart,2026-03-10T21:25:38Z
207,302,search,2026-03-10T21:43:38Z
207,478,view,2026-03-10T22:35:38Z
207,1087,click,2026-03-10T22:58:38Z
207,1067,add_to_cart,2026-03-10T23:20:38Z
207,36,search,2026-03-11T00:00:38Z
207,640,checkout,2026-03-11T00:13:38Z
207,466,add_to_cart,2026-03-11T00:16:38Z
207,902,click,2026-03-11T00:53:38Z
207,586,checkout,2026-03-11T01:24:38Z
207,743,remove_cart,2026-03-11T01:54:38Z
207,1345,wishlist,2026-03-11T02:02:38Z
207,1052,search,2026-03-11T02:07:38Z
207,548,remove_cart,2026-03-11T02:55:38Z
207,8,add_to_cart,2026-03-11T03:08:38Z
207,1242,add_to_cart,2026-03-11T04:02:38Z
207,1314,wishlist,2026-03-11T04:53:38Z
207,1054,remove_cart,2026-03-11T05:38:38Z
207,1169,search,2026-03-11T05:45:38Z
207,502,remove_cart,2026-03-11T05:56:38Z
207,880,purchase,2026-03-11T06:07:38Z
207,1317,view,2026-03-11T06:55:38Z
207,1124,wishlist,2026-03-11T07:42:38Z
207,1276,remove_cart,2026-03-11T08:28:38Z
207,941,search,2026-03-11T08:39:38Z
207,985,remove_cart,2026-03-11T09:33:38Z
207,1058,search,2026-03-11T10:33:38Z
207,909,purchase,2026-03-11T10:40:38Z
207,6,purchase,2026-03-11T11:25:38Z
207,373,remove_cart,2026-03-11T11:51:38Z
208,1316,search,2026-02-03T17:05:38Z
208,1396,view,2026-02-03T18:04:38Z
208,761,click,2026-02-03T18:10:38Z
208,1085,click,2026-02-03T19:02:38Z
208,1108,click,2026-02-03T19:32:38Z
208,301,add_to_cart,2026-02-03T19:51:38Z
208,741,remove_cart,2026-02-03T20:44:38Z
208,640,wishlist,2026-02-03T21:21:38Z
208,1124,remove_cart,2026-02-03T22:01:38Z
208,861,view,2026-02-03T23:01:38Z
208,274,add_to_cart,2026-02-03T23:17:38Z
208,296,checkout,2026-02-04T00:04:38Z
208,971,purchase,2026-02-04T00:46:38Z
208,1280,click,2026-02-04T01:15:38Z
208,351,view,2026-02-04T01:25:38Z
208,1392,purchase,2026-02-04T01:56:38Z
208,1451,view,2026-02-04T01:59:38Z
208,559,remove_cart,2026-02-04T02:20:38Z
208,1375,checkout,2026-02-04T02:24:38Z
208,955,search,2026-02-04T03:16:38Z
208,662,checkout,2026-02-04T03:54:38Z
208,1285,search,2026-02-04T03:59:38Z
208,1017,checkout,2026-02-04T04:26:38Z
208,415,wishlist,2026-02-04T04:47:38Z
208,1116,click,2026-02-04T05:40:38Z
208,927,view,2026-02-04T06:34:38Z
208,1054,purchase,2026-02-04T07:04:38Z
208,1195,click,2026-02-04T07:27:38Z
208,1012,click,2026-02-04T07:48:38Z
208,1190,view,2026-02-04T08:24:38Z
208,1045,search,2026-02-04T08:48:38Z
208,830,remove_cart,2026-02-04T08:59:38Z
208,540,purchase,2026-02-04T09:32:38Z
208,421,checkout,2026-02-04T09:59:38Z
208,319,view,2026-02-04T10:55:38Z
208,981,view,2026-02-04T11:39:38Z
208,310,remove_cart,2026-02-04T11:45:38Z
208,818,purchase,2026-02-04T12:23:38Z
208,235,click,2026-02-04T12:35:38Z
208,684,view,2026-02-04T13:16:38Z
208,1120,click,2026-02-04T13:52:38Z
208,1162,click,2026-02-04T14:02:38Z
208,1343,remove_cart,2026-02-04T14:57:38Z
208,275,click,2026-02-04T15:30:38Z
208,1001,view,2026-02-04T16:12:38Z
208,823,view,2026-02-04T17:11:38Z
208,1221,remove_cart,2026-02-04T17:57:38Z
208,243,view,2026-02-04T18:53:38Z
208,1201,view,2026-02-04T19:23:38Z
208,986,add_to_cart,2026-02-04T19:38:38Z
208,1137,add_to_cart,2026-02-04T20:16:38Z
208,1134,add_to_cart,2026-02-04T20:41:38Z
208,563,purchase,2026-02-04T20:56:38Z
208,623,remove_cart,2026-02-04T21:39:38Z
208,95,checkout,2026-02-04T22:38:38Z
208,648,purchase,2026-02-04T23:24:38Z
208,1006,view,2026-02-04T23:51:38Z
208,1047,wishlist,2026-02-05T00:21:38Z
208,1063,remove_cart,2026-02-05T01:17:38Z
208,693,purchase,2026-02-05T01:30:38Z
208,914,wishlist,2026-02-05T02:15:38Z
208,998,view,2026-02-05T03:07:38Z
208,208,checkout,2026-02-05T03:23:38Z
208,1348,add_to_cart,2026-02-05T04:17:38Z
208,662,purchase,2026-02-05T04:24:38Z
208,1295,wishlist,2026-02-05T04:46:38Z
208,652,view,2026-02-05T05:30:38Z
208,68,checkout,2026-02-05T06:14:38Z
208,1319,wishlist,2026-02-05T06:23:38Z
208,980,click,2026-02-05T06:57:38Z
208,561,purchase,2026-02-05T07:31:38Z
208,92,search,2026-02-05T07:48:38Z
208,1043,search,2026-02-05T08:12:38Z
209,638,view,2026-03-24T16:27:38Z
209,632,click,2026-03-24T16:32:38Z
209,990,add_to_cart,2026-03-24T17:29:38Z
209,1335,checkout,2026-03-24T17:33:38Z
209,1437,purchase,2026-03-24T18:32:38Z
209,313,click,2026-03-24T19:21:38Z
209,661,purchase,2026-03-24T20:03:38Z
209,821,view,2026-03-24T20:16:38Z
209,665,checkout,2026-03-24T20:24:38Z
209,1094,remove_cart,2026-03-24T21:17:38Z
209,77,click,2026-03-24T22:05:38Z
209,923,checkout,2026-03-24T23:02:38Z
209,110,checkout,2026-03-24T23:37:38Z
209,1309,add_to_cart,2026-03-24T23:52:38Z
209,1286,search,2026-03-25T00:44:38Z
209,874,search,2026-03-25T01:07:38Z
209,844,search,2026-03-25T01:24:38Z
209,601,checkout,2026-03-25T02:01:38Z
209,475,view,2026-03-25T03:00:38Z
209,876,remove_cart,2026-03-25T03:47:38Z
209,45,search,2026-03-25T04:40:38Z
209,447,click,2026-03-25T05:08:38Z
209,654,add_to_cart,2026-03-25T05:48:38Z
209,1022,checkout,2026-03-25T06:02:38Z
209,244,purchase,2026-03-25T06:58:38Z
209,1021,wishlist,2026-03-25T07:36:38Z
209,1447,wishlist,2026-03-25T08:05:38Z
209,1441,add_to_cart,2026-03-25T08:44:38Z
209,900,add_to_cart,2026-03-25T09:27:38Z
209,1043,purchase,2026-03-25T09:34:38Z
209,427,remove_cart,2026-03-25T10:10:38Z
209,1157,view,2026-03-25T10:19:38Z
209,1146,click,2026-03-25T10:41:38Z
209,1445,wishlist,2026-03-25T11:40:38Z
209,336,search,2026-03-25T12:22:38Z
209,359,purchase,2026-03-25T12:37:38Z
209,770,search,2026-03-25T12:43:38Z
209,1127,wishlist,2026-03-25T12:48:38Z
209,521,wishlist,2026-03-25T13:29:38Z
209,887,purchase,2026-03-25T14:07:38Z
209,956,remove_cart,2026-03-25T14:09:38Z
209,598,purchase,2026-03-25T14:29:38Z
209,965,remove_cart,2026-03-25T15:24:38Z
209,362,search,2026-03-25T15:49:38Z
209,1295,click,2026-03-25T16:12:38Z
209,581,wishlist,2026-03-25T16:47:38Z
209,1285,click,2026-03-25T17:46:38Z
209,1249,checkout,2026-03-25T18:04:38Z
209,131,click,2026-03-25T18:32:38Z
209,690,checkout,2026-03-25T18:33:38Z
209,340,view,2026-03-25T18:44:38Z
209,1361,click,2026-03-25T19:17:38Z
209,1157,click,2026-03-25T19:43:38Z
209,588,click,2026-03-25T20:25:38Z
210,615,search,2026-04-07T17:13:38Z
210,561,view,2026-04-07T18:07:38Z
210,983,click,2026-04-07T18:50:38Z
210,120,remove_cart,2026-04-07T19:35:38Z
210,1152,search,2026-04-07T20:28:38Z
210,998,purchase,2026-04-07T21:13:38Z
210,53,checkout,2026-04-07T21:32:38Z
210,1473,add_to_cart,2026-04-07T22:10:38Z
210,830,add_to_cart,2026-04-07T22:45:38Z
210,1305,search,2026-04-07T23:28:38Z
210,59,purchase,2026-04-07T23:41:38Z
210,1300,add_to_cart,2026-04-08T00:09:38Z
210,61,wishlist,2026-04-08T01:09:38Z
210,384,remove_cart,2026-04-08T01:55:38Z
210,387,click,2026-04-08T02:31:38Z
210,927,remove_cart,2026-04-08T02:56:38Z
210,1229,checkout,2026-04-08T03:04:38Z
210,848,remove_cart,2026-04-08T03:31:38Z
210,4,remove_cart,2026-04-08T03:36:38Z
210,808,add_to_cart,2026-04-08T03:57:38Z
210,357,purchase,2026-04-08T04:15:38Z
210,263,view,2026-04-08T04:24:38Z
210,1432,add_to_cart,2026-04-08T05:08:38Z
210,1257,purchase,2026-04-08T05:26:38Z
210,428,view,2026-04-08T05:31:38Z
210,1135,checkout,2026-04-08T05:59:38Z
210,863,purchase,2026-04-08T06:57:38Z
210,1265,checkout,2026-04-08T07:20:38Z
210,972,view,2026-04-08T07:27:38Z
210,148,checkout,2026-04-08T08:07:38Z
210,1302,wishlist,2026-04-08T08:17:38Z
210,827,search,2026-04-08T08:35:38Z
210,602,click,2026-04-08T08:53:38Z
210,337,view,2026-04-08T09:33:38Z
210,718,purchase,2026-04-08T09:49:38Z
210,623,click,2026-04-08T10:19:38Z
210,739,remove_cart,2026-04-08T11:18:38Z
210,630,remove_cart,2026-04-08T12:15:38Z
210,772,add_to_cart,2026-04-08T13:11:38Z
210,1126,view,2026-04-08T13:19:38Z
210,1003,remove_cart,2026-04-08T13:35:38Z
210,447,add_to_cart,2026-04-08T14:00:38Z
210,1198,click,2026-04-08T14:37:38Z
210,1317,wishlist,2026-04-08T15:25:38Z
210,1255,remove_cart,2026-04-08T16:23:38Z
210,1194,wishlist,2026-04-08T16:46:38Z
210,375,add_to_cart,2026-04-08T17:27:38Z
210,899,checkout,2026-04-08T18:11:38Z
210,539,remove_cart,2026-04-08T19:06:38Z
210,1245,click,2026-04-08T19:26:38Z
210,444,view,2026-04-08T19:28:38Z
210,367,wishlist,2026-04-08T19:29:38Z
210,131,wishlist,2026-04-08T19:51:38Z
210,556,purchase,2026-04-08T20:45:38Z
210,1400,search,2026-04-08T21:45:38Z
210,1126,search,2026-04-08T22:42:38Z
210,289,remove_cart,2026-04-08T23:13:38Z
210,1098,add_to_cart,2026-04-08T23:48:38Z
210,2,purchase,2026-04-09T00:25:38Z
210,494,search,2026-04-09T00:56:38Z
210,518,purchase,2026-04-09T01:01:38Z
210,775,wishlist,2026-04-09T01:19:38Z
210,1407,click,2026-04-09T01:43:38Z
210,1189,checkout,2026-04-09T02:02:38Z
210,733,purchase,2026-04-09T02:12:38Z
210,534,click,2026-04-09T02:20:38Z
210,1059,checkout,2026-04-09T02:54:38Z
210,649,checkout,2026-04-09T03:32:38Z
210,275,purchase,2026-04-09T03:37:38Z
210,29,view,2026-04-09T03:56:38Z
210,500,wishlist,2026-04-09T04:15:38Z
210,1333,checkout,2026-04-09T04:47:38Z
210,195,remove_cart,2026-04-09T05:15:38Z
210,1431,purchase,2026-04-09T05:19:38Z
210,106,wishlist,2026-04-09T05:52:38Z
210,1481,view,2026-04-09T05:59:38Z
210,176,checkout,2026-04-09T06:15:38Z
211,189,view,2026-03-24T16:43:38Z
211,513,click,2026-03-24T16:48:38Z
211,888,add_to_cart,2026-03-24T17:03:38Z
211,1096,checkout,2026-03-24T17:34:38Z
211,350,purchase,2026-03-24T18:01:38Z
211,31,click,2026-03-24T18:53:38Z
211,1124,checkout,2026-03-24T19:45:38Z
211,935,click,2026-03-24T20:21:38Z
211,1260,click,2026-03-24T20:24:38Z
211,1075,remove_cart,2026-03-24T21:05:38Z
211,617,wishlist,2026-03-24T21:33:38Z
211,931,add_to_cart,2026-03-24T21:55:38Z
211,1316,view,2026-03-24T22:22:38Z
211,877,view,2026-03-24T22:32:38Z
211,1478,purchase,2026-03-24T22:48:38Z
211,540,click,2026-03-24T23:12:38Z
211,402,add_to_cart,2026-03-24T23:58:38Z
211,69,view,2026-03-25T00:24:38Z
211,400,view,2026-03-25T00:36:38Z
211,1029,view,2026-03-25T00:48:38Z
211,687,remove_cart,2026-03-25T01:44:38Z
211,1425,wishlist,2026-03-25T02:43:38Z
211,669,view,2026-03-25T03:27:38Z
211,591,add_to_cart,2026-03-25T03:38:38Z
211,593,click,2026-03-25T03:45:38Z
211,827,add_to_cart,2026-03-25T03:47:38Z
211,76,remove_cart,2026-03-25T04:18:38Z
211,155,click,2026-03-25T04:39:38Z
211,1206,search,2026-03-25T05:00:38Z
211,196,add_to_cart,2026-03-25T05:02:38Z
211,512,remove_cart,2026-03-25T05:30:38Z
211,1064,purchase,2026-03-25T06:25:38Z
211,278,add_to_cart,2026-03-25T06:34:38Z
211,77,add_to_cart,2026-03-25T06:52:38Z
211,476,view,2026-03-25T07:13:38Z
211,1362,add_to_cart,2026-03-25T07:25:38Z
211,763,add_to_cart,2026-03-25T07:29:38Z
211,1342,remove_cart,2026-03-25T07:38:38Z
211,1359,view,2026-03-25T07:45:38Z
212,155,view,2026-01-31T17:17:38Z
212,426,click,2026-01-31T17:25:38Z
212,1095,add_to_cart,2026-01-31T17:42:38Z
212,429,checkout,2026-01-31T18:02:38Z
212,1180,purchase,2026-01-31T18:17:38Z
212,467,click,2026-01-31T18:30:38Z
212,372,add_to_cart,2026-01-31T18:54:38Z
212,440,remove_cart,2026-01-31T19:02:38Z
212,1225,add_to_cart,2026-01-31T19:18:38Z
212,844,search,2026-01-31T19:40:38Z
212,259,search,2026-01-31T20:02:38Z
212,381,purchase,2026-01-31T20:22:38Z
212,611,remove_cart,2026-01-31T20:42:38Z
212,11,checkout,2026-01-31T21:10:38Z
212,1196,add_to_cart,2026-01-31T21:27:38Z
212,396,remove_cart,2026-01-31T21:55:38Z
212,112,search,2026-01-31T22:07:38Z
212,896,wishlist,2026-01-31T22:23:38Z
212,1373,checkout,2026-01-31T23:04:38Z
212,497,checkout,2026-01-31T23:45:38Z
212,1174,search,2026-02-01T00:28:38Z
212,1274,wishlist,2026-02-01T00:40:38Z
212,476,checkout,2026-02-01T01:34:38Z
212,189,wishlist,2026-02-01T02:00:38Z
212,364,wishlist,2026-02-01T02:45:38Z
212,760,remove_cart,2026-02-01T03:11:38Z
212,136,wishlist,2026-02-01T03:48:38Z
212,799,search,2026-02-01T04:20:38Z
212,505,add_to_cart,2026-02-01T04:44:38Z
212,854,view,2026-02-01T05:24:38Z
212,216,remove_cart,2026-02-01T05:44:38Z
212,757,search,2026-02-01T06:15:38Z
212,829,purchase,2026-02-01T06:31:38Z
212,591,wishlist,2026-02-01T06:42:38Z
212,555,checkout,2026-02-01T07:32:38Z
212,1474,remove_cart,2026-02-01T08:00:38Z
212,478,wishlist,2026-02-01T08:43:38Z
212,1150,wishlist,2026-02-01T08:57:38Z
212,1299,remove_cart,2026-02-01T09:06:38Z
212,512,wishlist,2026-02-01T09:54:38Z
212,415,add_to_cart,2026-02-01T10:13:38Z
212,1214,remove_cart,2026-02-01T10:45:38Z
212,212,add_to_cart,2026-02-01T11:05:38Z
212,168,wishlist,2026-02-01T11:36:38Z
212,938,add_to_cart,2026-02-01T12:18:38Z
212,1281,remove_cart,2026-02-01T12:31:38Z
212,556,purchase,2026-02-01T12:52:38Z
212,587,purchase,2026-02-01T13:35:38Z
212,673,remove_cart,2026-02-01T14:11:38Z
212,1370,remove_cart,2026-02-01T14:27:38Z
212,208,view,2026-02-01T14:54:38Z
212,1103,remove_cart,2026-02-01T15:41:38Z
212,1159,add_to_cart,2026-02-01T16:00:38Z
212,1309,checkout,2026-02-01T16:38:38Z
212,1247,purchase,2026-02-01T17:18:38Z
212,197,click,2026-02-01T17:45:38Z
212,460,wishlist,2026-02-01T18:41:38Z
212,807,click,2026-02-01T18:48:38Z
212,946,purchase,2026-02-01T19:33:38Z
212,502,click,2026-02-01T19:35:38Z
212,427,view,2026-02-01T20:07:38Z
212,778,checkout,2026-02-01T20:16:38Z
212,1416,view,2026-02-01T20:47:38Z
212,9,add_to_cart,2026-02-01T21:37:38Z
212,1099,click,2026-02-01T21:55:38Z
212,988,remove_cart,2026-02-01T22:48:38Z
212,287,view,2026-02-01T23:24:38Z
213,270,search,2026-03-15T16:30:38Z
213,585,view,2026-03-15T16:38:38Z
213,403,click,2026-03-15T17:04:38Z
213,906,search,2026-03-15T17:55:38Z
213,663,remove_cart,2026-03-15T18:07:38Z
213,296,search,2026-03-15T19:01:38Z
213,1439,add_to_cart,2026-03-15T19:26:38Z
213,831,search,2026-03-15T19:49:38Z
213,392,purchase,2026-03-15T20:48:38Z
213,285,click,2026-03-15T21:18:38Z
213,441,search,2026-03-15T21:19:38Z
213,1173,remove_cart,2026-03-15T22:12:38Z
213,1362,search,2026-03-15T22:45:38Z
213,225,click,2026-03-15T23:28:38Z
213,848,add_to_cart,2026-03-16T00:10:38Z
213,599,remove_cart,2026-03-16T00:56:38Z
213,1271,checkout,2026-03-16T01:02:38Z
213,1377,remove_cart,2026-03-16T01:31:38Z
213,1397,view,2026-03-16T01:58:38Z
213,674,purchase,2026-03-16T02:12:38Z
213,228,purchase,2026-03-16T02:51:38Z
213,798,view,2026-03-16T02:58:38Z
213,717,click,2026-03-16T03:09:38Z
213,822,view,2026-03-16T03:17:38Z
213,1233,purchase,2026-03-16T03:54:38Z
213,1199,search,2026-03-16T04:41:38Z
213,167,view,2026-03-16T05:30:38Z
213,475,purchase,2026-03-16T05:45:38Z
213,442,search,2026-03-16T06:03:38Z
213,1364,checkout,2026-03-16T07:02:38Z
213,988,remove_cart,2026-03-16T07:56:38Z
213,561,purchase,2026-03-16T08:40:38Z
213,94,click,2026-03-16T08:59:38Z
213,1492,search,2026-03-16T09:05:38Z
213,890,view,2026-03-16T09:10:38Z
213,444,checkout,2026-03-16T09:49:38Z
213,515,view,2026-03-16T09:54:38Z
213,821,click,2026-03-16T10:01:38Z
213,1185,view,2026-03-16T10:20:38Z
213,52,click,2026-03-16T11:10:38Z
213,639,view,2026-03-16T12:05:38Z
213,80,add_to_cart,2026-03-16T13:03:38Z
213,1151,add_to_cart,2026-03-16T13:37:38Z
213,855,remove_cart,2026-03-16T14:32:38Z
214,1115,view,2026-04-04T17:21:38Z
214,149,click,2026-04-04T17:24:38Z
214,1272,add_to_cart,2026-04-04T18:21:38Z
214,82,remove_cart,2026-04-04T19:00:38Z
214,598,view,2026-04-04T19:16:38Z
214,411,add_to_cart,2026-04-04T19:24:38Z
214,675,search,2026-04-04T19:57:38Z
214,535,search,2026-04-04T20:33:38Z
214,430,add_to_cart,2026-04-04T20:37:38Z
214,153,wishlist,2026-04-04T20:50:38Z
214,1425,remove_cart,2026-04-04T20:54:38Z
214,1375,checkout,2026-04-04T21:31:38Z
214,1212,click,2026-04-04T22:03:38Z
214,1114,click,2026-04-04T22:17:38Z
214,164,remove_cart,2026-04-04T22:21:38Z
214,985,wishlist,2026-04-04T23:12:38Z
214,1438,click,2026-04-05T00:07:38Z
214,1015,click,2026-04-05T00:58:38Z
214,277,click,2026-04-05T01:12:38Z
214,1397,click,2026-04-05T01:50:38Z
214,34,search,2026-04-05T02:50:38Z
214,951,add_to_cart,2026-04-05T03:10:38Z
214,1067,view,2026-04-05T03:21:38Z
214,189,click,2026-04-05T03:40:38Z
214,1093,click,2026-04-05T03:49:38Z
214,1295,checkout,2026-04-05T04:44:38Z
214,280,search,2026-04-05T05:05:38Z
214,1428,checkout,2026-04-05T06:05:38Z
214,1245,click,2026-04-05T06:55:38Z
214,976,purchase,2026-04-05T07:23:38Z
214,780,wishlist,2026-04-05T07:55:38Z
214,878,search,2026-04-05T08:51:38Z
214,147,purchase,2026-04-05T09:30:38Z
214,164,purchase,2026-04-05T10:06:38Z
214,1305,view,2026-04-05T11:05:38Z
214,1259,checkout,2026-04-05T11:25:38Z
214,777,click,2026-04-05T12:08:38Z
214,1183,click,2026-04-05T12:59:38Z
214,511,search,2026-04-05T13:10:38Z
214,714,add_to_cart,2026-04-05T13:18:38Z
214,99,search,2026-04-05T14:15:38Z
214,487,click,2026-04-05T15:01:38Z
214,688,click,2026-04-05T16:00:38Z
214,106,purchase,2026-04-05T16:22:38Z
214,1359,remove_cart,2026-04-05T17:01:38Z
214,380,remove_cart,2026-04-05T17:44:38Z
214,833,remove_cart,2026-04-05T17:49:38Z
214,706,search,2026-04-05T18:42:38Z
214,662,wishlist,2026-04-05T18:53:38Z
214,1344,add_to_cart,2026-04-05T19:42:38Z
214,639,checkout,2026-04-05T20:30:38Z
214,285,click,2026-04-05T20:31:38Z
214,997,wishlist,2026-04-05T20:50:38Z
214,1450,click,2026-04-05T21:50:38Z
214,1112,checkout,2026-04-05T22:28:38Z
214,1077,search,2026-04-05T23:02:38Z
214,800,wishlist,2026-04-05T23:30:38Z
214,1168,search,2026-04-06T00:03:38Z
214,63,purchase,2026-04-06T00:07:38Z
214,1211,wishlist,2026-04-06T00:14:38Z
214,925,wishlist,2026-04-06T00:42:38Z
214,824,wishlist,2026-04-06T01:25:38Z
214,746,purchase,2026-04-06T01:49:38Z
214,299,search,2026-04-06T02:46:38Z
214,1307,add_to_cart,2026-04-06T03:15:38Z
214,320,click,2026-04-06T03:45:38Z
214,273,remove_cart,2026-04-06T04:11:38Z
214,752,wishlist,2026-04-06T04:37:38Z
214,784,view,2026-04-06T04:54:38Z
214,47,view,2026-04-06T05:25:38Z
214,603,view,2026-04-06T05:31:38Z
214,456,search,2026-04-06T05:39:38Z
214,775,view,2026-04-06T06:32:38Z
214,369,remove_cart,2026-04-06T07:28:38Z
214,1435,search,2026-04-06T07:31:38Z
214,211,checkout,2026-04-06T08:21:38Z
214,1307,view,2026-04-06T08:22:38Z
214,1109,remove_cart,2026-04-06T08:49:38Z
214,557,view,2026-04-06T09:33:38Z
215,1099,view,2026-04-07T16:31:38Z
215,16,click,2026-04-07T16:41:38Z
215,835,add_to_cart,2026-04-07T17:12:38Z
215,394,remove_cart,2026-04-07T17:23:38Z
215,1475,view,2026-04-07T17:56:38Z
215,720,click,2026-04-07T18:04:38Z
215,470,add_to_cart,2026-04-07T18:13:38Z
215,304,add_to_cart,2026-04-07T18:49:38Z
215,1139,add_to_cart,2026-04-07T19:01:38Z
215,27,add_to_cart,2026-04-07T19:20:38Z
215,670,search,2026-04-07T19:51:38Z
215,395,add_to_cart,2026-04-07T20:25:38Z
215,1211,wishlist,2026-04-07T21:04:38Z
215,3,search,2026-04-07T21:07:38Z
215,80,search,2026-04-07T21:13:38Z
215,1240,search,2026-04-07T21:42:38Z
215,764,click,2026-04-07T21:57:38Z
215,237,click,2026-04-07T22:43:38Z
215,1367,purchase,2026-04-07T23:06:38Z
215,644,view,2026-04-07T23:59:38Z
215,908,purchase,2026-04-08T00:20:38Z
215,1318,add_to_cart,2026-04-08T00:31:38Z
215,16,add_to_cart,2026-04-08T01:31:38Z
215,241,remove_cart,2026-04-08T01:50:38Z
215,1140,wishlist,2026-04-08T02:22:38Z
215,952,view,2026-04-08T03:01:38Z
215,262,purchase,2026-04-08T03:03:38Z
215,150,view,2026-04-08T03:58:38Z
215,615,view,2026-04-08T04:56:38Z
215,590,click,2026-04-08T05:36:38Z
215,618,wishlist,2026-04-08T05:52:38Z
215,682,click,2026-04-08T06:32:38Z
215,1046,add_to_cart,2026-04-08T07:23:38Z
215,1344,click,2026-04-08T08:23:38Z
215,962,search,2026-04-08T08:42:38Z
215,931,remove_cart,2026-04-08T09:34:38Z
215,1288,search,2026-04-08T10:21:38Z
215,75,add_to_cart,2026-04-08T10:57:38Z
215,1314,add_to_cart,2026-04-08T11:03:38Z
215,790,purchase,2026-04-08T11:05:38Z
215,706,purchase,2026-04-08T11:54:38Z
215,1146,checkout,2026-04-08T12:53:38Z
215,466,view,2026-04-08T13:37:38Z
215,1199,checkout,2026-04-08T14:13:38Z
215,299,click,2026-04-08T14:56:38Z
215,1354,click,2026-04-08T15:11:38Z
215,491,checkout,2026-04-08T15:28:38Z
215,1180,remove_cart,2026-04-08T16:07:38Z
215,680,view,2026-04-08T16:28:38Z
215,1010,wishlist,2026-04-08T16:51:38Z
215,1172,wishlist,2026-04-08T17:29:38Z
215,43,search,2026-04-08T18:14:38Z
215,1180,search,2026-04-08T18:26:38Z
215,859,view,2026-04-08T19:20:38Z
215,1306,remove_cart,2026-04-08T19:57:38Z
215,611,view,2026-04-08T20:42:38Z
215,314,wishlist,2026-04-08T21:40:38Z
215,773,remove_cart,2026-04-08T21:41:38Z
215,100,click,2026-04-08T22:28:38Z
215,861,remove_cart,2026-04-08T22:50:38Z
215,479,checkout,2026-04-08T23:06:38Z
215,560,checkout,2026-04-08T23:55:38Z
215,89,wishlist,2026-04-09T00:24:38Z
215,652,click,2026-04-09T00:50:38Z
215,849,add_to_cart,2026-04-09T01:19:38Z
215,457,click,2026-04-09T02:19:38Z
215,1148,remove_cart,2026-04-09T03:02:38Z
215,1204,click,2026-04-09T03:22:38Z
215,733,view,2026-04-09T03:31:38Z
215,42,purchase,2026-04-09T04:12:38Z
215,981,search,2026-04-09T04:25:38Z
216,1256,search,2026-02-27T17:03:38Z
216,815,view,2026-02-27T17:58:38Z
216,552,click,2026-02-27T18:17:38Z
216,1022,search,2026-02-27T18:47:38Z
216,19,add_to_cart,2026-02-27T19:08:38Z
216,378,search,2026-02-27T19:52:38Z
216,289,purchase,2026-02-27T20:40:38Z
216,436,search,2026-02-27T20:52:38Z
216,10,search,2026-02-27T21:25:38Z
216,164,view,2026-02-27T21:43:38Z
216,259,checkout,2026-02-27T22:29:38Z
216,1475,search,2026-02-27T22:37:38Z
216,506,wishlist,2026-02-27T22:59:38Z
216,222,remove_cart,2026-02-27T23:38:38Z
216,693,wishlist,2026-02-28T00:13:38Z
216,578,wishlist,2026-02-28T00:43:38Z
216,357,view,2026-02-28T01:08:38Z
216,776,checkout,2026-02-28T01:45:38Z
216,569,view,2026-02-28T01:56:38Z
216,927,add_to_cart,2026-02-28T02:20:38Z
216,437,view,2026-02-28T02:36:38Z
216,296,purchase,2026-02-28T03:19:38Z
216,1229,wishlist,2026-02-28T04:03:38Z
216,372,search,2026-02-28T04:26:38Z
216,170,purchase,2026-02-28T05:21:38Z
216,1102,wishlist,2026-02-28T06:02:38Z
216,793,add_to_cart,2026-02-28T06:36:38Z
216,573,purchase,2026-02-28T06:39:38Z
216,287,view,2026-02-28T07:38:38Z
216,377,remove_cart,2026-02-28T08:04:38Z
216,324,click,2026-02-28T08:33:38Z
216,606,click,2026-02-28T09:05:38Z
216,285,add_to_cart,2026-02-28T09:44:38Z
216,619,add_to_cart,2026-02-28T09:46:38Z
216,951,click,2026-02-28T10:13:38Z
216,245,add_to_cart,2026-02-28T11:11:38Z
216,494,wishlist,2026-02-28T11:55:38Z
216,832,add_to_cart,2026-02-28T12:53:38Z
216,430,remove_cart,2026-02-28T13:32:38Z
216,11,checkout,2026-02-28T14:27:38Z
216,259,remove_cart,2026-02-28T14:42:38Z
216,68,wishlist,2026-02-28T15:31:38Z
216,473,purchase,2026-02-28T15:39:38Z
216,93,add_to_cart,2026-02-28T16:12:38Z
216,734,search,2026-02-28T16:47:38Z
216,310,view,2026-02-28T16:59:38Z
216,196,view,2026-02-28T17:26:38Z
216,1181,view,2026-02-28T17:33:38Z
216,499,purchase,2026-02-28T18:15:38Z
216,1268,purchase,2026-02-28T18:39:38Z
216,1238,purchase,2026-02-28T19:11:38Z
216,1237,checkout,2026-02-28T19:17:38Z
216,120,view,2026-02-28T19:18:38Z
216,1452,view,2026-02-28T19:30:38Z
216,204,wishlist,2026-02-28T19:58:38Z
216,378,remove_cart,2026-02-28T20:08:38Z
216,1466,wishlist,2026-02-28T20:33:38Z
216,1009,search,2026-02-28T21:18:38Z
216,755,click,2026-02-28T21:51:38Z
216,634,wishlist,2026-02-28T22:30:38Z
216,921,view,2026-02-28T23:17:38Z
216,1,add_to_cart,2026-02-28T23:32:38Z
216,705,search,2026-03-01T00:23:38Z
216,480,purchase,2026-03-01T00:32:38Z
216,1334,click,2026-03-01T00:57:38Z
216,1095,checkout,2026-03-01T01:27:38Z
217,772,view,2026-04-10T16:44:38Z
217,904,wishlist,2026-04-10T17:03:38Z
217,590,view,2026-04-10T17:50:38Z
217,502,click,2026-04-10T18:44:38Z
217,27,add_to_cart,2026-04-10T19:13:38Z
217,606,click,2026-04-10T19:53:38Z
217,1388,wishlist,2026-04-10T20:06:38Z
217,165,click,2026-04-10T21:05:38Z
217,877,checkout,2026-04-10T21:37:38Z
217,877,remove_cart,2026-04-10T22:23:38Z
217,706,wishlist,2026-04-10T22:27:38Z
217,965,add_to_cart,2026-04-10T23:10:38Z
217,257,remove_cart,2026-04-10T23:15:38Z
217,1179,view,2026-04-11T00:06:38Z
217,178,add_to_cart,2026-04-11T00:42:38Z
217,1122,wishlist,2026-04-11T01:13:38Z
217,1357,view,2026-04-11T01:40:38Z
217,1478,click,2026-04-11T02:32:38Z
217,271,view,2026-04-11T02:42:38Z
217,1383,purchase,2026-04-11T02:47:38Z
217,980,click,2026-04-11T03:13:38Z
217,792,checkout,2026-04-11T03:15:38Z
217,876,checkout,2026-04-11T03:56:38Z
217,504,purchase,2026-04-11T04:18:38Z
217,407,add_to_cart,2026-04-11T04:28:38Z
217,1105,checkout,2026-04-11T04:36:38Z
217,319,wishlist,2026-04-11T05:14:38Z
217,283,click,2026-04-11T06:10:38Z
217,1303,remove_cart,2026-04-11T07:03:38Z
217,1050,search,2026-04-11T07:45:38Z
217,452,wishlist,2026-04-11T08:12:38Z
217,171,checkout,2026-04-11T08:18:38Z
217,312,search,2026-04-11T09:13:38Z
217,45,search,2026-04-11T09:26:38Z
217,502,view,2026-04-11T09:28:38Z
217,690,checkout,2026-04-11T10:22:38Z
217,1102,purchase,2026-04-11T10:59:38Z
217,499,add_to_cart,2026-04-11T11:55:38Z
217,294,click,2026-04-11T12:09:38Z
217,706,search,2026-04-11T12:37:38Z
217,1255,remove_cart,2026-04-11T13:02:38Z
217,981,purchase,2026-04-11T13:11:38Z
217,1006,search,2026-04-11T13:18:38Z
217,1399,purchase,2026-04-11T14:10:38Z
217,702,checkout,2026-04-11T14:37:38Z
217,699,click,2026-04-11T15:34:38Z
217,1073,purchase,2026-04-11T16:33:38Z
217,194,add_to_cart,2026-04-11T16:36:38Z
217,563,click,2026-04-11T17:26:38Z
217,795,view,2026-04-11T18:19:38Z
217,1435,wishlist,2026-04-11T18:30:38Z
217,600,remove_cart,2026-04-11T18:56:38Z
217,912,add_to_cart,2026-04-11T19:24:38Z
217,756,purchase,2026-04-11T20:20:38Z
217,296,click,2026-04-11T21:12:38Z
217,573,checkout,2026-04-11T21:24:38Z
217,452,wishlist,2026-04-11T21:47:38Z
217,749,purchase,2026-04-11T22:19:38Z
217,791,remove_cart,2026-04-11T22:40:38Z
217,533,checkout,2026-04-11T23:07:38Z
217,602,checkout,2026-04-11T23:40:38Z
217,338,remove_cart,2026-04-11T23:51:38Z
217,1184,search,2026-04-12T00:44:38Z
217,753,search,2026-04-12T01:30:38Z
217,629,click,2026-04-12T01:32:38Z
217,283,remove_cart,2026-04-12T02:13:38Z
217,847,wishlist,2026-04-12T02:14:38Z
217,858,add_to_cart,2026-04-12T02:51:38Z
217,1094,wishlist,2026-04-12T03:16:38Z
218,1377,view,2026-03-08T16:32:38Z
218,864,click,2026-03-08T16:36:38Z
218,259,add_to_cart,2026-03-08T17:26:38Z
218,917,checkout,2026-03-08T18:15:38Z
218,856,purchase,2026-03-08T19:12:38Z
218,1224,checkout,2026-03-08T19:24:38Z
218,655,purchase,2026-03-08T20:12:38Z
218,903,view,2026-03-08T20:52:38Z
218,1403,purchase,2026-03-08T21:09:38Z
218,284,search,2026-03-08T22:05:38Z
218,1179,click,2026-03-08T22:14:38Z
218,896,click,2026-03-08T22:34:38Z
218,9,wishlist,2026-03-08T23:32:38Z
218,402,add_to_cart,2026-03-08T23:42:38Z
218,1011,search,2026-03-09T00:40:38Z
218,1413,checkout,2026-03-09T01:16:38Z
218,707,view,2026-03-09T01:35:38Z
218,1162,checkout,2026-03-09T02:22:38Z
218,281,checkout,2026-03-09T03:17:38Z
218,1065,wishlist,2026-03-09T03:25:38Z
218,1343,search,2026-03-09T04:10:38Z
218,50,view,2026-03-09T04:40:38Z
218,1331,purchase,2026-03-09T04:55:38Z
218,600,add_to_cart,2026-03-09T05:01:38Z
218,1394,checkout,2026-03-09T05:37:38Z
218,498,add_to_cart,2026-03-09T06:27:38Z
218,1322,purchase,2026-03-09T06:56:38Z
218,115,add_to_cart,2026-03-09T07:41:38Z
218,132,search,2026-03-09T08:02:38Z
218,820,remove_cart,2026-03-09T08:34:38Z
218,810,checkout,2026-03-09T08:35:38Z
218,1291,purchase,2026-03-09T09:02:38Z
218,288,purchase,2026-03-09T09:45:38Z
218,9,remove_cart,2026-03-09T09:58:38Z
218,284,click,2026-03-09T10:03:38Z
218,101,add_to_cart,2026-03-09T10:05:38Z
218,550,search,2026-03-09T10:38:38Z
218,519,add_to_cart,2026-03-09T11:03:38Z
218,436,purchase,2026-03-09T11:17:38Z
218,925,remove_cart,2026-03-09T12:12:38Z
218,1044,remove_cart,2026-03-09T12:14:38Z
218,1107,add_to_cart,2026-03-09T12:59:38Z
218,1483,remove_cart,2026-03-09T13:31:38Z
218,424,click,2026-03-09T14:16:38Z
218,688,remove_cart,2026-03-09T14:17:38Z
218,586,search,2026-03-09T14:56:38Z
218,1228,remove_cart,2026-03-09T15:53:38Z
218,1152,add_to_cart,2026-03-09T15:55:38Z
218,859,wishlist,2026-03-09T16:54:38Z
218,1465,search,2026-03-09T17:31:38Z
218,385,view,2026-03-09T17:39:38Z
218,1274,add_to_cart,2026-03-09T17:56:38Z
218,192,wishlist,2026-03-09T18:45:38Z
218,103,purchase,2026-03-09T19:09:38Z
218,222,view,2026-03-09T19:14:38Z
218,802,wishlist,2026-03-09T19:33:38Z
218,707,click,2026-03-09T20:04:38Z
218,100,view,2026-03-09T20:39:38Z
218,1044,purchase,2026-03-09T21:13:38Z
218,523,view,2026-03-09T21:32:38Z
218,578,click,2026-03-09T21:36:38Z
218,496,view,2026-03-09T21:54:38Z
218,831,click,2026-03-09T22:17:38Z
218,1043,remove_cart,2026-03-09T23:15:38Z
218,1408,wishlist,2026-03-09T23:20:38Z
218,677,purchase,2026-03-10T00:14:38Z
218,1300,purchase,2026-03-10T00:48:38Z
218,1055,click,2026-03-10T01:06:38Z
218,636,purchase,2026-03-10T01:37:38Z
218,722,checkout,2026-03-10T01:58:38Z
218,87,view,2026-03-10T02:11:38Z
218,826,view,2026-03-10T02:18:38Z
218,578,wishlist,2026-03-10T02:43:38Z
218,998,checkout,2026-03-10T02:51:38Z
218,538,checkout,2026-03-10T03:27:38Z
218,1246,view,2026-03-10T03:33:38Z
218,948,view,2026-03-10T03:43:38Z
218,1242,click,2026-03-10T04:09:38Z
218,1438,purchase,2026-03-10T04:40:38Z
219,750,view,2026-02-23T16:29:38Z
219,798,click,2026-02-23T17:03:38Z
219,1060,add_to_cart,2026-02-23T17:31:38Z
219,232,checkout,2026-02-23T17:59:38Z
219,1165,purchase,2026-02-23T18:05:38Z
219,790,checkout,2026-02-23T18:58:38Z
219,1187,checkout,2026-02-23T19:21:38Z
219,408,purchase,2026-02-23T20:04:38Z
219,135,add_to_cart,2026-02-23T20:31:38Z
219,86,checkout,2026-02-23T21:27:38Z
219,58,wishlist,2026-02-23T22:23:38Z
219,425,wishlist,2026-02-23T22:58:38Z
219,524,wishlist,2026-02-23T23:11:38Z
219,1105,wishlist,2026-02-23T23:53:38Z
219,713,click,2026-02-24T00:31:38Z
219,901,remove_cart,2026-02-24T00:52:38Z
219,757,add_to_cart,2026-02-24T01:27:38Z
219,491,purchase,2026-02-24T01:51:38Z
219,1344,purchase,2026-02-24T02:29:38Z
219,327,add_to_cart,2026-02-24T02:48:38Z
219,1351,remove_cart,2026-02-24T03:14:38Z
219,959,add_to_cart,2026-02-24T03:21:38Z
219,1146,checkout,2026-02-24T03:43:38Z
219,1396,view,2026-02-24T03:48:38Z
219,549,wishlist,2026-02-24T04:23:38Z
219,1123,remove_cart,2026-02-24T04:51:38Z
220,415,search,2026-02-01T16:23:38Z
220,311,view,2026-02-01T16:24:38Z
220,1056,click,2026-02-01T17:15:38Z
220,323,wishlist,2026-02-01T17:29:38Z
220,981,checkout,2026-02-01T17:41:38Z
220,1214,remove_cart,2026-02-01T18:09:38Z
220,649,purchase,2026-02-01T18:26:38Z
220,760,click,2026-02-01T19:07:38Z
220,656,view,2026-02-01T19:18:38Z
220,1061,add_to_cart,2026-02-01T20:14:38Z
220,874,wishlist,2026-02-01T20:34:38Z
220,10,click,2026-02-01T20:50:38Z
220,391,checkout,2026-02-01T21:43:38Z
220,1156,view,2026-02-01T22:18:38Z
220,1479,checkout,2026-02-01T22:27:38Z
220,936,view,2026-02-01T23:08:38Z
220,1465,purchase,2026-02-01T23:44:38Z
220,974,add_to_cart,2026-02-02T00:15:38Z
220,238,checkout,2026-02-02T00:45:38Z
220,1027,click,2026-02-02T01:42:38Z
220,654,search,2026-02-02T01:51:38Z
220,985,add_to_cart,2026-02-02T02:36:38Z
220,3,remove_cart,2026-02-02T02:49:38Z
220,907,view,2026-02-02T02:50:38Z
220,150,click,2026-02-02T03:00:38Z
220,290,view,2026-02-02T03:53:38Z
220,397,search,2026-02-02T04:03:38Z
220,595,search,2026-02-02T04:47:38Z
220,1389,checkout,2026-02-02T05:01:38Z
220,1349,view,2026-02-02T05:24:38Z
220,1417,checkout,2026-02-02T06:19:38Z
220,193,checkout,2026-02-02T06:50:38Z
220,247,remove_cart,2026-02-02T07:50:38Z
220,771,checkout,2026-02-02T07:57:38Z
220,1250,wishlist,2026-02-02T08:43:38Z
220,817,remove_cart,2026-02-02T09:06:38Z
220,933,remove_cart,2026-02-02T09:56:38Z
220,84,remove_cart,2026-02-02T10:15:38Z
220,481,remove_cart,2026-02-02T10:49:38Z
220,545,purchase,2026-02-02T11:08:38Z
220,1260,view,2026-02-02T11:10:38Z
220,331,wishlist,2026-02-02T11:20:38Z
220,1382,search,2026-02-02T11:29:38Z
220,1460,remove_cart,2026-02-02T12:13:38Z
220,940,wishlist,2026-02-02T12:26:38Z
220,374,purchase,2026-02-02T13:11:38Z
220,181,add_to_cart,2026-02-02T14:05:38Z
220,530,click,2026-02-02T14:54:38Z
220,1441,purchase,2026-02-02T15:34:38Z
220,44,view,2026-02-02T16:04:38Z
220,583,wishlist,2026-02-02T16:49:38Z
221,103,search,2026-01-24T16:49:38Z
221,234,view,2026-01-24T17:38:38Z
221,1010,click,2026-01-24T18:00:38Z
221,674,click,2026-01-24T18:06:38Z
221,1438,view,2026-01-24T18:54:38Z
221,142,click,2026-01-24T18:57:38Z
221,311,remove_cart,2026-01-24T19:43:38Z
221,63,remove_cart,2026-01-24T19:44:38Z
221,822,view,2026-01-24T19:53:38Z
221,1172,wishlist,2026-01-24T20:29:38Z
221,536,purchase,2026-01-24T21:12:38Z
221,689,checkout,2026-01-24T22:11:38Z
221,1140,checkout,2026-01-24T23:07:38Z
221,653,purchase,2026-01-24T23:22:38Z
221,1025,search,2026-01-24T23:55:38Z
221,1008,purchase,2026-01-25T00:18:38Z
221,383,click,2026-01-25T00:57:38Z
221,1169,click,2026-01-25T01:16:38Z
221,1168,remove_cart,2026-01-25T01:47:38Z
221,517,click,2026-01-25T02:40:38Z
221,1456,remove_cart,2026-01-25T02:56:38Z
221,794,remove_cart,2026-01-25T03:37:38Z
221,492,search,2026-01-25T04:21:38Z
221,426,add_to_cart,2026-01-25T04:23:38Z
221,1419,click,2026-01-25T04:55:38Z
221,1347,add_to_cart,2026-01-25T05:48:38Z
221,748,remove_cart,2026-01-25T06:16:38Z
221,1062,add_to_cart,2026-01-25T07:06:38Z
221,805,add_to_cart,2026-01-25T07:26:38Z
221,1213,wishlist,2026-01-25T07:43:38Z
221,1021,add_to_cart,2026-01-25T08:30:38Z
221,6,add_to_cart,2026-01-25T08:49:38Z
221,71,view,2026-01-25T09:41:38Z
221,1119,add_to_cart,2026-01-25T09:43:38Z
221,102,remove_cart,2026-01-25T10:26:38Z
221,1366,click,2026-01-25T10:46:38Z
221,36,remove_cart,2026-01-25T11:37:38Z
221,1207,wishlist,2026-01-25T11:43:38Z
221,693,view,2026-01-25T12:19:38Z
221,294,search,2026-01-25T12:33:38Z
221,235,checkout,2026-01-25T13:30:38Z
221,416,remove_cart,2026-01-25T14:12:38Z
221,1321,view,2026-01-25T15:09:38Z
221,656,purchase,2026-01-25T15:25:38Z
221,1343,remove_cart,2026-01-25T16:20:38Z
221,1226,purchase,2026-01-25T16:45:38Z
221,27,purchase,2026-01-25T17:37:38Z
221,120,click,2026-01-25T18:36:38Z
221,78,view,2026-01-25T19:23:38Z
221,1219,view,2026-01-25T19:57:38Z
222,909,view,2026-03-20T16:58:38Z
222,234,click,2026-03-20T17:32:38Z
222,8,add_to_cart,2026-03-20T18:19:38Z
222,635,checkout,2026-03-20T19:11:38Z
222,1089,purchase,2026-03-20T20:06:38Z
222,1079,view,2026-03-20T20:18:38Z
222,1432,purchase,2026-03-20T20:40:38Z
222,687,search,2026-03-20T20:45:38Z
222,1399,add_to_cart,2026-03-20T21:25:38Z
222,472,view,2026-03-20T22:05:38Z
222,538,view,2026-03-20T23:05:38Z
222,909,purchase,2026-03-20T23:46:38Z
222,182,remove_cart,2026-03-21T00:14:38Z
222,856,purchase,2026-03-21T01:04:38Z
222,1094,remove_cart,2026-03-21T01:15:38Z
222,169,view,2026-03-21T01:48:38Z
222,1382,add_to_cart,2026-03-21T01:57:38Z
222,137,remove_cart,2026-03-21T02:31:38Z
222,1172,wishlist,2026-03-21T03:26:38Z
222,940,search,2026-03-21T04:16:38Z
222,938,search,2026-03-21T05:06:38Z
222,712,view,2026-03-21T06:02:38Z
222,181,purchase,2026-03-21T06:07:38Z
222,1395,view,2026-03-21T06:30:38Z
222,501,purchase,2026-03-21T07:14:38Z
222,1256,view,2026-03-21T08:10:38Z
222,416,remove_cart,2026-03-21T08:42:38Z
222,1032,checkout,2026-03-21T09:22:38Z
222,194,search,2026-03-21T09:31:38Z
222,632,click,2026-03-21T10:19:38Z
222,865,add_to_cart,2026-03-21T11:02:38Z
222,836,purchase,2026-03-21T11:33:38Z
222,59,wishlist,2026-03-21T12:15:38Z
222,995,click,2026-03-21T12:41:38Z
222,1414,remove_cart,2026-03-21T13:12:38Z
222,1015,click,2026-03-21T13:45:38Z
222,257,checkout,2026-03-21T14:11:38Z
222,484,purchase,2026-03-21T14:38:38Z
222,1078,remove_cart,2026-03-21T15:13:38Z
222,180,wishlist,2026-03-21T15:15:38Z
222,1311,remove_cart,2026-03-21T16:12:38Z
222,823,add_to_cart,2026-03-21T16:42:38Z
222,326,add_to_cart,2026-03-21T17:20:38Z
222,886,add_to_cart,2026-03-21T17:48:38Z
222,1055,remove_cart,2026-03-21T18:17:38Z
222,1433,view,2026-03-21T18:54:38Z
222,1319,purchase,2026-03-21T19:23:38Z
222,810,remove_cart,2026-03-21T19:29:38Z
222,384,wishlist,2026-03-21T19:40:38Z
222,597,view,2026-03-21T20:10:38Z
222,652,purchase,2026-03-21T21:02:38Z
222,663,click,2026-03-21T21:11:38Z
222,977,wishlist,2026-03-21T21:51:38Z
222,312,checkout,2026-03-21T22:21:38Z
222,1236,remove_cart,2026-03-21T22:42:38Z
222,607,checkout,2026-03-21T23:07:38Z
222,385,view,2026-03-21T23:43:38Z
223,1090,view,2026-02-07T17:10:38Z
223,650,wishlist,2026-02-07T17:12:38Z
223,149,view,2026-02-07T17:14:38Z
223,1456,click,2026-02-07T18:13:38Z
223,596,add_to_cart,2026-02-07T19:13:38Z
223,903,click,2026-02-07T20:03:38Z
223,794,click,2026-02-07T21:01:38Z
223,1130,wishlist,2026-02-07T21:32:38Z
223,144,purchase,2026-02-07T22:09:38Z
223,722,add_to_cart,2026-02-07T22:47:38Z
223,191,remove_cart,2026-02-07T23:10:38Z
223,1328,checkout,2026-02-07T23:16:38Z
223,632,click,2026-02-08T00:10:38Z
223,115,remove_cart,2026-02-08T00:13:38Z
223,90,wishlist,2026-02-08T01:03:38Z
223,1236,view,2026-02-08T01:49:38Z
223,553,add_to_cart,2026-02-08T02:06:38Z
223,916,add_to_cart,2026-02-08T02:40:38Z
223,1310,checkout,2026-02-08T03:03:38Z
223,1283,checkout,2026-02-08T03:07:38Z
223,35,purchase,2026-02-08T03:49:38Z
223,402,add_to_cart,2026-02-08T04:27:38Z
223,209,view,2026-02-08T04:35:38Z
223,1298,add_to_cart,2026-02-08T04:57:38Z
223,1319,view,2026-02-08T05:02:38Z
223,1282,remove_cart,2026-02-08T05:56:38Z
223,564,view,2026-02-08T06:28:38Z
223,48,add_to_cart,2026-02-08T07:05:38Z
223,1318,remove_cart,2026-02-08T07:48:38Z
223,372,wishlist,2026-02-08T07:58:38Z
223,388,add_to_cart,2026-02-08T08:13:38Z
223,432,remove_cart,2026-02-08T08:52:38Z
223,1149,click,2026-02-08T09:33:38Z
223,345,view,2026-02-08T09:58:38Z
223,1021,view,2026-02-08T09:59:38Z
223,279,purchase,2026-02-08T10:01:38Z
223,354,search,2026-02-08T10:52:38Z
223,1456,remove_cart,2026-02-08T11:34:38Z
223,532,remove_cart,2026-02-08T11:43:38Z
223,490,checkout,2026-02-08T12:07:38Z
223,1301,checkout,2026-02-08T12:58:38Z
223,1429,search,2026-02-08T13:00:38Z
223,1414,wishlist,2026-02-08T13:32:38Z
223,1315,click,2026-02-08T14:24:38Z
223,801,search,2026-02-08T14:44:38Z
223,836,wishlist,2026-02-08T15:42:38Z
223,102,checkout,2026-02-08T15:59:38Z
223,1010,remove_cart,2026-02-08T16:34:38Z
223,1323,purchase,2026-02-08T16:58:38Z
223,764,search,2026-02-08T17:15:38Z
223,677,purchase,2026-02-08T17:32:38Z
223,780,click,2026-02-08T17:50:38Z
223,1125,remove_cart,2026-02-08T18:48:38Z
223,1053,remove_cart,2026-02-08T19:11:38Z
223,549,purchase,2026-02-08T19:54:38Z
223,608,purchase,2026-02-08T20:45:38Z
223,724,purchase,2026-02-08T21:28:38Z
223,328,remove_cart,2026-02-08T22:09:38Z
223,1013,remove_cart,2026-02-08T23:03:38Z
223,803,purchase,2026-02-08T23:31:38Z
223,642,search,2026-02-09T00:05:38Z
223,61,purchase,2026-02-09T00:15:38Z
223,748,checkout,2026-02-09T00:46:38Z
223,1041,checkout,2026-02-09T00:47:38Z
223,326,search,2026-02-09T01:03:38Z
223,1250,remove_cart,2026-02-09T01:53:38Z
223,1329,purchase,2026-02-09T02:36:38Z
223,500,search,2026-02-09T02:56:38Z
223,1415,remove_cart,2026-02-09T03:35:38Z
223,1097,wishlist,2026-02-09T04:31:38Z
223,49,view,2026-02-09T04:54:38Z
223,123,search,2026-02-09T05:15:38Z
223,66,wishlist,2026-02-09T06:02:38Z
223,552,add_to_cart,2026-02-09T06:37:38Z
223,339,remove_cart,2026-02-09T07:07:38Z
223,938,view,2026-02-09T07:11:38Z
223,353,purchase,2026-02-09T07:29:38Z
223,94,purchase,2026-02-09T08:06:38Z
224,1004,view,2026-02-19T16:37:38Z
224,291,click,2026-02-19T17:36:38Z
224,1209,add_to_cart,2026-02-19T18:31:38Z
224,553,remove_cart,2026-02-19T18:52:38Z
224,708,view,2026-02-19T19:33:38Z
224,1152,view,2026-02-19T19:49:38Z
224,864,view,2026-02-19T19:54:38Z
224,1146,add_to_cart,2026-02-19T20:16:38Z
224,726,wishlist,2026-02-19T20:24:38Z
224,272,view,2026-02-19T21:08:38Z
224,704,view,2026-02-19T21:28:38Z
224,379,view,2026-02-19T22:11:38Z
224,430,click,2026-02-19T22:31:38Z
224,133,wishlist,2026-02-19T22:46:38Z
224,951,add_to_cart,2026-02-19T23:45:38Z
224,1401,search,2026-02-20T00:35:38Z
224,459,purchase,2026-02-20T01:28:38Z
224,678,checkout,2026-02-20T02:08:38Z
224,1478,purchase,2026-02-20T02:14:38Z
224,292,click,2026-02-20T02:22:38Z
224,723,purchase,2026-02-20T03:05:38Z
224,342,view,2026-02-20T03:23:38Z
224,379,remove_cart,2026-02-20T03:46:38Z
224,542,checkout,2026-02-20T04:39:38Z
224,890,add_to_cart,2026-02-20T05:15:38Z
224,376,remove_cart,2026-02-20T06:13:38Z
224,1418,wishlist,2026-02-20T06:21:38Z
224,745,view,2026-02-20T06:55:38Z
224,1083,checkout,2026-02-20T07:10:38Z
224,1465,purchase,2026-02-20T07:46:38Z
224,600,wishlist,2026-02-20T08:09:38Z
224,532,wishlist,2026-02-20T08:15:38Z
224,1237,remove_cart,2026-02-20T08:18:38Z
224,476,click,2026-02-20T08:56:38Z
224,161,wishlist,2026-02-20T09:03:38Z
224,624,checkout,2026-02-20T09:46:38Z
224,733,wishlist,2026-02-20T10:40:38Z
224,1402,wishlist,2026-02-20T11:29:38Z
224,930,purchase,2026-02-20T12:14:38Z
224,856,view,2026-02-20T13:14:38Z
224,382,add_to_cart,2026-02-20T13:45:38Z
224,934,click,2026-02-20T14:12:38Z
224,906,purchase,2026-02-20T14:28:38Z
224,196,search,2026-02-20T14:53:38Z
224,178,add_to_cart,2026-02-20T15:48:38Z
224,975,wishlist,2026-02-20T16:42:38Z
224,1473,wishlist,2026-02-20T17:10:38Z
224,872,add_to_cart,2026-02-20T17:59:38Z
224,208,search,2026-02-20T18:56:38Z
224,869,add_to_cart,2026-02-20T19:45:38Z
224,528,view,2026-02-20T20:18:38Z
224,1342,click,2026-02-20T20:51:38Z
224,328,checkout,2026-02-20T21:17:38Z
224,1273,view,2026-02-20T21:55:38Z
224,1170,view,2026-02-20T22:23:38Z
224,1236,purchase,2026-02-20T22:29:38Z
224,42,remove_cart,2026-02-20T22:45:38Z
224,1267,purchase,2026-02-20T23:45:38Z
224,893,wishlist,2026-02-20T23:50:38Z
224,637,checkout,2026-02-20T23:54:38Z
224,1459,wishlist,2026-02-20T23:57:38Z
224,1261,wishlist,2026-02-21T00:44:38Z
224,257,add_to_cart,2026-02-21T01:43:38Z
224,467,remove_cart,2026-02-21T02:12:38Z
225,441,search,2026-04-07T17:11:38Z
225,470,view,2026-04-07T17:29:38Z
225,1088,click,2026-04-07T18:22:38Z
225,1029,view,2026-04-07T18:42:38Z
225,186,wishlist,2026-04-07T19:37:38Z
225,312,search,2026-04-07T20:19:38Z
225,757,view,2026-04-07T20:29:38Z
225,610,purchase,2026-04-07T20:55:38Z
225,1392,wishlist,2026-04-07T20:58:38Z
225,360,add_to_cart,2026-04-07T21:34:38Z
225,505,purchase,2026-04-07T21:41:38Z
225,966,search,2026-04-07T21:50:38Z
225,760,wishlist,2026-04-07T22:40:38Z
225,956,checkout,2026-04-07T23:05:38Z
225,1249,add_to_cart,2026-04-07T23:44:38Z
225,1472,click,2026-04-07T23:52:38Z
225,1210,wishlist,2026-04-08T00:11:38Z
225,585,view,2026-04-08T00:59:38Z
225,175,search,2026-04-08T01:12:38Z
225,613,purchase,2026-04-08T01:54:38Z
225,1260,purchase,2026-04-08T02:22:38Z
225,174,wishlist,2026-04-08T02:37:38Z
225,1338,view,2026-04-08T03:21:38Z
225,1199,add_to_cart,2026-04-08T04:04:38Z
225,244,checkout,2026-04-08T04:35:38Z
225,33,click,2026-04-08T04:56:38Z
225,1400,remove_cart,2026-04-08T05:06:38Z
225,958,click,2026-04-08T05:50:38Z
225,696,add_to_cart,2026-04-08T06:15:38Z
225,926,click,2026-04-08T07:14:38Z
225,332,purchase,2026-04-08T08:09:38Z
225,876,click,2026-04-08T09:03:38Z
225,1259,add_to_cart,2026-04-08T09:47:38Z
225,110,click,2026-04-08T10:35:38Z
225,1267,checkout,2026-04-08T10:50:38Z
225,201,add_to_cart,2026-04-08T11:01:38Z
225,1162,purchase,2026-04-08T11:27:38Z
225,660,click,2026-04-08T12:18:38Z
225,1392,checkout,2026-04-08T12:32:38Z
225,992,checkout,2026-04-08T13:00:38Z
225,56,click,2026-04-08T13:50:38Z
225,1157,wishlist,2026-04-08T13:59:38Z
225,3,checkout,2026-04-08T14:31:38Z
225,599,checkout,2026-04-08T15:13:38Z
225,1219,wishlist,2026-04-08T16:08:38Z
225,403,click,2026-04-08T16:32:38Z
225,562,view,2026-04-08T16:49:38Z
225,22,wishlist,2026-04-08T16:53:38Z
225,269,add_to_cart,2026-04-08T16:54:38Z
225,1067,remove_cart,2026-04-08T17:42:38Z
225,1013,purchase,2026-04-08T18:18:38Z
225,437,view,2026-04-08T19:15:38Z
225,710,search,2026-04-08T19:56:38Z
225,1218,view,2026-04-08T20:07:38Z
225,819,wishlist,2026-04-08T20:40:38Z
225,813,checkout,2026-04-08T21:29:38Z
225,1329,view,2026-04-08T21:45:38Z
225,18,view,2026-04-08T22:03:38Z
225,836,purchase,2026-04-08T22:21:38Z
225,713,checkout,2026-04-08T23:05:38Z
225,141,search,2026-04-08T23:46:38Z
225,869,add_to_cart,2026-04-09T00:02:38Z
225,155,click,2026-04-09T00:05:38Z
226,354,search,2026-03-19T16:51:38Z
226,100,view,2026-03-19T16:56:38Z
226,643,click,2026-03-19T17:52:38Z
226,501,click,2026-03-19T18:08:38Z
226,124,search,2026-03-19T18:33:38Z
226,636,click,2026-03-19T19:08:38Z
226,6,add_to_cart,2026-03-19T19:18:38Z
226,1097,click,2026-03-19T19:34:38Z
226,484,add_to_cart,2026-03-19T19:58:38Z
226,1127,add_to_cart,2026-03-19T20:01:38Z
226,1498,purchase,2026-03-19T20:45:38Z
226,1377,click,2026-03-19T21:42:38Z
226,249,remove_cart,2026-03-19T22:16:38Z
226,851,remove_cart,2026-03-19T22:31:38Z
226,1101,view,2026-03-19T22:47:38Z
226,1437,click,2026-03-19T23:29:38Z
226,780,checkout,2026-03-19T23:45:38Z
226,1046,view,2026-03-20T00:15:38Z
226,996,search,2026-03-20T00:57:38Z
226,378,remove_cart,2026-03-20T01:28:38Z
226,48,view,2026-03-20T01:31:38Z
226,166,wishlist,2026-03-20T01:40:38Z
226,1469,search,2026-03-20T02:25:38Z
226,104,click,2026-03-20T03:15:38Z
226,19,checkout,2026-03-20T04:14:38Z
226,889,checkout,2026-03-20T04:22:38Z
226,1149,purchase,2026-03-20T04:40:38Z
226,57,wishlist,2026-03-20T05:36:38Z
226,370,wishlist,2026-03-20T05:43:38Z
226,14,purchase,2026-03-20T06:13:38Z
226,226,wishlist,2026-03-20T06:19:38Z
226,543,click,2026-03-20T06:59:38Z
226,532,search,2026-03-20T07:23:38Z
226,1241,wishlist,2026-03-20T07:50:38Z
226,1264,checkout,2026-03-20T08:00:38Z
226,694,remove_cart,2026-03-20T08:23:38Z
226,236,remove_cart,2026-03-20T09:16:38Z
226,877,add_to_cart,2026-03-20T09:46:38Z
226,484,checkout,2026-03-20T09:52:38Z
226,1402,checkout,2026-03-20T10:21:38Z
226,1384,click,2026-03-20T11:06:38Z
226,290,remove_cart,2026-03-20T11:55:38Z
226,1198,remove_cart,2026-03-20T12:11:38Z
226,219,wishlist,2026-03-20T12:37:38Z
226,823,add_to_cart,2026-03-20T13:25:38Z
226,903,remove_cart,2026-03-20T14:25:38Z
226,763,purchase,2026-03-20T14:27:38Z
226,425,wishlist,2026-03-20T14:59:38Z
226,401,checkout,2026-03-20T15:06:38Z
226,587,checkout,2026-03-20T15:54:38Z
226,1494,view,2026-03-20T16:05:38Z
226,1408,add_to_cart,2026-03-20T16:19:38Z
226,780,search,2026-03-20T17:02:38Z
226,609,click,2026-03-20T17:22:38Z
226,781,remove_cart,2026-03-20T18:19:38Z
226,869,add_to_cart,2026-03-20T18:51:38Z
226,448,purchase,2026-03-20T19:38:38Z
226,1393,view,2026-03-20T19:57:38Z
226,937,click,2026-03-20T20:02:38Z
226,199,remove_cart,2026-03-20T20:52:38Z
226,1283,search,2026-03-20T21:04:38Z
226,381,click,2026-03-20T21:28:38Z
226,465,search,2026-03-20T22:01:38Z
226,813,click,2026-03-20T22:40:38Z
226,852,remove_cart,2026-03-20T22:54:38Z
226,56,search,2026-03-20T23:25:38Z
226,642,search,2026-03-20T23:50:38Z
226,1158,remove_cart,2026-03-21T00:25:38Z
226,1046,remove_cart,2026-03-21T01:03:38Z
226,45,checkout,2026-03-21T02:03:38Z
226,1129,purchase,2026-03-21T02:28:38Z
226,58,purchase,2026-03-21T02:29:38Z
226,451,search,2026-03-21T03:04:38Z
226,1236,checkout,2026-03-21T03:48:38Z
226,1493,purchase,2026-03-21T04:14:38Z
226,162,purchase,2026-03-21T04:59:38Z
227,297,search,2026-03-06T17:10:38Z
227,1448,view,2026-03-06T18:00:38Z
227,233,click,2026-03-06T18:39:38Z
227,119,add_to_cart,2026-03-06T19:10:38Z
227,1226,remove_cart,2026-03-06T19:32:38Z
227,132,purchase,2026-03-06T19:50:38Z
227,542,view,2026-03-06T20:49:38Z
227,1405,view,2026-03-06T21:14:38Z
227,193,add_to_cart,2026-03-06T21:52:38Z
227,926,click,2026-03-06T22:27:38Z
227,1052,add_to_cart,2026-03-06T22:36:38Z
227,983,add_to_cart,2026-03-06T22:54:38Z
227,395,click,2026-03-06T23:28:38Z
227,1099,view,2026-03-06T23:34:38Z
227,1427,click,2026-03-07T00:03:38Z
227,110,remove_cart,2026-03-07T00:45:38Z
227,1387,checkout,2026-03-07T01:07:38Z
227,1256,checkout,2026-03-07T01:41:38Z
227,1181,search,2026-03-07T02:35:38Z
227,584,checkout,2026-03-07T03:33:38Z
227,1230,checkout,2026-03-07T04:13:38Z
227,331,view,2026-03-07T04:34:38Z
227,1005,add_to_cart,2026-03-07T04:41:38Z
227,572,click,2026-03-07T04:49:38Z
227,688,remove_cart,2026-03-07T05:40:38Z
227,1059,remove_cart,2026-03-07T06:03:38Z
227,1270,click,2026-03-07T06:39:38Z
227,20,click,2026-03-07T07:37:38Z
227,1009,remove_cart,2026-03-07T07:42:38Z
227,1403,purchase,2026-03-07T08:23:38Z
227,499,wishlist,2026-03-07T08:50:38Z
227,410,click,2026-03-07T09:17:38Z
227,1222,click,2026-03-07T09:28:38Z
227,722,checkout,2026-03-07T09:52:38Z
227,365,checkout,2026-03-07T10:45:38Z
227,858,remove_cart,2026-03-07T10:52:38Z
227,841,search,2026-03-07T11:31:38Z
227,1149,purchase,2026-03-07T12:03:38Z
227,1176,click,2026-03-07T12:09:38Z
227,1413,purchase,2026-03-07T12:43:38Z
227,1087,view,2026-03-07T13:09:38Z
227,97,add_to_cart,2026-03-07T13:54:38Z
227,425,click,2026-03-07T14:43:38Z
227,158,view,2026-03-07T15:15:38Z
227,713,remove_cart,2026-03-07T15:47:38Z
227,1400,purchase,2026-03-07T16:38:38Z
227,797,add_to_cart,2026-03-07T16:46:38Z
227,1416,purchase,2026-03-07T17:38:38Z
227,247,purchase,2026-03-07T18:05:38Z
227,963,purchase,2026-03-07T18:10:38Z
227,1185,wishlist,2026-03-07T18:28:38Z
227,93,view,2026-03-07T19:17:38Z
227,1234,search,2026-03-07T20:02:38Z
227,976,view,2026-03-07T20:18:38Z
227,732,add_to_cart,2026-03-07T20:57:38Z
227,1057,search,2026-03-07T21:21:38Z
227,461,wishlist,2026-03-07T21:54:38Z
227,863,wishlist,2026-03-07T22:39:38Z
227,1225,purchase,2026-03-07T23:23:38Z
227,987,click,2026-03-07T23:33:38Z
227,447,search,2026-03-08T00:20:38Z
227,660,add_to_cart,2026-03-08T00:30:38Z
227,897,wishlist,2026-03-08T00:37:38Z
227,1230,search,2026-03-08T00:42:38Z
227,1143,add_to_cart,2026-03-08T01:03:38Z
227,521,click,2026-03-08T01:44:38Z
227,863,checkout,2026-03-08T02:40:38Z
227,218,add_to_cart,2026-03-08T03:38:38Z
228,77,search,2026-03-27T16:48:38Z
228,1426,view,2026-03-27T16:56:38Z
228,810,click,2026-03-27T17:31:38Z
228,1226,purchase,2026-03-27T18:08:38Z
228,529,search,2026-03-27T18:31:38Z
228,426,click,2026-03-27T19:24:38Z
228,479,search,2026-03-27T19:45:38Z
228,798,click,2026-03-27T20:06:38Z
228,108,purchase,2026-03-27T20:56:38Z
228,964,purchase,2026-03-27T20:57:38Z
228,1355,remove_cart,2026-03-27T21:31:38Z
228,1274,wishlist,2026-03-27T22:21:38Z
228,1203,view,2026-03-27T23:03:38Z
228,1355,remove_cart,2026-03-27T23:48:38Z
228,1187,search,2026-03-28T00:12:38Z
228,1290,checkout,2026-03-28T00:21:38Z
228,1494,search,2026-03-28T01:20:38Z
228,1252,view,2026-03-28T01:56:38Z
228,221,add_to_cart,2026-03-28T02:41:38Z
228,1303,checkout,2026-03-28T03:12:38Z
228,1333,purchase,2026-03-28T03:34:38Z
228,821,click,2026-03-28T04:01:38Z
228,423,click,2026-03-28T04:06:38Z
228,964,purchase,2026-03-28T04:46:38Z
228,879,purchase,2026-03-28T05:46:38Z
228,980,checkout,2026-03-28T05:48:38Z
228,981,add_to_cart,2026-03-28T05:56:38Z
228,602,purchase,2026-03-28T06:42:38Z
228,370,view,2026-03-28T07:28:38Z
228,1333,search,2026-03-28T07:37:38Z
228,350,add_to_cart,2026-03-28T08:19:38Z
228,1410,search,2026-03-28T08:26:38Z
228,126,purchase,2026-03-28T09:18:38Z
228,504,remove_cart,2026-03-28T10:02:38Z
228,481,add_to_cart,2026-03-28T10:49:38Z
228,632,remove_cart,2026-03-28T11:10:38Z
228,1115,view,2026-03-28T11:17:38Z
228,635,click,2026-03-28T11:59:38Z
228,345,search,2026-03-28T12:17:38Z
228,1133,search,2026-03-28T13:06:38Z
228,1371,search,2026-03-28T13:16:38Z
228,1420,view,2026-03-28T13:27:38Z
228,754,search,2026-03-28T13:43:38Z
228,1231,view,2026-03-28T14:28:38Z
228,843,search,2026-03-28T14:57:38Z
228,187,wishlist,2026-03-28T15:42:38Z
228,1055,click,2026-03-28T16:25:38Z
228,134,remove_cart,2026-03-28T17:08:38Z
228,562,wishlist,2026-03-28T17:35:38Z
228,1180,view,2026-03-28T18:15:38Z
228,633,search,2026-03-28T18:22:38Z
228,395,checkout,2026-03-28T18:45:38Z
228,395,click,2026-03-28T19:43:38Z
228,656,checkout,2026-03-28T19:46:38Z
228,1304,search,2026-03-28T20:40:38Z
228,666,add_to_cart,2026-03-28T21:00:38Z
228,1298,click,2026-03-28T21:44:38Z
228,367,view,2026-03-28T22:17:38Z
228,156,remove_cart,2026-03-28T23:13:38Z
228,1317,click,2026-03-28T23:15:38Z
228,786,purchase,2026-03-28T23:36:38Z
228,548,wishlist,2026-03-29T00:16:38Z
228,1184,add_to_cart,2026-03-29T01:04:38Z
228,1299,add_to_cart,2026-03-29T01:07:38Z
228,984,add_to_cart,2026-03-29T01:23:38Z
228,782,remove_cart,2026-03-29T02:09:38Z
228,1360,remove_cart,2026-03-29T02:47:38Z
228,355,remove_cart,2026-03-29T03:26:38Z
228,711,add_to_cart,2026-03-29T04:03:38Z
228,1101,purchase,2026-03-29T04:18:38Z
228,1165,remove_cart,2026-03-29T04:24:38Z
228,134,search,2026-03-29T04:30:38Z
229,1387,search,2026-02-09T17:01:38Z
229,1273,view,2026-02-09T17:03:38Z
229,473,click,2026-02-09T17:54:38Z
229,575,search,2026-02-09T18:03:38Z
229,5,add_to_cart,2026-02-09T18:22:38Z
229,1380,remove_cart,2026-02-09T18:50:38Z
229,385,add_to_cart,2026-02-09T19:23:38Z
229,392,search,2026-02-09T19:50:38Z
229,615,purchase,2026-02-09T20:42:38Z
229,528,purchase,2026-02-09T20:58:38Z
229,760,purchase,2026-02-09T21:29:38Z
229,1079,click,2026-02-09T22:17:38Z
229,1254,remove_cart,2026-02-09T22:45:38Z
229,77,search,2026-02-09T23:32:38Z
229,742,remove_cart,2026-02-10T00:22:38Z
229,583,search,2026-02-10T00:34:38Z
229,1152,purchase,2026-02-10T01:21:38Z
229,1271,add_to_cart,2026-02-10T01:46:38Z
229,676,add_to_cart,2026-02-10T02:22:38Z
229,922,wishlist,2026-02-10T02:24:38Z
229,697,search,2026-02-10T02:38:38Z
229,712,view,2026-02-10T03:15:38Z
229,1146,add_to_cart,2026-02-10T04:04:38Z
229,558,wishlist,2026-02-10T04:43:38Z
229,1294,checkout,2026-02-10T05:37:38Z
229,1166,view,2026-02-10T05:53:38Z
229,1240,remove_cart,2026-02-10T06:45:38Z
229,670,remove_cart,2026-02-10T07:04:38Z
229,1231,purchase,2026-02-10T07:25:38Z
229,964,click,2026-02-10T08:19:38Z
229,92,remove_cart,2026-02-10T08:41:38Z
229,256,search,2026-02-10T09:11:38Z
229,78,purchase,2026-02-10T09:12:38Z
229,280,wishlist,2026-02-10T09:30:38Z
229,563,checkout,2026-02-10T09:44:38Z
229,1495,search,2026-02-10T10:32:38Z
229,773,remove_cart,2026-02-10T11:15:38Z
229,922,remove_cart,2026-02-10T11:43:38Z
229,34,search,2026-02-10T12:13:38Z
229,219,remove_cart,2026-02-10T12:58:38Z
229,1316,checkout,2026-02-10T13:43:38Z
229,888,view,2026-02-10T14:39:38Z
229,535,view,2026-02-10T14:45:38Z
229,169,checkout,2026-02-10T15:44:38Z
229,441,click,2026-02-10T15:46:38Z
229,1467,search,2026-02-10T16:37:38Z
229,690,checkout,2026-02-10T16:44:38Z
229,735,remove_cart,2026-02-10T17:15:38Z
229,1491,remove_cart,2026-02-10T17:43:38Z
229,1337,wishlist,2026-02-10T17:44:38Z
229,1112,wishlist,2026-02-10T17:49:38Z
229,1406,remove_cart,2026-02-10T17:51:38Z
229,1007,click,2026-02-10T18:16:38Z
229,1153,search,2026-02-10T18:33:38Z
229,582,add_to_cart,2026-02-10T18:47:38Z
229,1251,purchase,2026-02-10T19:11:38Z
229,1060,remove_cart,2026-02-10T19:48:38Z
229,570,wishlist,2026-02-10T19:50:38Z
229,35,wishlist,2026-02-10T20:39:38Z
229,838,wishlist,2026-02-10T21:30:38Z
230,703,search,2026-02-05T16:54:38Z
230,94,view,2026-02-05T17:14:38Z
230,1459,click,2026-02-05T17:23:38Z
230,365,search,2026-02-05T18:21:38Z
230,966,remove_cart,2026-02-05T18:26:38Z
230,679,add_to_cart,2026-02-05T19:24:38Z
230,616,checkout,2026-02-05T19:32:38Z
230,267,view,2026-02-05T20:27:38Z
230,1398,wishlist,2026-02-05T20:31:38Z
230,663,purchase,2026-02-05T21:06:38Z
230,354,checkout,2026-02-05T21:34:38Z
230,617,remove_cart,2026-02-05T22:30:38Z
230,843,click,2026-02-05T23:11:38Z
230,1325,purchase,2026-02-05T23:45:38Z
230,501,search,2026-02-06T00:22:38Z
230,1146,remove_cart,2026-02-06T01:18:38Z
230,790,view,2026-02-06T02:01:38Z
230,1049,purchase,2026-02-06T02:22:38Z
230,39,wishlist,2026-02-06T02:37:38Z
230,163,click,2026-02-06T02:39:38Z
230,1125,add_to_cart,2026-02-06T03:08:38Z
230,683,remove_cart,2026-02-06T03:47:38Z
230,1251,click,2026-02-06T04:39:38Z
230,603,purchase,2026-02-06T04:40:38Z
230,1451,wishlist,2026-02-06T04:50:38Z
230,718,checkout,2026-02-06T05:20:38Z
230,973,remove_cart,2026-02-06T06:09:38Z
230,443,view,2026-02-06T07:07:38Z
230,850,remove_cart,2026-02-06T07:28:38Z
230,398,add_to_cart,2026-02-06T07:32:38Z
230,520,remove_cart,2026-02-06T07:46:38Z
230,577,search,2026-02-06T08:30:38Z
230,1219,purchase,2026-02-06T09:11:38Z
230,1042,search,2026-02-06T09:37:38Z
230,1472,remove_cart,2026-02-06T10:25:38Z
230,215,purchase,2026-02-06T10:40:38Z
230,309,click,2026-02-06T11:24:38Z
230,760,purchase,2026-02-06T11:39:38Z
230,864,checkout,2026-02-06T12:23:38Z
230,1463,click,2026-02-06T12:54:38Z
230,451,view,2026-02-06T13:23:38Z
230,915,click,2026-02-06T14:20:38Z
230,732,search,2026-02-06T14:38:38Z
230,877,checkout,2026-02-06T15:08:38Z
230,847,add_to_cart,2026-02-06T15:52:38Z
230,502,add_to_cart,2026-02-06T16:17:38Z
231,642,view,2026-02-28T16:57:38Z
231,85,click,2026-02-28T17:42:38Z
231,1258,add_to_cart,2026-02-28T18:15:38Z
231,1136,remove_cart,2026-02-28T19:13:38Z
231,1240,view,2026-02-28T20:12:38Z
231,1016,checkout,2026-02-28T21:05:38Z
231,1016,search,2026-02-28T21:56:38Z
231,559,wishlist,2026-02-28T22:36:38Z
231,491,search,2026-02-28T23:18:38Z
231,1029,search,2026-03-01T00:12:38Z
231,1204,wishlist,2026-03-01T00:21:38Z
231,390,wishlist,2026-03-01T01:16:38Z
231,942,checkout,2026-03-01T02:04:38Z
231,57,search,2026-03-01T03:01:38Z
231,798,purchase,2026-03-01T03:32:38Z
231,1142,checkout,2026-03-01T03:59:38Z
231,52,checkout,2026-03-01T04:18:38Z
231,308,search,2026-03-01T05:14:38Z
231,984,view,2026-03-01T06:10:38Z
231,727,remove_cart,2026-03-01T06:40:38Z
231,1223,click,2026-03-01T07:00:38Z
231,410,checkout,2026-03-01T07:23:38Z
231,156,search,2026-03-01T07:29:38Z
231,965,wishlist,2026-03-01T08:18:38Z
231,426,purchase,2026-03-01T09:00:38Z
231,1205,view,2026-03-01T09:40:38Z
231,67,view,2026-03-01T10:31:38Z
231,569,view,2026-03-01T11:08:38Z
231,838,view,2026-03-01T11:59:38Z
231,732,wishlist,2026-03-01T12:25:38Z
231,595,add_to_cart,2026-03-01T12:41:38Z
231,501,search,2026-03-01T13:03:38Z
231,1346,wishlist,2026-03-01T13:45:38Z
231,504,remove_cart,2026-03-01T14:09:38Z
231,411,wishlist,2026-03-01T14:21:38Z
231,881,add_to_cart,2026-03-01T14:48:38Z
231,1400,view,2026-03-01T15:29:38Z
231,76,view,2026-03-01T16:25:38Z
231,60,search,2026-03-01T16:55:38Z
231,123,click,2026-03-01T17:00:38Z
231,631,purchase,2026-03-01T17:53:38Z
231,864,wishlist,2026-03-01T18:46:38Z
231,1229,click,2026-03-01T18:52:38Z
231,644,remove_cart,2026-03-01T19:46:38Z
231,1122,click,2026-03-01T19:52:38Z
231,652,click,2026-03-01T20:36:38Z
231,918,purchase,2026-03-01T21:24:38Z
231,874,search,2026-03-01T21:50:38Z
231,1496,click,2026-03-01T22:10:38Z
231,919,search,2026-03-01T22:41:38Z
231,191,remove_cart,2026-03-01T23:41:38Z
231,998,remove_cart,2026-03-02T00:14:38Z
231,1476,view,2026-03-02T00:32:38Z
231,1196,checkout,2026-03-02T01:19:38Z
231,1375,remove_cart,2026-03-02T01:45:38Z
231,302,remove_cart,2026-03-02T02:21:38Z
231,764,view,2026-03-02T03:09:38Z
231,828,add_to_cart,2026-03-02T03:33:38Z
231,1201,wishlist,2026-03-02T04:12:38Z
231,1079,wishlist,2026-03-02T04:14:38Z
231,1472,click,2026-03-02T04:32:38Z
231,477,add_to_cart,2026-03-02T05:17:38Z
231,1496,purchase,2026-03-02T05:18:38Z
231,1443,add_to_cart,2026-03-02T05:55:38Z
231,866,add_to_cart,2026-03-02T06:27:38Z
231,36,search,2026-03-02T07:22:38Z
231,986,wishlist,2026-03-02T07:40:38Z
231,1096,purchase,2026-03-02T08:20:38Z
231,319,remove_cart,2026-03-02T08:32:38Z
231,113,click,2026-03-02T08:49:38Z
231,443,wishlist,2026-03-02T08:54:38Z
231,796,click,2026-03-02T09:29:38Z
231,632,remove_cart,2026-03-02T09:32:38Z
231,924,checkout,2026-03-02T09:52:38Z
231,1131,purchase,2026-03-02T10:06:38Z
231,930,click,2026-03-02T10:23:38Z
231,535,wishlist,2026-03-02T10:34:38Z
231,620,checkout,2026-03-02T10:54:38Z
231,385,add_to_cart,2026-03-02T10:55:38Z
231,538,wishlist,2026-03-02T11:34:38Z
232,1377,view,2026-04-06T17:22:38Z
232,1479,click,2026-04-06T17:33:38Z
232,1034,add_to_cart,2026-04-06T17:48:38Z
232,1322,checkout,2026-04-06T18:19:38Z
232,732,purchase,2026-04-06T18:34:38Z
232,1397,click,2026-04-06T19:09:38Z
232,636,remove_cart,2026-04-06T19:36:38Z
232,620,checkout,2026-04-06T20:07:38Z
232,185,click,2026-04-06T20:21:38Z
232,751,purchase,2026-04-06T21:20:38Z
232,1381,click,2026-04-06T21:53:38Z
232,290,purchase,2026-04-06T21:54:38Z
232,766,wishlist,2026-04-06T22:27:38Z
232,857,purchase,2026-04-06T22:45:38Z
232,161,wishlist,2026-04-06T23:20:38Z
232,1274,wishlist,2026-04-06T23:34:38Z
232,344,wishlist,2026-04-07T00:15:38Z
232,1128,click,2026-04-07T00:47:38Z
232,1276,wishlist,2026-04-07T01:09:38Z
232,1183,view,2026-04-07T02:01:38Z
232,1388,search,2026-04-07T02:47:38Z
232,350,click,2026-04-07T03:46:38Z
232,740,remove_cart,2026-04-07T04:08:38Z
232,944,click,2026-04-07T04:33:38Z
232,1272,wishlist,2026-04-07T05:22:38Z
232,1102,add_to_cart,2026-04-07T05:36:38Z
232,199,purchase,2026-04-07T06:31:38Z
232,1091,purchase,2026-04-07T06:51:38Z
232,1468,click,2026-04-07T07:27:38Z
232,114,view,2026-04-07T08:14:38Z
232,134,purchase,2026-04-07T08:49:38Z
232,789,search,2026-04-07T09:45:38Z
232,261,purchase,2026-04-07T10:02:38Z
232,322,add_to_cart,2026-04-07T10:22:38Z
232,1246,click,2026-04-07T11:07:38Z
232,949,wishlist,2026-04-07T11:44:38Z
232,107,purchase,2026-04-07T12:33:38Z
232,130,click,2026-04-07T12:45:38Z
233,396,search,2026-03-10T16:53:38Z
233,186,view,2026-03-10T17:12:38Z
233,606,click,2026-03-10T17:18:38Z
233,403,remove_cart,2026-03-10T17:24:38Z
233,681,purchase,2026-03-10T17:30:38Z
233,401,wishlist,2026-03-10T17:54:38Z
233,657,view,2026-03-10T17:59:38Z
233,389,purchase,2026-03-10T18:02:38Z
233,630,view,2026-03-10T18:54:38Z
233,922,search,2026-03-10T18:55:38Z
233,181,checkout,2026-03-10T19:30:38Z
233,98,click,2026-03-10T20:28:38Z
233,1258,remove_cart,2026-03-10T20:52:38Z
233,641,search,2026-03-10T21:35:38Z
233,834,wishlist,2026-03-10T22:05:38Z
233,626,remove_cart,2026-03-10T22:21:38Z
233,622,wishlist,2026-03-10T23:18:38Z
233,1144,click,2026-03-11T00:09:38Z
233,1211,add_to_cart,2026-03-11T00:48:38Z
233,833,click,2026-03-11T00:58:38Z
233,313,search,2026-03-11T01:20:38Z
233,629,view,2026-03-11T01:47:38Z
233,1266,click,2026-03-11T02:47:38Z
233,859,click,2026-03-11T02:49:38Z
233,1423,click,2026-03-11T03:48:38Z
233,780,remove_cart,2026-03-11T04:30:38Z
233,121,click,2026-03-11T04:32:38Z
233,1361,add_to_cart,2026-03-11T04:43:38Z
233,253,search,2026-03-11T04:52:38Z
233,290,remove_cart,2026-03-11T05:27:38Z
233,1032,remove_cart,2026-03-11T06:20:38Z
233,1408,add_to_cart,2026-03-11T06:30:38Z
233,1023,click,2026-03-11T07:11:38Z
233,1307,wishlist,2026-03-11T08:11:38Z
233,1332,remove_cart,2026-03-11T08:22:38Z
233,1267,remove_cart,2026-03-11T09:16:38Z
233,63,remove_cart,2026-03-11T09:26:38Z
233,555,purchase,2026-03-11T10:07:38Z
233,1451,checkout,2026-03-11T10:44:38Z
233,8,click,2026-03-11T11:32:38Z
233,1165,view,2026-03-11T11:55:38Z
233,1356,purchase,2026-03-11T12:04:38Z
233,266,wishlist,2026-03-11T12:36:38Z
233,1285,add_to_cart,2026-03-11T13:12:38Z
233,1441,checkout,2026-03-11T13:16:38Z
233,299,purchase,2026-03-11T13:27:38Z
233,1322,view,2026-03-11T13:30:38Z
233,548,checkout,2026-03-11T14:29:38Z
233,1011,wishlist,2026-03-11T15:09:38Z
233,392,add_to_cart,2026-03-11T15:26:38Z
233,297,checkout,2026-03-11T15:34:38Z
233,605,wishlist,2026-03-11T15:40:38Z
234,1387,view,2026-03-27T16:44:38Z
234,1316,click,2026-03-27T17:17:38Z
234,1447,add_to_cart,2026-03-27T17:19:38Z
234,302,checkout,2026-03-27T18:19:38Z
234,1294,purchase,2026-03-27T19:18:38Z
234,779,remove_cart,2026-03-27T19:20:38Z
234,1132,view,2026-03-27T19:39:38Z
234,373,view,2026-03-27T19:51:38Z
234,858,search,2026-03-27T19:52:38Z
234,616,wishlist,2026-03-27T20:47:38Z
234,924,checkout,2026-03-27T21:04:38Z
234,1244,remove_cart,2026-03-27T21:49:38Z
234,1471,wishlist,2026-03-27T21:52:38Z
234,171,view,2026-03-27T22:09:38Z
234,804,wishlist,2026-03-27T22:37:38Z
234,73,search,2026-03-27T22:51:38Z
234,797,click,2026-03-27T23:49:38Z
234,726,wishlist,2026-03-28T00:30:38Z
234,276,remove_cart,2026-03-28T01:22:38Z
234,1145,purchase,2026-03-28T01:55:38Z
234,1042,checkout,2026-03-28T02:29:38Z
234,781,checkout,2026-03-28T03:16:38Z
234,1428,wishlist,2026-03-28T03:44:38Z
234,422,purchase,2026-03-28T03:49:38Z
234,108,remove_cart,2026-03-28T04:32:38Z
234,263,remove_cart,2026-03-28T05:14:38Z
234,1212,add_to_cart,2026-03-28T06:08:38Z
234,181,view,2026-03-28T07:05:38Z
234,1489,click,2026-03-28T07:57:38Z
234,783,purchase,2026-03-28T08:33:38Z
234,573,view,2026-03-28T09:33:38Z
234,1207,checkout,2026-03-28T10:27:38Z
234,916,search,2026-03-28T11:10:38Z
234,1183,click,2026-03-28T11:59:38Z
234,1043,view,2026-03-28T12:13:38Z
234,675,view,2026-03-28T12:27:38Z
234,1477,click,2026-03-28T13:16:38Z
234,1068,search,2026-03-28T14:11:38Z
234,504,wishlist,2026-03-28T14:58:38Z
234,1167,add_to_cart,2026-03-28T15:44:38Z
234,151,search,2026-03-28T16:04:38Z
235,1154,view,2026-04-04T16:52:38Z
235,98,wishlist,2026-04-04T17:39:38Z
235,478,view,2026-04-04T18:03:38Z
235,903,click,2026-04-04T18:23:38Z
235,1149,add_to_cart,2026-04-04T18:32:38Z
235,735,purchase,2026-04-04T19:10:38Z
235,838,click,2026-04-04T19:58:38Z
235,1310,checkout,2026-04-04T20:12:38Z
235,1156,view,2026-04-04T21:05:38Z
235,453,wishlist,2026-04-04T21:52:38Z
235,1496,add_to_cart,2026-04-04T22:35:38Z
235,17,remove_cart,2026-04-04T23:07:38Z
235,1046,search,2026-04-05T00:03:38Z
235,1284,remove_cart,2026-04-05T00:56:38Z
235,680,remove_cart,2026-04-05T01:50:38Z
235,1354,remove_cart,2026-04-05T02:35:38Z
235,342,add_to_cart,2026-04-05T03:13:38Z
235,1359,wishlist,2026-04-05T04:03:38Z
235,326,add_to_cart,2026-04-05T04:59:38Z
235,1099,add_to_cart,2026-04-05T05:45:38Z
235,227,view,2026-04-05T06:34:38Z
235,503,purchase,2026-04-05T06:44:38Z
235,86,wishlist,2026-04-05T06:58:38Z
235,1045,remove_cart,2026-04-05T07:56:38Z
235,1097,wishlist,2026-04-05T08:24:38Z
235,866,search,2026-04-05T09:08:38Z
235,839,checkout,2026-04-05T10:07:38Z
235,38,checkout,2026-04-05T10:40:38Z
235,664,remove_cart,2026-04-05T10:58:38Z
235,551,purchase,2026-04-05T11:29:38Z
235,667,search,2026-04-05T12:06:38Z
235,301,checkout,2026-04-05T12:28:38Z
235,732,click,2026-04-05T12:43:38Z
235,979,purchase,2026-04-05T12:49:38Z
235,706,wishlist,2026-04-05T13:47:38Z
235,1288,wishlist,2026-04-05T14:26:38Z
235,1031,add_to_cart,2026-04-05T15:26:38Z
235,1101,checkout,2026-04-05T15:44:38Z
235,179,checkout,2026-04-05T16:02:38Z
235,1303,click,2026-04-05T16:48:38Z
235,791,search,2026-04-05T17:22:38Z
235,909,add_to_cart,2026-04-05T17:50:38Z
235,247,wishlist,2026-04-05T18:39:38Z
235,1264,click,2026-04-05T19:30:38Z
235,527,checkout,2026-04-05T19:58:38Z
235,550,wishlist,2026-04-05T20:13:38Z
235,652,remove_cart,2026-04-05T20:36:38Z
235,734,click,2026-04-05T21:26:38Z
235,229,remove_cart,2026-04-05T21:46:38Z
235,1085,remove_cart,2026-04-05T22:15:38Z
235,1480,remove_cart,2026-04-05T22:31:38Z
235,103,view,2026-04-05T23:30:38Z
235,1033,purchase,2026-04-05T23:53:38Z
235,226,add_to_cart,2026-04-05T23:57:38Z
235,393,remove_cart,2026-04-06T00:48:38Z
235,671,view,2026-04-06T00:54:38Z
235,1310,checkout,2026-04-06T01:36:38Z
236,259,view,2026-03-28T16:32:38Z
236,576,wishlist,2026-03-28T17:06:38Z
236,1109,view,2026-03-28T17:55:38Z
236,441,click,2026-03-28T18:46:38Z
236,1358,add_to_cart,2026-03-28T19:06:38Z
236,782,add_to_cart,2026-03-28T19:37:38Z
236,100,remove_cart,2026-03-28T20:13:38Z
236,1342,search,2026-03-28T20:41:38Z
236,1298,view,2026-03-28T20:47:38Z
236,17,view,2026-03-28T21:05:38Z
236,615,purchase,2026-03-28T21:18:38Z
236,684,view,2026-03-28T21:23:38Z
236,496,purchase,2026-03-28T21:52:38Z
236,1080,wishlist,2026-03-28T22:43:38Z
236,996,remove_cart,2026-03-28T23:09:38Z
236,709,click,2026-03-29T00:09:38Z
236,559,wishlist,2026-03-29T00:26:38Z
236,33,remove_cart,2026-03-29T01:23:38Z
236,1200,wishlist,2026-03-29T01:39:38Z
236,805,add_to_cart,2026-03-29T02:37:38Z
236,896,view,2026-03-29T03:17:38Z
236,548,checkout,2026-03-29T04:12:38Z
236,1435,remove_cart,2026-03-29T04:53:38Z
236,279,add_to_cart,2026-03-29T05:25:38Z
236,682,view,2026-03-29T06:06:38Z
236,1427,purchase,2026-03-29T06:32:38Z
236,1175,search,2026-03-29T07:12:38Z
236,1228,click,2026-03-29T07:19:38Z
236,1087,add_to_cart,2026-03-29T08:05:38Z
237,1284,view,2026-03-06T16:51:38Z
237,1399,click,2026-03-06T17:51:38Z
237,1027,add_to_cart,2026-03-06T18:01:38Z
237,88,remove_cart,2026-03-06T18:25:38Z
237,176,view,2026-03-06T18:36:38Z
237,1480,wishlist,2026-03-06T18:57:38Z
237,504,purchase,2026-03-06T19:33:38Z
237,1019,view,2026-03-06T20:17:38Z
237,656,checkout,2026-03-06T20:39:38Z
237,326,add_to_cart,2026-03-06T20:45:38Z
237,854,remove_cart,2026-03-06T20:57:38Z
237,1244,search,2026-03-06T21:11:38Z
237,979,wishlist,2026-03-06T21:37:38Z
237,810,search,2026-03-06T21:56:38Z
237,1150,view,2026-03-06T22:25:38Z
237,985,view,2026-03-06T23:19:38Z
237,1365,wishlist,2026-03-06T23:25:38Z
237,1034,click,2026-03-07T00:04:38Z
237,990,click,2026-03-07T00:34:38Z
237,141,wishlist,2026-03-07T00:58:38Z
237,1388,add_to_cart,2026-03-07T01:35:38Z
237,197,search,2026-03-07T01:55:38Z
237,339,search,2026-03-07T02:34:38Z
237,1377,wishlist,2026-03-07T02:48:38Z
237,565,click,2026-03-07T03:16:38Z
237,1379,add_to_cart,2026-03-07T03:50:38Z
237,1320,purchase,2026-03-07T04:24:38Z
237,1169,wishlist,2026-03-07T05:07:38Z
237,902,checkout,2026-03-07T05:25:38Z
237,718,checkout,2026-03-07T05:53:38Z
237,654,remove_cart,2026-03-07T06:43:38Z
237,39,view,2026-03-07T07:14:38Z
237,621,wishlist,2026-03-07T07:35:38Z
237,1451,search,2026-03-07T08:17:38Z
237,627,purchase,2026-03-07T08:58:38Z
237,885,purchase,2026-03-07T09:48:38Z
237,1009,checkout,2026-03-07T10:31:38Z
237,841,click,2026-03-07T10:53:38Z
237,1487,add_to_cart,2026-03-07T11:03:38Z
237,1193,view,2026-03-07T11:57:38Z
237,1255,search,2026-03-07T12:47:38Z
237,830,view,2026-03-07T13:19:38Z
237,231,purchase,2026-03-07T13:39:38Z
237,738,wishlist,2026-03-07T13:53:38Z
237,256,checkout,2026-03-07T14:23:38Z
237,98,view,2026-03-07T15:06:38Z
237,683,click,2026-03-07T15:14:38Z
237,932,search,2026-03-07T15:44:38Z
237,590,purchase,2026-03-07T16:34:38Z
237,1359,search,2026-03-07T16:50:38Z
237,1351,click,2026-03-07T17:43:38Z
237,1099,search,2026-03-07T18:28:38Z
237,355,checkout,2026-03-07T18:37:38Z
237,960,wishlist,2026-03-07T19:01:38Z
237,522,wishlist,2026-03-07T19:27:38Z
237,702,click,2026-03-07T19:42:38Z
237,1498,search,2026-03-07T20:24:38Z
237,196,checkout,2026-03-07T20:44:38Z
237,674,remove_cart,2026-03-07T21:19:38Z
237,439,wishlist,2026-03-07T21:49:38Z
237,487,wishlist,2026-03-07T21:59:38Z
237,752,add_to_cart,2026-03-07T22:34:38Z
237,1132,wishlist,2026-03-07T22:57:38Z
237,1381,view,2026-03-07T23:51:38Z
237,1225,wishlist,2026-03-08T00:23:38Z
237,1000,search,2026-03-08T01:17:38Z
237,1028,wishlist,2026-03-08T02:17:38Z
237,838,click,2026-03-08T02:59:38Z
237,319,remove_cart,2026-03-08T03:02:38Z
237,1312,search,2026-03-08T03:43:38Z
237,397,click,2026-03-08T04:33:38Z
237,489,remove_cart,2026-03-08T04:44:38Z
238,4,view,2026-01-26T16:51:38Z
238,38,wishlist,2026-01-26T17:11:38Z
238,209,view,2026-01-26T17:41:38Z
238,821,click,2026-01-26T17:58:38Z
238,1215,add_to_cart,2026-01-26T18:50:38Z
238,1468,checkout,2026-01-26T19:31:38Z
238,1495,click,2026-01-26T19:48:38Z
238,1209,checkout,2026-01-26T20:31:38Z
238,1421,checkout,2026-01-26T21:18:38Z
238,255,purchase,2026-01-26T21:37:38Z
238,655,wishlist,2026-01-26T22:23:38Z
238,1062,wishlist,2026-01-26T22:26:38Z
238,581,purchase,2026-01-26T22:58:38Z
238,825,wishlist,2026-01-26T23:44:38Z
238,946,view,2026-01-26T23:52:38Z
238,1247,view,2026-01-27T00:05:38Z
238,40,remove_cart,2026-01-27T00:12:38Z
238,713,click,2026-01-27T00:42:38Z
238,81,view,2026-01-27T01:25:38Z
238,73,click,2026-01-27T01:54:38Z
238,1174,remove_cart,2026-01-27T02:24:38Z
238,69,search,2026-01-27T03:01:38Z
238,886,checkout,2026-01-27T03:36:38Z
238,641,add_to_cart,2026-01-27T04:10:38Z
238,201,wishlist,2026-01-27T04:54:38Z
238,1442,remove_cart,2026-01-27T05:52:38Z
238,748,add_to_cart,2026-01-27T06:00:38Z
238,1126,purchase,2026-01-27T06:43:38Z
238,823,remove_cart,2026-01-27T07:12:38Z
238,406,purchase,2026-01-27T07:35:38Z
238,492,remove_cart,2026-01-27T08:07:38Z
238,1380,wishlist,2026-01-27T09:04:38Z
238,1080,wishlist,2026-01-27T09:50:38Z
239,119,view,2026-02-26T16:54:38Z
239,263,click,2026-02-26T17:24:38Z
239,1094,add_to_cart,2026-02-26T17:33:38Z
239,440,checkout,2026-02-26T18:08:38Z
239,175,purchase,2026-02-26T18:26:38Z
239,708,purchase,2026-02-26T18:41:38Z
239,398,click,2026-02-26T19:30:38Z
239,558,view,2026-02-26T19:35:38Z
239,1237,purchase,2026-02-26T19:39:38Z
239,635,checkout,2026-02-26T20:38:38Z
239,1301,add_to_cart,2026-02-26T21:10:38Z
239,465,search,2026-02-26T21:50:38Z
239,1378,remove_cart,2026-02-26T22:16:38Z
239,983,purchase,2026-02-26T22:37:38Z
239,129,remove_cart,2026-02-26T23:06:38Z
239,46,search,2026-02-26T23:40:38Z
239,1368,purchase,2026-02-27T00:26:38Z
239,106,view,2026-02-27T01:09:38Z
239,1477,checkout,2026-02-27T01:53:38Z
239,746,purchase,2026-02-27T02:45:38Z
239,748,remove_cart,2026-02-27T03:39:38Z
239,52,add_to_cart,2026-02-27T04:04:38Z
239,702,add_to_cart,2026-02-27T04:59:38Z
239,851,add_to_cart,2026-02-27T05:42:38Z
239,1494,purchase,2026-02-27T06:40:38Z
239,1211,checkout,2026-02-27T07:32:38Z
239,140,search,2026-02-27T08:18:38Z
239,1038,add_to_cart,2026-02-27T09:15:38Z
239,1195,remove_cart,2026-02-27T09:43:38Z
239,259,click,2026-02-27T09:49:38Z
239,341,add_to_cart,2026-02-27T10:02:38Z
239,1284,click,2026-02-27T10:19:38Z
239,326,add_to_cart,2026-02-27T10:40:38Z
239,222,remove_cart,2026-02-27T10:46:38Z
239,1315,checkout,2026-02-27T11:37:38Z
239,683,add_to_cart,2026-02-27T12:31:38Z
239,653,search,2026-02-27T12:57:38Z
239,1289,checkout,2026-02-27T13:14:38Z
239,763,search,2026-02-27T13:39:38Z
239,768,purchase,2026-02-27T13:51:38Z
239,587,wishlist,2026-02-27T14:09:38Z
239,1067,click,2026-02-27T14:17:38Z
239,1409,click,2026-02-27T15:09:38Z
239,438,wishlist,2026-02-27T15:15:38Z
239,922,remove_cart,2026-02-27T16:14:38Z
239,38,purchase,2026-02-27T16:47:38Z
239,119,wishlist,2026-02-27T16:57:38Z
239,1328,purchase,2026-02-27T17:33:38Z
239,1215,click,2026-02-27T18:18:38Z
239,1480,purchase,2026-02-27T18:47:38Z
239,617,remove_cart,2026-02-27T19:20:38Z
239,573,click,2026-02-27T19:55:38Z
239,533,checkout,2026-02-27T20:01:38Z
239,276,remove_cart,2026-02-27T20:44:38Z
239,153,add_to_cart,2026-02-27T20:46:38Z
239,1070,search,2026-02-27T21:29:38Z
239,498,purchase,2026-02-27T21:42:38Z
239,123,wishlist,2026-02-27T22:00:38Z
240,908,view,2026-04-07T16:34:38Z
240,1110,click,2026-04-07T16:45:38Z
240,798,add_to_cart,2026-04-07T16:59:38Z
240,401,checkout,2026-04-07T17:00:38Z
240,1041,purchase,2026-04-07T17:01:38Z
240,809,checkout,2026-04-07T17:58:38Z
240,989,search,2026-04-07T18:28:38Z
240,1174,view,2026-04-07T19:15:38Z
240,1355,view,2026-04-07T19:42:38Z
240,223,checkout,2026-04-07T20:10:38Z
240,953,purchase,2026-04-07T21:00:38Z
240,1237,remove_cart,2026-04-07T21:10:38Z
240,990,wishlist,2026-04-07T21:11:38Z
240,989,remove_cart,2026-04-07T21:53:38Z
240,853,click,2026-04-07T22:34:38Z
240,1022,add_to_cart,2026-04-07T22:41:38Z
240,578,add_to_cart,2026-04-07T22:44:38Z
240,102,remove_cart,2026-04-07T23:20:38Z
240,1027,search,2026-04-07T23:27:38Z
240,1177,remove_cart,2026-04-08T00:20:38Z
240,464,purchase,2026-04-08T00:23:38Z
240,610,add_to_cart,2026-04-08T00:48:38Z
240,821,wishlist,2026-04-08T01:39:38Z
240,880,search,2026-04-08T02:19:38Z
240,224,checkout,2026-04-08T02:39:38Z
240,76,click,2026-04-08T03:05:38Z
240,1403,wishlist,2026-04-08T03:51:38Z
240,1397,purchase,2026-04-08T04:30:38Z
240,513,view,2026-04-08T04:55:38Z
240,1474,view,2026-04-08T05:32:38Z
240,32,checkout,2026-04-08T06:14:38Z
240,268,purchase,2026-04-08T06:34:38Z
240,1356,wishlist,2026-04-08T07:27:38Z
240,1221,click,2026-04-08T08:13:38Z
240,109,checkout,2026-04-08T08:57:38Z
240,142,click,2026-04-08T09:33:38Z
240,1176,wishlist,2026-04-08T10:09:38Z
240,814,click,2026-04-08T10:22:38Z
240,802,add_to_cart,2026-04-08T11:00:38Z
240,947,checkout,2026-04-08T11:01:38Z
240,242,search,2026-04-08T11:13:38Z
240,506,wishlist,2026-04-08T12:13:38Z
240,510,click,2026-04-08T12:52:38Z
240,284,remove_cart,2026-04-08T13:39:38Z
240,823,wishlist,2026-04-08T13:50:38Z
240,357,view,2026-04-08T13:59:38Z
240,1171,click,2026-04-08T14:27:38Z
240,1450,view,2026-04-08T15:03:38Z
240,566,checkout,2026-04-08T15:27:38Z
240,1236,view,2026-04-08T15:37:38Z
240,754,purchase,2026-04-08T15:50:38Z
240,1032,purchase,2026-04-08T16:39:38Z
240,1398,search,2026-04-08T16:52:38Z
240,837,click,2026-04-08T16:53:38Z
240,491,wishlist,2026-04-08T17:22:38Z
240,173,wishlist,2026-04-08T18:17:38Z
240,693,checkout,2026-04-08T18:37:38Z
240,1176,search,2026-04-08T19:02:38Z
240,1414,purchase,2026-04-08T19:52:38Z
240,54,wishlist,2026-04-08T20:00:38Z
240,167,add_to_cart,2026-04-08T20:48:38Z
240,182,search,2026-04-08T20:52:38Z
240,1113,add_to_cart,2026-04-08T21:51:38Z
240,178,purchase,2026-04-08T22:04:38Z
240,1052,wishlist,2026-04-08T22:28:38Z
240,1185,checkout,2026-04-08T23:05:38Z
240,452,view,2026-04-09T00:05:38Z
240,1235,wishlist,2026-04-09T00:57:38Z
240,1010,checkout,2026-04-09T01:04:38Z
240,996,checkout,2026-04-09T01:10:38Z
240,67,view,2026-04-09T01:23:38Z
240,1025,wishlist,2026-04-09T01:50:38Z
240,117,checkout,2026-04-09T02:49:38Z
240,266,search,2026-04-09T02:54:38Z
240,1431,search,2026-04-09T03:53:38Z
240,676,remove_cart,2026-04-09T03:54:38Z
240,519,click,2026-04-09T04:20:38Z
241,490,view,2026-03-21T16:36:38Z
241,789,wishlist,2026-03-21T17:05:38Z
241,531,view,2026-03-21T17:41:38Z
241,1142,click,2026-03-21T17:49:38Z
241,827,add_to_cart,2026-03-21T18:19:38Z
241,1367,checkout,2026-03-21T18:49:38Z
241,125,remove_cart,2026-03-21T19:44:38Z
241,574,view,2026-03-21T20:09:38Z
241,665,purchase,2026-03-21T20:29:38Z
241,1301,checkout,2026-03-21T21:13:38Z
241,164,purchase,2026-03-21T22:07:38Z
241,485,checkout,2026-03-21T22:56:38Z
241,463,view,2026-03-21T23:11:38Z
241,1189,add_to_cart,2026-03-21T23:28:38Z
241,1480,remove_cart,2026-03-22T00:16:38Z
241,1024,checkout,2026-03-22T00:38:38Z
241,697,search,2026-03-22T01:34:38Z
241,1,click,2026-03-22T02:24:38Z
241,576,search,2026-03-22T02:59:38Z
241,622,view,2026-03-22T03:37:38Z
241,445,checkout,2026-03-22T04:24:38Z
241,190,click,2026-03-22T04:59:38Z
241,41,wishlist,2026-03-22T05:24:38Z
241,593,wishlist,2026-03-22T06:19:38Z
241,106,add_to_cart,2026-03-22T06:50:38Z
241,1196,checkout,2026-03-22T07:29:38Z
241,1188,wishlist,2026-03-22T08:22:38Z
241,978,search,2026-03-22T09:14:38Z
241,241,remove_cart,2026-03-22T10:08:38Z
241,105,click,2026-03-22T10:15:38Z
241,969,checkout,2026-03-22T10:52:38Z
241,921,remove_cart,2026-03-22T11:12:38Z
241,1380,wishlist,2026-03-22T11:31:38Z
241,700,wishlist,2026-03-22T11:58:38Z
241,1049,checkout,2026-03-22T12:08:38Z
241,341,checkout,2026-03-22T12:18:38Z
241,1181,remove_cart,2026-03-22T13:02:38Z
241,1039,purchase,2026-03-22T13:21:38Z
241,1394,wishlist,2026-03-22T13:39:38Z
241,417,view,2026-03-22T14:28:38Z
241,1040,view,2026-03-22T15:07:38Z
241,779,search,2026-03-22T15:51:38Z
241,854,wishlist,2026-03-22T16:39:38Z
241,889,view,2026-03-22T17:33:38Z
241,1209,remove_cart,2026-03-22T18:20:38Z
241,1332,add_to_cart,2026-03-22T19:20:38Z
241,448,remove_cart,2026-03-22T19:25:38Z
241,840,add_to_cart,2026-03-22T20:25:38Z
241,1280,checkout,2026-03-22T20:28:38Z
241,903,checkout,2026-03-22T21:25:38Z
241,1221,checkout,2026-03-22T21:54:38Z
241,84,wishlist,2026-03-22T22:24:38Z
241,1158,purchase,2026-03-22T23:01:38Z
241,771,remove_cart,2026-03-22T23:11:38Z
242,377,view,2026-02-15T17:00:38Z
242,910,click,2026-02-15T17:57:38Z
242,1373,add_to_cart,2026-02-15T18:02:38Z
242,175,remove_cart,2026-02-15T18:53:38Z
242,897,view,2026-02-15T18:57:38Z
242,253,purchase,2026-02-15T19:20:38Z
242,1223,add_to_cart,2026-02-15T19:56:38Z
242,384,remove_cart,2026-02-15T20:08:38Z
242,1106,view,2026-02-15T20:35:38Z
242,414,add_to_cart,2026-02-15T20:54:38Z
242,395,add_to_cart,2026-02-15T21:09:38Z
242,294,purchase,2026-02-15T21:13:38Z
242,1208,purchase,2026-02-15T21:53:38Z
242,574,purchase,2026-02-15T22:10:38Z
242,822,remove_cart,2026-02-15T22:12:38Z
242,774,view,2026-02-15T23:06:38Z
242,465,search,2026-02-15T23:52:38Z
242,1254,view,2026-02-16T00:18:38Z
242,268,wishlist,2026-02-16T01:00:38Z
242,897,purchase,2026-02-16T01:22:38Z
242,288,remove_cart,2026-02-16T01:43:38Z
242,280,search,2026-02-16T01:49:38Z
242,988,wishlist,2026-02-16T02:05:38Z
242,784,view,2026-02-16T02:08:38Z
242,1088,search,2026-02-16T02:25:38Z
242,1089,wishlist,2026-02-16T02:44:38Z
242,698,checkout,2026-02-16T03:34:38Z
242,239,purchase,2026-02-16T03:41:38Z
242,342,view,2026-02-16T03:58:38Z
242,637,wishlist,2026-02-16T04:21:38Z
242,14,add_to_cart,2026-02-16T04:55:38Z
242,910,wishlist,2026-02-16T05:11:38Z
242,620,remove_cart,2026-02-16T06:00:38Z
242,683,add_to_cart,2026-02-16T06:24:38Z
243,869,view,2026-04-16T16:58:38Z
243,1086,click,2026-04-16T17:34:38Z
243,915,add_to_cart,2026-04-16T18:15:38Z
243,813,remove_cart,2026-04-16T18:50:38Z
243,1391,view,2026-04-16T18:52:38Z
243,469,add_to_cart,2026-04-16T18:55:38Z
243,251,add_to_cart,2026-04-16T19:06:38Z
243,154,purchase,2026-04-16T20:03:38Z
243,191,checkout,2026-04-16T20:06:38Z
243,822,wishlist,2026-04-16T20:42:38Z
243,428,remove_cart,2026-04-16T21:42:38Z
243,967,add_to_cart,2026-04-16T22:17:38Z
243,1064,checkout,2026-04-16T22:28:38Z
243,1433,checkout,2026-04-16T22:41:38Z
243,323,click,2026-04-16T22:58:38Z
243,742,search,2026-04-16T23:35:38Z
243,1181,remove_cart,2026-04-16T23:47:38Z
243,1366,click,2026-04-17T00:18:38Z
243,616,remove_cart,2026-04-17T00:38:38Z
243,18,click,2026-04-17T01:06:38Z
243,375,purchase,2026-04-17T01:19:38Z
243,10,view,2026-04-17T01:50:38Z
243,161,view,2026-04-17T02:11:38Z
243,1080,view,2026-04-17T02:23:38Z
243,694,checkout,2026-04-17T02:43:38Z
243,44,click,2026-04-17T02:53:38Z
243,327,add_to_cart,2026-04-17T03:37:38Z
243,1482,view,2026-04-17T03:43:38Z
243,610,checkout,2026-04-17T04:07:38Z
243,137,wishlist,2026-04-17T04:25:38Z
243,1086,remove_cart,2026-04-17T04:43:38Z
243,282,checkout,2026-04-17T05:23:38Z
243,552,click,2026-04-17T05:27:38Z
243,270,remove_cart,2026-04-17T05:54:38Z
243,1332,checkout,2026-04-17T06:15:38Z
243,201,view,2026-04-17T07:05:38Z
243,831,wishlist,2026-04-17T07:16:38Z
243,565,checkout,2026-04-17T07:33:38Z
243,105,add_to_cart,2026-04-17T08:26:38Z
243,1478,purchase,2026-04-17T09:22:38Z
243,986,remove_cart,2026-04-17T09:26:38Z
243,1112,wishlist,2026-04-17T09:45:38Z
243,28,purchase,2026-04-17T09:58:38Z
243,1011,wishlist,2026-04-17T10:31:38Z
243,488,add_to_cart,2026-04-17T11:29:38Z
243,1096,purchase,2026-04-17T11:55:38Z
243,101,view,2026-04-17T12:23:38Z
243,532,click,2026-04-17T13:19:38Z
243,1218,wishlist,2026-04-17T13:48:38Z
243,276,add_to_cart,2026-04-17T14:03:38Z
243,155,remove_cart,2026-04-17T14:35:38Z
243,1360,search,2026-04-17T15:23:38Z
243,1442,wishlist,2026-04-17T15:56:38Z
243,1299,click,2026-04-17T16:36:38Z
243,196,checkout,2026-04-17T16:37:38Z
243,1480,wishlist,2026-04-17T16:40:38Z
243,886,click,2026-04-17T17:17:38Z
243,990,checkout,2026-04-17T17:56:38Z
243,1265,add_to_cart,2026-04-17T17:58:38Z
243,151,add_to_cart,2026-04-17T18:21:38Z
243,245,add_to_cart,2026-04-17T18:24:38Z
243,1483,add_to_cart,2026-04-17T19:00:38Z
243,488,wishlist,2026-04-17T19:09:38Z
243,306,purchase,2026-04-17T19:55:38Z
243,8,checkout,2026-04-17T20:49:38Z
243,1326,search,2026-04-17T21:26:38Z
243,977,purchase,2026-04-17T22:15:38Z
243,331,wishlist,2026-04-17T22:48:38Z
243,1097,click,2026-04-17T23:10:38Z
243,661,wishlist,2026-04-18T00:09:38Z
243,880,click,2026-04-18T00:14:38Z
244,579,view,2026-03-23T16:28:38Z
244,338,click,2026-03-23T17:07:38Z
244,956,add_to_cart,2026-03-23T17:09:38Z
244,942,remove_cart,2026-03-23T17:31:38Z
244,1426,view,2026-03-23T17:51:38Z
244,635,click,2026-03-23T18:42:38Z
244,1150,add_to_cart,2026-03-23T19:02:38Z
244,488,checkout,2026-03-23T19:55:38Z
244,790,remove_cart,2026-03-23T20:06:38Z
244,1232,add_to_cart,2026-03-23T20:29:38Z
244,1118,click,2026-03-23T21:03:38Z
244,144,purchase,2026-03-23T21:48:38Z
244,1338,add_to_cart,2026-03-23T22:08:38Z
244,921,checkout,2026-03-23T22:55:38Z
244,1323,purchase,2026-03-23T23:44:38Z
244,945,remove_cart,2026-03-24T00:30:38Z
244,529,checkout,2026-03-24T00:41:38Z
244,1302,search,2026-03-24T00:54:38Z
244,1290,search,2026-03-24T01:07:38Z
244,624,wishlist,2026-03-24T02:03:38Z
244,1015,checkout,2026-03-24T02:37:38Z
244,771,add_to_cart,2026-03-24T03:16:38Z
244,226,wishlist,2026-03-24T03:47:38Z
244,832,wishlist,2026-03-24T04:45:38Z
244,1062,search,2026-03-24T05:00:38Z
244,321,view,2026-03-24T05:54:38Z
244,464,view,2026-03-24T06:43:38Z
244,1094,search,2026-03-24T07:43:38Z
244,608,view,2026-03-24T08:25:38Z
244,965,add_to_cart,2026-03-24T08:44:38Z
244,1284,remove_cart,2026-03-24T08:48:38Z
244,103,view,2026-03-24T09:35:38Z
244,1232,search,2026-03-24T09:36:38Z
244,1432,click,2026-03-24T10:03:38Z
244,468,wishlist,2026-03-24T10:34:38Z
244,262,checkout,2026-03-24T11:01:38Z
244,344,search,2026-03-24T11:58:38Z
244,1423,remove_cart,2026-03-24T12:23:38Z
244,750,add_to_cart,2026-03-24T12:32:38Z
244,315,search,2026-03-24T13:11:38Z
244,845,view,2026-03-24T13:26:38Z
244,1220,purchase,2026-03-24T13:30:38Z
244,550,click,2026-03-24T14:16:38Z
244,206,view,2026-03-24T15:15:38Z
244,956,wishlist,2026-03-24T15:25:38Z
244,1456,purchase,2026-03-24T15:32:38Z
244,943,click,2026-03-24T16:21:38Z
244,374,add_to_cart,2026-03-24T17:14:38Z
244,135,remove_cart,2026-03-24T17:34:38Z
244,673,search,2026-03-24T18:06:38Z
244,27,remove_cart,2026-03-24T18:43:38Z
244,135,view,2026-03-24T19:24:38Z
244,1251,search,2026-03-24T19:33:38Z
244,676,purchase,2026-03-24T19:47:38Z
244,628,search,2026-03-24T20:16:38Z
244,1179,add_to_cart,2026-03-24T20:27:38Z
244,1326,purchase,2026-03-24T21:21:38Z
244,855,wishlist,2026-03-24T22:01:38Z
244,1421,remove_cart,2026-03-24T23:00:38Z
244,977,checkout,2026-03-24T23:51:38Z
244,511,click,2026-03-25T00:14:38Z
244,346,view,2026-03-25T01:05:38Z
244,335,add_to_cart,2026-03-25T01:33:38Z
244,1493,search,2026-03-25T02:03:38Z
244,665,purchase,2026-03-25T02:29:38Z
244,1474,view,2026-03-25T02:32:38Z
244,1240,purchase,2026-03-25T02:42:38Z
244,78,view,2026-03-25T03:19:38Z
244,616,view,2026-03-25T03:47:38Z
244,139,checkout,2026-03-25T04:14:38Z
244,299,search,2026-03-25T04:34:38Z
244,1002,checkout,2026-03-25T05:07:38Z
244,1446,purchase,2026-03-25T06:01:38Z
245,108,view,2026-03-10T17:05:38Z
245,582,wishlist,2026-03-10T17:51:38Z
245,1314,view,2026-03-10T18:03:38Z
245,256,click,2026-03-10T18:19:38Z
245,1269,add_to_cart,2026-03-10T18:45:38Z
245,295,checkout,2026-03-10T19:24:38Z
245,887,view,2026-03-10T20:12:38Z
245,549,checkout,2026-03-10T20:36:38Z
245,403,purchase,2026-03-10T21:16:38Z
245,1401,search,2026-03-10T21:31:38Z
245,40,remove_cart,2026-03-10T22:09:38Z
245,435,search,2026-03-10T22:30:38Z
245,1411,add_to_cart,2026-03-10T23:21:38Z
245,1052,wishlist,2026-03-10T23:33:38Z
245,1422,checkout,2026-03-11T00:09:38Z
245,936,purchase,2026-03-11T00:31:38Z
245,1047,purchase,2026-03-11T00:47:38Z
245,454,click,2026-03-11T01:45:38Z
245,986,purchase,2026-03-11T01:47:38Z
245,698,purchase,2026-03-11T02:05:38Z
245,1392,purchase,2026-03-11T02:46:38Z
245,371,purchase,2026-03-11T02:50:38Z
245,636,purchase,2026-03-11T03:18:38Z
245,367,click,2026-03-11T04:13:38Z
245,975,add_to_cart,2026-03-11T04:32:38Z
245,1298,search,2026-03-11T04:34:38Z
245,1464,wishlist,2026-03-11T04:47:38Z
245,113,checkout,2026-03-11T04:58:38Z
245,711,purchase,2026-03-11T05:13:38Z
245,149,view,2026-03-11T05:34:38Z
245,258,remove_cart,2026-03-11T05:38:38Z
245,271,purchase,2026-03-11T06:31:38Z
245,59,wishlist,2026-03-11T06:38:38Z
245,184,checkout,2026-03-11T07:24:38Z
245,665,wishlist,2026-03-11T07:47:38Z
245,1204,checkout,2026-03-11T07:51:38Z
245,1431,search,2026-03-11T08:32:38Z
245,312,view,2026-03-11T08:50:38Z
245,1327,add_to_cart,2026-03-11T09:48:38Z
245,806,search,2026-03-11T10:10:38Z
246,1272,view,2026-04-10T17:00:38Z
246,761,click,2026-04-10T17:11:38Z
246,763,add_to_cart,2026-04-10T18:04:38Z
246,180,checkout,2026-04-10T18:59:38Z
246,657,purchase,2026-04-10T19:08:38Z
246,73,purchase,2026-04-10T19:41:38Z
246,1059,checkout,2026-04-10T20:31:38Z
246,187,click,2026-04-10T21:09:38Z
246,708,purchase,2026-04-10T22:02:38Z
246,1466,view,2026-04-10T22:25:38Z
246,1411,purchase,2026-04-10T23:12:38Z
246,521,search,2026-04-10T23:52:38Z
246,1461,click,2026-04-11T00:32:38Z
246,683,checkout,2026-04-11T00:40:38Z
246,644,checkout,2026-04-11T01:35:38Z
246,249,wishlist,2026-04-11T02:07:38Z
246,473,remove_cart,2026-04-11T02:35:38Z
246,1294,add_to_cart,2026-04-11T03:08:38Z
246,839,add_to_cart,2026-04-11T03:26:38Z
246,882,purchase,2026-04-11T03:28:38Z
246,841,click,2026-04-11T04:16:38Z
246,153,add_to_cart,2026-04-11T05:11:38Z
246,1467,wishlist,2026-04-11T06:09:38Z
246,648,remove_cart,2026-04-11T06:25:38Z
246,2,add_to_cart,2026-04-11T06:26:38Z
246,150,checkout,2026-04-11T06:54:38Z
246,593,wishlist,2026-04-11T06:57:38Z
246,644,add_to_cart,2026-04-11T07:01:38Z
246,735,remove_cart,2026-04-11T07:34:38Z
246,913,remove_cart,2026-04-11T08:13:38Z
246,159,checkout,2026-04-11T09:10:38Z
246,1405,search,2026-04-11T09:23:38Z
246,866,purchase,2026-04-11T10:08:38Z
246,1035,view,2026-04-11T11:07:38Z
246,1215,view,2026-04-11T11:55:38Z
246,91,view,2026-04-11T12:02:38Z
246,583,click,2026-04-11T13:01:38Z
246,197,remove_cart,2026-04-11T13:48:38Z
246,444,view,2026-04-11T14:35:38Z
247,1052,view,2026-03-31T17:16:38Z
247,1026,click,2026-03-31T17:50:38Z
247,202,add_to_cart,2026-03-31T18:26:38Z
247,1217,remove_cart,2026-03-31T19:01:38Z
247,79,view,2026-03-31T19:15:38Z
247,801,search,2026-03-31T20:07:38Z
247,498,click,2026-03-31T20:32:38Z
247,1041,click,2026-03-31T20:59:38Z
247,1098,checkout,2026-03-31T21:45:38Z
247,1081,wishlist,2026-03-31T21:51:38Z
247,862,wishlist,2026-03-31T22:51:38Z
247,1286,view,2026-03-31T23:14:38Z
247,1211,view,2026-03-31T23:57:38Z
247,820,remove_cart,2026-04-01T00:19:38Z
247,981,add_to_cart,2026-04-01T00:44:38Z
247,71,add_to_cart,2026-04-01T01:18:38Z
247,320,view,2026-04-01T01:49:38Z
247,4,checkout,2026-04-01T02:00:38Z
247,1370,click,2026-04-01T02:44:38Z
247,317,search,2026-04-01T03:13:38Z
247,432,purchase,2026-04-01T03:43:38Z
247,580,wishlist,2026-04-01T04:10:38Z
247,1057,view,2026-04-01T04:40:38Z
247,1484,purchase,2026-04-01T05:27:38Z
247,455,view,2026-04-01T06:02:38Z
247,820,view,2026-04-01T06:52:38Z
247,1066,checkout,2026-04-01T07:49:38Z
247,1314,wishlist,2026-04-01T07:56:38Z
247,582,search,2026-04-01T08:19:38Z
247,946,purchase,2026-04-01T08:46:38Z
247,794,click,2026-04-01T09:03:38Z
247,1156,checkout,2026-04-01T09:20:38Z
247,777,view,2026-04-01T09:48:38Z
247,764,remove_cart,2026-04-01T10:17:38Z
247,1150,click,2026-04-01T11:13:38Z
247,1007,wishlist,2026-04-01T12:02:38Z
247,871,click,2026-04-01T12:08:38Z
247,883,search,2026-04-01T12:31:38Z
247,1370,view,2026-04-01T12:54:38Z
247,824,wishlist,2026-04-01T13:47:38Z
247,510,purchase,2026-04-01T14:07:38Z
247,100,click,2026-04-01T14:40:38Z
247,1206,checkout,2026-04-01T14:54:38Z
247,1475,add_to_cart,2026-04-01T14:56:38Z
247,716,view,2026-04-01T15:05:38Z
247,679,wishlist,2026-04-01T15:33:38Z
247,962,purchase,2026-04-01T15:49:38Z
247,496,checkout,2026-04-01T16:20:38Z
247,410,view,2026-04-01T17:04:38Z
247,1015,click,2026-04-01T17:29:38Z
247,1213,checkout,2026-04-01T17:36:38Z
247,852,add_to_cart,2026-04-01T18:30:38Z
247,580,click,2026-04-01T18:54:38Z
247,315,checkout,2026-04-01T19:38:38Z
247,212,view,2026-04-01T20:33:38Z
247,1362,add_to_cart,2026-04-01T20:50:38Z
247,768,view,2026-04-01T20:59:38Z
247,658,search,2026-04-01T21:21:38Z
248,606,view,2026-01-25T16:44:38Z
248,65,click,2026-01-25T17:22:38Z
248,1475,add_to_cart,2026-01-25T17:55:38Z
248,1364,checkout,2026-01-25T17:58:38Z
248,1201,purchase,2026-01-25T18:35:38Z
248,1016,purchase,2026-01-25T19:12:38Z
248,939,remove_cart,2026-01-25T19:53:38Z
248,1045,purchase,2026-01-25T20:27:38Z
248,635,checkout,2026-01-25T20:36:38Z
248,803,remove_cart,2026-01-25T20:43:38Z
248,415,purchase,2026-01-25T20:44:38Z
248,1078,search,2026-01-25T21:00:38Z
248,1375,purchase,2026-01-25T21:50:38Z
248,62,view,2026-01-25T21:52:38Z
248,458,click,2026-01-25T22:11:38Z
248,1260,wishlist,2026-01-25T22:22:38Z
248,463,search,2026-01-25T23:02:38Z
248,1417,view,2026-01-25T23:34:38Z
248,897,search,2026-01-25T23:41:38Z
248,556,remove_cart,2026-01-26T00:02:38Z
248,794,remove_cart,2026-01-26T00:51:38Z
249,399,view,2026-02-13T17:07:38Z
249,205,click,2026-02-13T17:30:38Z
249,1241,add_to_cart,2026-02-13T18:04:38Z
249,774,remove_cart,2026-02-13T18:56:38Z
249,298,view,2026-02-13T19:07:38Z
249,927,wishlist,2026-02-13T19:17:38Z
249,828,wishlist,2026-02-13T19:58:38Z
249,340,view,2026-02-13T19:59:38Z
249,77,add_to_cart,2026-02-13T20:15:38Z
249,588,add_to_cart,2026-02-13T20:30:38Z
249,783,view,2026-02-13T20:54:38Z
249,210,checkout,2026-02-13T21:23:38Z
249,162,add_to_cart,2026-02-13T21:47:38Z
249,1155,wishlist,2026-02-13T22:21:38Z
249,538,view,2026-02-13T23:14:38Z
249,1058,click,2026-02-14T00:14:38Z
249,1039,add_to_cart,2026-02-14T01:04:38Z
249,143,view,2026-02-14T01:26:38Z
249,884,remove_cart,2026-02-14T01:52:38Z
249,1111,view,2026-02-14T02:38:38Z
249,369,click,2026-02-14T03:33:38Z
249,261,purchase,2026-02-14T04:11:38Z
249,1134,checkout,2026-02-14T04:45:38Z
249,565,search,2026-02-14T05:35:38Z
249,1258,checkout,2026-02-14T06:16:38Z
249,1141,view,2026-02-14T06:54:38Z
249,397,remove_cart,2026-02-14T07:46:38Z
249,669,remove_cart,2026-02-14T07:52:38Z
249,801,add_to_cart,2026-02-14T08:23:38Z
250,621,view,2026-03-09T16:42:38Z
250,31,wishlist,2026-03-09T16:52:38Z
250,328,view,2026-03-09T17:02:38Z
250,532,click,2026-03-09T17:54:38Z
250,1138,add_to_cart,2026-03-09T18:39:38Z
250,1100,add_to_cart,2026-03-09T18:56:38Z
250,1484,remove_cart,2026-03-09T19:09:38Z
250,946,click,2026-03-09T19:25:38Z
250,158,purchase,2026-03-09T19:55:38Z
250,86,search,2026-03-09T20:19:38Z
250,226,purchase,2026-03-09T20:24:38Z
250,313,view,2026-03-09T21:09:38Z
250,780,remove_cart,2026-03-09T21:53:38Z
250,540,click,2026-03-09T22:52:38Z
250,510,click,2026-03-09T23:31:38Z
250,785,remove_cart,2026-03-09T23:32:38Z
250,541,click,2026-03-09T23:34:38Z
250,190,checkout,2026-03-10T00:34:38Z
250,209,click,2026-03-10T01:28:38Z
250,646,add_to_cart,2026-03-10T02:15:38Z
250,1386,remove_cart,2026-03-10T02:58:38Z
250,623,add_to_cart,2026-03-10T03:55:38Z
250,1148,checkout,2026-03-10T04:22:38Z
250,130,purchase,2026-03-10T04:41:38Z
250,537,view,2026-03-10T04:56:38Z
250,191,click,2026-03-10T05:14:38Z
250,143,purchase,2026-03-10T06:03:38Z
250,1152,click,2026-03-10T06:11:38Z
250,20,click,2026-03-10T06:31:38Z
250,176,wishlist,2026-03-10T07:30:38Z
250,645,purchase,2026-03-10T07:41:38Z
250,1203,click,2026-03-10T08:10:38Z
250,639,view,2026-03-10T08:30:38Z
250,1029,checkout,2026-03-10T08:33:38Z
250,3,wishlist,2026-03-10T09:00:38Z
250,98,search,2026-03-10T09:51:38Z
250,205,remove_cart,2026-03-10T10:21:38Z
250,1031,search,2026-03-10T11:04:38Z
250,436,checkout,2026-03-10T11:38:38Z
250,406,click,2026-03-10T11:40:38Z
250,725,click,2026-03-10T11:57:38Z
250,645,remove_cart,2026-03-10T12:15:38Z
250,313,checkout,2026-03-10T12:24:38Z
250,1355,checkout,2026-03-10T12:45:38Z
250,551,checkout,2026-03-10T13:24:38Z
250,1487,view,2026-03-10T13:54:38Z
250,456,search,2026-03-10T13:56:38Z
250,922,purchase,2026-03-10T14:51:38Z
250,1267,search,2026-03-10T15:08:38Z
250,1238,checkout,2026-03-10T15:09:38Z
250,1247,purchase,2026-03-10T15:25:38Z
250,469,click,2026-03-10T16:11:38Z
250,1260,remove_cart,2026-03-10T16:59:38Z
250,381,search,2026-03-10T17:05:38Z
250,146,remove_cart,2026-03-10T17:25:38Z
250,790,view,2026-03-10T18:19:38Z
250,344,view,2026-03-10T18:34:38Z
250,924,remove_cart,2026-03-10T19:23:38Z
250,134,wishlist,2026-03-10T19:38:38Z
251,1002,view,2026-01-27T16:45:38Z
251,813,click,2026-01-27T17:45:38Z
251,180,add_to_cart,2026-01-27T18:01:38Z
251,75,checkout,2026-01-27T18:45:38Z
251,55,purchase,2026-01-27T18:51:38Z
251,681,remove_cart,2026-01-27T19:33:38Z
251,194,search,2026-01-27T20:00:38Z
251,463,add_to_cart,2026-01-27T20:21:38Z
251,796,remove_cart,2026-01-27T20:24:38Z
251,126,search,2026-01-27T20:26:38Z
251,596,search,2026-01-27T20:55:38Z
251,1228,remove_cart,2026-01-27T21:25:38Z
251,1150,search,2026-01-27T22:22:38Z
251,1302,remove_cart,2026-01-27T23:12:38Z
251,517,search,2026-01-27T23:45:38Z
251,25,click,2026-01-28T00:15:38Z
251,219,purchase,2026-01-28T00:41:38Z
251,934,view,2026-01-28T00:45:38Z
251,148,checkout,2026-01-28T00:46:38Z
251,455,checkout,2026-01-28T01:18:38Z
251,1176,checkout,2026-01-28T01:39:38Z
251,405,search,2026-01-28T02:18:38Z
251,76,purchase,2026-01-28T03:11:38Z
251,212,checkout,2026-01-28T03:45:38Z
251,152,click,2026-01-28T04:45:38Z
251,1176,checkout,2026-01-28T04:52:38Z
251,107,remove_cart,2026-01-28T05:46:38Z
251,1262,view,2026-01-28T06:04:38Z
251,191,view,2026-01-28T06:15:38Z
251,602,search,2026-01-28T06:34:38Z
251,731,click,2026-01-28T07:26:38Z
251,1213,wishlist,2026-01-28T08:21:38Z
251,573,remove_cart,2026-01-28T08:50:38Z
251,478,purchase,2026-01-28T09:05:38Z
251,1157,search,2026-01-28T09:48:38Z
251,702,remove_cart,2026-01-28T10:33:38Z
251,469,wishlist,2026-01-28T10:44:38Z
251,1393,click,2026-01-28T11:15:38Z
251,433,view,2026-01-28T12:08:38Z
251,500,purchase,2026-01-28T12:32:38Z
251,114,view,2026-01-28T13:29:38Z
251,1423,search,2026-01-28T14:09:38Z
251,1284,add_to_cart,2026-01-28T14:34:38Z
251,440,remove_cart,2026-01-28T14:57:38Z
251,229,remove_cart,2026-01-28T15:43:38Z
251,935,checkout,2026-01-28T16:25:38Z
251,931,purchase,2026-01-28T16:32:38Z
251,622,purchase,2026-01-28T17:09:38Z
251,317,remove_cart,2026-01-28T17:54:38Z
251,1015,search,2026-01-28T18:27:38Z
251,402,add_to_cart,2026-01-28T19:27:38Z
251,1078,wishlist,2026-01-28T20:22:38Z
251,675,remove_cart,2026-01-28T21:17:38Z
251,1274,purchase,2026-01-28T22:11:38Z
251,982,add_to_cart,2026-01-28T23:07:38Z
251,929,remove_cart,2026-01-28T23:43:38Z
251,1437,click,2026-01-29T00:00:38Z
251,495,click,2026-01-29T01:00:38Z
251,412,search,2026-01-29T01:37:38Z
251,987,click,2026-01-29T02:35:38Z
251,69,remove_cart,2026-01-29T03:04:38Z
251,749,remove_cart,2026-01-29T03:05:38Z
251,1313,wishlist,2026-01-29T03:41:38Z
251,469,click,2026-01-29T04:12:38Z
252,257,view,2026-03-10T17:01:38Z
252,1469,click,2026-03-10T17:09:38Z
252,796,add_to_cart,2026-03-10T17:17:38Z
252,695,remove_cart,2026-03-10T17:26:38Z
252,806,view,2026-03-10T17:28:38Z
252,760,purchase,2026-03-10T18:28:38Z
252,620,search,2026-03-10T18:54:38Z
252,1214,remove_cart,2026-03-10T19:08:38Z
252,209,checkout,2026-03-10T19:09:38Z
252,1287,search,2026-03-10T19:52:38Z
252,996,wishlist,2026-03-10T20:16:38Z
252,473,view,2026-03-10T21:11:38Z
252,1355,purchase,2026-03-10T21:28:38Z
252,1425,add_to_cart,2026-03-10T21:59:38Z
252,1108,click,2026-03-10T22:46:38Z
252,1195,remove_cart,2026-03-10T23:12:38Z
252,660,add_to_cart,2026-03-10T23:36:38Z
252,1329,add_to_cart,2026-03-11T00:15:38Z
252,49,view,2026-03-11T00:37:38Z
252,110,add_to_cart,2026-03-11T01:02:38Z
252,1366,view,2026-03-11T01:06:38Z
252,228,click,2026-03-11T01:57:38Z
252,670,view,2026-03-11T02:03:38Z
252,851,remove_cart,2026-03-11T02:08:38Z
252,1199,click,2026-03-11T03:03:38Z
252,1151,checkout,2026-03-11T03:16:38Z
252,517,search,2026-03-11T04:07:38Z
252,180,click,2026-03-11T04:16:38Z
252,97,purchase,2026-03-11T04:17:38Z
252,396,add_to_cart,2026-03-11T04:59:38Z
252,769,search,2026-03-11T05:42:38Z
252,1394,view,2026-03-11T06:31:38Z
252,262,remove_cart,2026-03-11T07:02:38Z
252,447,purchase,2026-03-11T07:46:38Z
252,541,click,2026-03-11T07:50:38Z
252,256,search,2026-03-11T08:24:38Z
252,955,checkout,2026-03-11T09:08:38Z
252,846,purchase,2026-03-11T09:49:38Z
252,1485,wishlist,2026-03-11T10:10:38Z
252,1241,remove_cart,2026-03-11T10:15:38Z
252,148,add_to_cart,2026-03-11T10:24:38Z
252,287,add_to_cart,2026-03-11T11:21:38Z
252,437,view,2026-03-11T11:48:38Z
252,1490,click,2026-03-11T12:22:38Z
252,589,remove_cart,2026-03-11T13:15:38Z
252,788,click,2026-03-11T13:46:38Z
252,1290,click,2026-03-11T14:27:38Z
252,60,purchase,2026-03-11T15:21:38Z
252,847,add_to_cart,2026-03-11T15:34:38Z
252,239,search,2026-03-11T16:23:38Z
252,489,remove_cart,2026-03-11T17:02:38Z
252,388,remove_cart,2026-03-11T17:35:38Z
252,1282,wishlist,2026-03-11T18:34:38Z
252,948,click,2026-03-11T19:01:38Z
252,31,remove_cart,2026-03-11T19:19:38Z
252,462,purchase,2026-03-11T19:29:38Z
252,1171,click,2026-03-11T20:15:38Z
252,368,purchase,2026-03-11T20:58:38Z
252,1093,wishlist,2026-03-11T21:07:38Z
252,1301,add_to_cart,2026-03-11T22:04:38Z
252,931,remove_cart,2026-03-11T22:56:38Z
252,780,click,2026-03-11T23:08:38Z
252,1195,purchase,2026-03-11T23:38:38Z
252,1280,search,2026-03-12T00:17:38Z
252,339,wishlist,2026-03-12T01:12:38Z
252,379,add_to_cart,2026-03-12T01:33:38Z
252,527,remove_cart,2026-03-12T02:22:38Z
252,1401,search,2026-03-12T02:42:38Z
252,509,search,2026-03-12T03:31:38Z
252,1441,remove_cart,2026-03-12T04:21:38Z
252,232,remove_cart,2026-03-12T04:54:38Z
252,634,click,2026-03-12T04:59:38Z
253,873,search,2026-03-22T16:25:38Z
253,50,view,2026-03-22T16:42:38Z
253,1450,click,2026-03-22T17:21:38Z
253,1151,view,2026-03-22T17:42:38Z
253,175,checkout,2026-03-22T18:13:38Z
253,1439,wishlist,2026-03-22T18:34:38Z
253,1383,wishlist,2026-03-22T19:13:38Z
253,1312,view,2026-03-22T20:03:38Z
253,342,remove_cart,2026-03-22T20:48:38Z
253,981,checkout,2026-03-22T21:22:38Z
253,730,view,2026-03-22T21:33:38Z
253,312,click,2026-03-22T22:18:38Z
253,1495,view,2026-03-22T23:04:38Z
253,483,search,2026-03-22T23:29:38Z
253,239,checkout,2026-03-22T23:40:38Z
253,1484,remove_cart,2026-03-22T23:52:38Z
253,1485,remove_cart,2026-03-23T00:18:38Z
253,299,view,2026-03-23T00:32:38Z
253,1042,purchase,2026-03-23T00:53:38Z
253,1097,search,2026-03-23T00:58:38Z
253,1275,view,2026-03-23T01:10:38Z
253,1348,wishlist,2026-03-23T01:33:38Z
253,466,checkout,2026-03-23T02:03:38Z
253,1170,checkout,2026-03-23T03:02:38Z
253,736,purchase,2026-03-23T03:41:38Z
253,1186,checkout,2026-03-23T04:36:38Z
253,710,wishlist,2026-03-23T05:25:38Z
253,1318,click,2026-03-23T06:02:38Z
253,1475,add_to_cart,2026-03-23T06:19:38Z
253,1398,checkout,2026-03-23T06:37:38Z
253,132,click,2026-03-23T06:42:38Z
253,444,checkout,2026-03-23T07:26:38Z
253,934,remove_cart,2026-03-23T08:26:38Z
253,1456,view,2026-03-23T08:40:38Z
253,728,remove_cart,2026-03-23T08:50:38Z
253,949,remove_cart,2026-03-23T09:32:38Z
253,212,remove_cart,2026-03-23T09:39:38Z
253,1138,add_to_cart,2026-03-23T10:03:38Z
253,329,search,2026-03-23T10:50:38Z
253,63,purchase,2026-03-23T11:04:38Z
253,88,view,2026-03-23T11:39:38Z
253,511,wishlist,2026-03-23T12:05:38Z
253,1041,view,2026-03-23T12:53:38Z
253,341,add_to_cart,2026-03-23T13:30:38Z
253,1145,search,2026-03-23T14:11:38Z
253,956,add_to_cart,2026-03-23T14:44:38Z
253,351,purchase,2026-03-23T15:43:38Z
253,967,click,2026-03-23T15:46:38Z
253,352,purchase,2026-03-23T15:52:38Z
253,1467,checkout,2026-03-23T16:07:38Z
253,596,remove_cart,2026-03-23T16:30:38Z
253,377,wishlist,2026-03-23T16:40:38Z
253,274,view,2026-03-23T17:11:38Z
253,1264,view,2026-03-23T17:16:38Z
253,47,checkout,2026-03-23T18:11:38Z
253,1116,search,2026-03-23T18:20:38Z
253,1380,checkout,2026-03-23T18:37:38Z
253,1397,click,2026-03-23T19:05:38Z
253,1256,add_to_cart,2026-03-23T19:37:38Z
253,429,remove_cart,2026-03-23T20:26:38Z
253,136,remove_cart,2026-03-23T20:47:38Z
253,1498,add_to_cart,2026-03-23T21:27:38Z
253,680,wishlist,2026-03-23T21:50:38Z
253,1453,click,2026-03-23T22:34:38Z
253,745,view,2026-03-23T22:36:38Z
253,1052,click,2026-03-23T22:39:38Z
253,622,click,2026-03-23T23:19:38Z
253,264,search,2026-03-24T00:05:38Z
253,355,add_to_cart,2026-03-24T00:33:38Z
253,98,purchase,2026-03-24T01:18:38Z
254,926,view,2026-03-24T16:23:38Z
254,265,click,2026-03-24T16:32:38Z
254,660,add_to_cart,2026-03-24T16:48:38Z
254,315,remove_cart,2026-03-24T16:51:38Z
254,1340,view,2026-03-24T17:39:38Z
254,1445,purchase,2026-03-24T17:40:38Z
254,557,purchase,2026-03-24T18:23:38Z
254,1311,add_to_cart,2026-03-24T19:20:38Z
254,936,search,2026-03-24T19:33:38Z
254,420,wishlist,2026-03-24T20:25:38Z
254,1174,click,2026-03-24T20:53:38Z
254,1148,add_to_cart,2026-03-24T21:48:38Z
254,1242,view,2026-03-24T22:44:38Z
254,852,click,2026-03-24T23:40:38Z
254,254,remove_cart,2026-03-24T23:55:38Z
254,874,remove_cart,2026-03-25T00:49:38Z
254,1144,remove_cart,2026-03-25T01:43:38Z
254,1385,checkout,2026-03-25T02:30:38Z
254,510,search,2026-03-25T02:31:38Z
254,3,purchase,2026-03-25T03:26:38Z
255,518,view,2026-03-03T17:21:38Z
255,39,wishlist,2026-03-03T17:26:38Z
255,204,view,2026-03-03T17:51:38Z
255,801,click,2026-03-03T18:19:38Z
255,1189,add_to_cart,2026-03-03T18:36:38Z
255,63,checkout,2026-03-03T18:37:38Z
255,679,search,2026-03-03T18:56:38Z
255,675,view,2026-03-03T19:03:38Z
255,834,click,2026-03-03T19:35:38Z
255,1189,search,2026-03-03T19:45:38Z
255,1420,remove_cart,2026-03-03T20:39:38Z
255,8,add_to_cart,2026-03-03T21:13:38Z
255,197,add_to_cart,2026-03-03T21:32:38Z
255,13,click,2026-03-03T21:55:38Z
255,38,wishlist,2026-03-03T22:48:38Z
255,1174,remove_cart,2026-03-03T23:28:38Z
255,1497,remove_cart,2026-03-03T23:35:38Z
255,676,purchase,2026-03-03T23:43:38Z
255,679,add_to_cart,2026-03-04T00:29:38Z
255,1430,wishlist,2026-03-04T00:40:38Z
255,334,purchase,2026-03-04T01:25:38Z
255,1132,add_to_cart,2026-03-04T02:08:38Z
255,1031,view,2026-03-04T02:29:38Z
255,1327,purchase,2026-03-04T02:59:38Z
255,623,checkout,2026-03-04T03:40:38Z
255,556,purchase,2026-03-04T04:03:38Z
255,1461,view,2026-03-04T04:48:38Z
255,829,search,2026-03-04T05:20:38Z
255,1386,add_to_cart,2026-03-04T05:42:38Z
255,746,purchase,2026-03-04T06:21:38Z
255,219,view,2026-03-04T07:11:38Z
255,676,click,2026-03-04T07:19:38Z
255,665,add_to_cart,2026-03-04T08:12:38Z
255,1405,wishlist,2026-03-04T08:45:38Z
255,372,remove_cart,2026-03-04T09:39:38Z
255,1443,checkout,2026-03-04T10:08:38Z
256,83,search,2026-02-08T16:48:38Z
256,169,view,2026-02-08T17:03:38Z
256,566,click,2026-02-08T17:32:38Z
256,41,view,2026-02-08T17:48:38Z
256,735,search,2026-02-08T18:47:38Z
256,1215,view,2026-02-08T19:33:38Z
256,1114,checkout,2026-02-08T19:41:38Z
256,634,remove_cart,2026-02-08T19:46:38Z
256,1248,add_to_cart,2026-02-08T19:58:38Z
256,1439,purchase,2026-02-08T20:22:38Z
256,605,wishlist,2026-02-08T21:07:38Z
256,371,wishlist,2026-02-08T21:46:38Z
256,723,view,2026-02-08T22:07:38Z
256,658,remove_cart,2026-02-08T22:36:38Z
256,1228,checkout,2026-02-08T23:08:38Z
256,1394,click,2026-02-08T23:15:38Z
256,920,purchase,2026-02-09T00:06:38Z
256,1452,purchase,2026-02-09T00:08:38Z
256,679,search,2026-02-09T00:57:38Z
256,293,checkout,2026-02-09T01:24:38Z
256,513,checkout,2026-02-09T02:20:38Z
256,1399,wishlist,2026-02-09T03:10:38Z
256,797,click,2026-02-09T03:16:38Z
256,1168,view,2026-02-09T03:52:38Z
256,1169,wishlist,2026-02-09T04:26:38Z
256,80,checkout,2026-02-09T05:25:38Z
256,714,click,2026-02-09T06:22:38Z
256,239,add_to_cart,2026-02-09T06:34:38Z
256,777,purchase,2026-02-09T06:47:38Z
256,16,remove_cart,2026-02-09T06:51:38Z
256,940,purchase,2026-02-09T07:09:38Z
256,145,remove_cart,2026-02-09T07:53:38Z
256,1040,add_to_cart,2026-02-09T08:36:38Z
256,1407,purchase,2026-02-09T08:37:38Z
256,800,checkout,2026-02-09T08:55:38Z
256,240,click,2026-02-09T09:43:38Z
256,1172,purchase,2026-02-09T10:30:38Z
256,1218,checkout,2026-02-09T11:07:38Z
256,216,add_to_cart,2026-02-09T11:37:38Z
256,807,wishlist,2026-02-09T12:22:38Z
256,452,view,2026-02-09T13:21:38Z
256,1387,purchase,2026-02-09T13:55:38Z
256,1108,checkout,2026-02-09T14:43:38Z
256,299,wishlist,2026-02-09T15:40:38Z
256,1317,wishlist,2026-02-09T16:27:38Z
256,1336,remove_cart,2026-02-09T17:00:38Z
256,529,click,2026-02-09T17:35:38Z
256,958,purchase,2026-02-09T18:12:38Z
256,498,remove_cart,2026-02-09T18:57:38Z
256,1165,view,2026-02-09T19:43:38Z
256,9,view,2026-02-09T20:25:38Z
256,1017,checkout,2026-02-09T20:41:38Z
256,1193,search,2026-02-09T21:21:38Z
256,567,search,2026-02-09T22:12:38Z
257,635,view,2026-02-19T17:18:38Z
257,226,wishlist,2026-02-19T17:36:38Z
257,89,view,2026-02-19T18:31:38Z
257,826,click,2026-02-19T19:00:38Z
257,349,add_to_cart,2026-02-19T19:38:38Z
257,790,remove_cart,2026-02-19T19:47:38Z
257,1340,wishlist,2026-02-19T20:06:38Z
257,926,purchase,2026-02-19T20:26:38Z
257,224,wishlist,2026-02-19T21:03:38Z
257,531,remove_cart,2026-02-19T21:05:38Z
257,1188,purchase,2026-02-19T21:27:38Z
257,1252,purchase,2026-02-19T22:26:38Z
257,1305,wishlist,2026-02-19T23:07:38Z
257,1242,view,2026-02-19T23:37:38Z
257,1037,remove_cart,2026-02-20T00:01:38Z
257,1040,wishlist,2026-02-20T00:30:38Z
257,1377,purchase,2026-02-20T01:30:38Z
257,854,checkout,2026-02-20T01:52:38Z
257,977,click,2026-02-20T02:17:38Z
257,447,search,2026-02-20T03:10:38Z
257,80,search,2026-02-20T03:54:38Z
257,1421,checkout,2026-02-20T04:48:38Z
257,907,purchase,2026-02-20T04:52:38Z
257,1407,click,2026-02-20T05:44:38Z
257,795,checkout,2026-02-20T06:14:38Z
257,1406,click,2026-02-20T07:11:38Z
257,1347,purchase,2026-02-20T07:32:38Z
257,1283,view,2026-02-20T08:14:38Z
257,1041,view,2026-02-20T08:46:38Z
257,1196,purchase,2026-02-20T09:11:38Z
257,391,add_to_cart,2026-02-20T09:21:38Z
257,1458,purchase,2026-02-20T10:07:38Z
257,28,wishlist,2026-02-20T10:26:38Z
257,388,purchase,2026-02-20T11:24:38Z
257,1204,remove_cart,2026-02-20T12:02:38Z
257,1136,wishlist,2026-02-20T12:11:38Z
257,89,wishlist,2026-02-20T12:55:38Z
257,179,add_to_cart,2026-02-20T13:10:38Z
257,1400,add_to_cart,2026-02-20T14:10:38Z
257,401,remove_cart,2026-02-20T14:31:38Z
258,1423,search,2026-02-20T16:43:38Z
258,1456,view,2026-02-20T17:26:38Z
258,244,click,2026-02-20T17:48:38Z
258,923,search,2026-02-20T18:28:38Z
258,1217,add_to_cart,2026-02-20T18:45:38Z
258,287,view,2026-02-20T18:58:38Z
258,549,add_to_cart,2026-02-20T19:14:38Z
258,154,checkout,2026-02-20T19:46:38Z
258,1255,search,2026-02-20T20:14:38Z
258,69,wishlist,2026-02-20T21:11:38Z
258,732,purchase,2026-02-20T21:57:38Z
258,706,wishlist,2026-02-20T22:21:38Z
258,305,checkout,2026-02-20T22:24:38Z
258,842,view,2026-02-20T22:27:38Z
258,516,click,2026-02-20T22:58:38Z
258,857,click,2026-02-20T23:11:38Z
258,739,search,2026-02-20T23:28:38Z
258,963,search,2026-02-21T00:20:38Z
258,328,remove_cart,2026-02-21T00:28:38Z
258,1155,click,2026-02-21T01:04:38Z
258,1358,purchase,2026-02-21T02:04:38Z
258,303,click,2026-02-21T02:45:38Z
258,1500,checkout,2026-02-21T03:29:38Z
258,858,view,2026-02-21T04:23:38Z
258,897,wishlist,2026-02-21T04:25:38Z
258,316,remove_cart,2026-02-21T04:32:38Z
258,307,add_to_cart,2026-02-21T05:28:38Z
258,1455,purchase,2026-02-21T06:10:38Z
258,791,view,2026-02-21T06:34:38Z
258,859,search,2026-02-21T06:53:38Z
259,1375,view,2026-01-21T16:38:38Z
259,526,wishlist,2026-01-21T16:39:38Z
259,758,view,2026-01-21T17:03:38Z
259,697,click,2026-01-21T17:24:38Z
259,682,add_to_cart,2026-01-21T18:02:38Z
259,836,view,2026-01-21T18:11:38Z
259,682,purchase,2026-01-21T18:57:38Z
259,1024,remove_cart,2026-01-21T18:58:38Z
259,1104,checkout,2026-01-21T19:30:38Z
259,444,search,2026-01-21T20:30:38Z
259,281,purchase,2026-01-21T21:12:38Z
259,393,checkout,2026-01-21T21:39:38Z
259,1390,view,2026-01-21T21:56:38Z
259,60,remove_cart,2026-01-21T21:59:38Z
259,501,add_to_cart,2026-01-21T22:44:38Z
259,773,remove_cart,2026-01-21T23:21:38Z
259,1153,add_to_cart,2026-01-21T23:49:38Z
259,1405,view,2026-01-22T00:01:38Z
259,128,add_to_cart,2026-01-22T00:11:38Z
259,691,checkout,2026-01-22T00:35:38Z
259,214,view,2026-01-22T01:01:38Z
259,1241,checkout,2026-01-22T01:51:38Z
259,1318,view,2026-01-22T02:19:38Z
259,1478,checkout,2026-01-22T02:21:38Z
259,1389,click,2026-01-22T02:43:38Z
259,80,click,2026-01-22T02:55:38Z
259,1197,view,2026-01-22T03:09:38Z
259,634,purchase,2026-01-22T03:26:38Z
259,894,view,2026-01-22T03:56:38Z
259,336,checkout,2026-01-22T04:54:38Z
259,374,click,2026-01-22T05:19:38Z
259,1330,click,2026-01-22T05:55:38Z
259,487,purchase,2026-01-22T06:39:38Z
259,1301,purchase,2026-01-22T07:17:38Z
259,1222,click,2026-01-22T08:05:38Z
259,774,add_to_cart,2026-01-22T08:42:38Z
259,6,add_to_cart,2026-01-22T08:50:38Z
259,51,wishlist,2026-01-22T09:05:38Z
259,327,checkout,2026-01-22T09:11:38Z
259,856,add_to_cart,2026-01-22T10:10:38Z
259,114,view,2026-01-22T11:06:38Z
259,298,add_to_cart,2026-01-22T12:03:38Z
259,949,purchase,2026-01-22T12:45:38Z
259,573,checkout,2026-01-22T13:33:38Z
259,111,add_to_cart,2026-01-22T14:03:38Z
259,1271,wishlist,2026-01-22T14:22:38Z
259,1109,wishlist,2026-01-22T14:54:38Z
259,342,checkout,2026-01-22T15:45:38Z
259,820,add_to_cart,2026-01-22T15:49:38Z
259,326,purchase,2026-01-22T15:59:38Z
259,343,view,2026-01-22T16:05:38Z
259,1134,remove_cart,2026-01-22T16:42:38Z
259,597,view,2026-01-22T17:40:38Z
259,1442,search,2026-01-22T18:07:38Z
259,1031,remove_cart,2026-01-22T18:31:38Z
260,555,search,2026-03-09T17:10:38Z
260,837,view,2026-03-09T17:42:38Z
260,1163,click,2026-03-09T17:43:38Z
260,1419,remove_cart,2026-03-09T18:36:38Z
260,874,view,2026-03-09T19:18:38Z
260,319,search,2026-03-09T19:47:38Z
260,702,search,2026-03-09T20:46:38Z
260,945,add_to_cart,2026-03-09T21:10:38Z
260,1127,purchase,2026-03-09T21:39:38Z
260,514,checkout,2026-03-09T22:24:38Z
260,1122,checkout,2026-03-09T22:56:38Z
260,905,search,2026-03-09T22:57:38Z
260,1428,view,2026-03-09T23:49:38Z
260,652,search,2026-03-10T00:16:38Z
260,939,checkout,2026-03-10T00:46:38Z
260,177,view,2026-03-10T01:14:38Z
260,1260,add_to_cart,2026-03-10T02:12:38Z
260,314,checkout,2026-03-10T03:11:38Z
260,817,search,2026-03-10T03:21:38Z
260,1227,view,2026-03-10T04:12:38Z
260,301,add_to_cart,2026-03-10T04:45:38Z
260,1474,remove_cart,2026-03-10T05:29:38Z
260,1319,click,2026-03-10T06:15:38Z
260,245,remove_cart,2026-03-10T06:32:38Z
260,3,checkout,2026-03-10T06:34:38Z
260,1010,wishlist,2026-03-10T06:47:38Z
260,1057,click,2026-03-10T07:29:38Z
260,686,remove_cart,2026-03-10T07:32:38Z
260,1469,remove_cart,2026-03-10T08:19:38Z
260,1056,remove_cart,2026-03-10T08:54:38Z
260,413,view,2026-03-10T09:45:38Z
260,1314,click,2026-03-10T10:30:38Z
260,626,remove_cart,2026-03-10T10:55:38Z
260,1183,checkout,2026-03-10T11:51:38Z
260,132,wishlist,2026-03-10T12:32:38Z
260,1194,add_to_cart,2026-03-10T13:02:38Z
260,253,purchase,2026-03-10T14:00:38Z
260,538,add_to_cart,2026-03-10T14:49:38Z
260,1403,add_to_cart,2026-03-10T15:25:38Z
260,765,wishlist,2026-03-10T15:41:38Z
260,817,search,2026-03-10T15:47:38Z
260,1182,view,2026-03-10T15:53:38Z
260,1140,click,2026-03-10T16:33:38Z
260,41,search,2026-03-10T17:09:38Z
260,1439,checkout,2026-03-10T17:10:38Z
260,3,click,2026-03-10T17:41:38Z
260,211,remove_cart,2026-03-10T18:13:38Z
260,81,wishlist,2026-03-10T18:24:38Z
260,1329,checkout,2026-03-10T18:54:38Z
260,113,click,2026-03-10T19:41:38Z
260,585,checkout,2026-03-10T20:34:38Z
260,464,view,2026-03-10T20:53:38Z
260,1123,purchase,2026-03-10T21:21:38Z
260,907,wishlist,2026-03-10T22:08:38Z
260,1433,remove_cart,2026-03-10T22:37:38Z
260,602,add_to_cart,2026-03-10T23:19:38Z
260,1372,remove_cart,2026-03-10T23:25:38Z
261,72,view,2026-03-09T16:28:38Z
261,1169,click,2026-03-09T17:28:38Z
261,2,add_to_cart,2026-03-09T18:28:38Z
261,1386,checkout,2026-03-09T18:32:38Z
261,105,purchase,2026-03-09T19:03:38Z
261,1138,click,2026-03-09T19:35:38Z
261,1488,wishlist,2026-03-09T19:37:38Z
261,763,add_to_cart,2026-03-09T19:38:38Z
261,713,view,2026-03-09T19:48:38Z
261,970,search,2026-03-09T20:25:38Z
261,1284,add_to_cart,2026-03-09T21:09:38Z
261,1399,purchase,2026-03-09T21:55:38Z
261,168,add_to_cart,2026-03-09T21:58:38Z
261,353,view,2026-03-09T22:42:38Z
261,1279,checkout,2026-03-09T23:06:38Z
261,1328,checkout,2026-03-09T23:24:38Z
261,1419,checkout,2026-03-10T00:08:38Z
261,472,wishlist,2026-03-10T00:49:38Z
261,1219,remove_cart,2026-03-10T01:10:38Z
261,634,checkout,2026-03-10T01:58:38Z
261,343,search,2026-03-10T02:52:38Z
261,786,wishlist,2026-03-10T03:02:38Z
261,1329,search,2026-03-10T03:45:38Z
262,829,view,2026-04-12T16:28:38Z
262,232,wishlist,2026-04-12T16:47:38Z
262,1473,view,2026-04-12T17:10:38Z
262,903,click,2026-04-12T17:24:38Z
262,81,add_to_cart,2026-04-12T17:43:38Z
262,385,wishlist,2026-04-12T17:49:38Z
262,1255,purchase,2026-04-12T18:19:38Z
262,910,purchase,2026-04-12T19:15:38Z
262,810,remove_cart,2026-04-12T20:06:38Z
262,1093,checkout,2026-04-12T20:31:38Z
262,1385,click,2026-04-12T21:19:38Z
262,10,remove_cart,2026-04-12T22:09:38Z
262,1017,wishlist,2026-04-12T22:31:38Z
262,938,click,2026-04-12T23:23:38Z
262,1347,search,2026-04-13T00:02:38Z
262,744,view,2026-04-13T00:54:38Z
262,1482,search,2026-04-13T01:34:38Z
262,1043,remove_cart,2026-04-13T02:08:38Z
262,559,click,2026-04-13T02:26:38Z
262,120,view,2026-04-13T02:59:38Z
262,692,purchase,2026-04-13T03:52:38Z
262,581,remove_cart,2026-04-13T04:03:38Z
262,729,view,2026-04-13T04:47:38Z
262,544,checkout,2026-04-13T05:04:38Z
262,1157,wishlist,2026-04-13T05:06:38Z
262,375,remove_cart,2026-04-13T05:20:38Z
262,499,search,2026-04-13T05:44:38Z
262,904,wishlist,2026-04-13T05:54:38Z
262,239,click,2026-04-13T06:01:38Z
262,117,click,2026-04-13T06:46:38Z
263,1420,view,2026-01-20T17:14:38Z
263,146,wishlist,2026-01-20T18:10:38Z
263,513,view,2026-01-20T18:45:38Z
263,1388,click,2026-01-20T19:12:38Z
263,1048,add_to_cart,2026-01-20T19:40:38Z
263,456,wishlist,2026-01-20T20:19:38Z
263,498,add_to_cart,2026-01-20T20:24:38Z
263,1182,wishlist,2026-01-20T21:17:38Z
263,1025,remove_cart,2026-01-20T21:25:38Z
263,1350,purchase,2026-01-20T21:29:38Z
263,1423,checkout,2026-01-20T22:16:38Z
263,564,purchase,2026-01-20T22:58:38Z
263,82,view,2026-01-20T23:55:38Z
263,1345,add_to_cart,2026-01-21T00:05:38Z
263,318,remove_cart,2026-01-21T00:22:38Z
263,1015,wishlist,2026-01-21T01:02:38Z
263,686,add_to_cart,2026-01-21T01:03:38Z
263,1120,wishlist,2026-01-21T01:22:38Z
263,1177,add_to_cart,2026-01-21T02:15:38Z
263,1123,checkout,2026-01-21T03:14:38Z
263,1249,click,2026-01-21T04:00:38Z
263,578,add_to_cart,2026-01-21T04:05:38Z
263,524,checkout,2026-01-21T04:49:38Z
263,625,search,2026-01-21T05:18:38Z
263,604,remove_cart,2026-01-21T05:19:38Z
263,508,add_to_cart,2026-01-21T05:57:38Z
263,987,checkout,2026-01-21T06:04:38Z
263,972,search,2026-01-21T06:48:38Z
263,538,add_to_cart,2026-01-21T06:54:38Z
263,939,remove_cart,2026-01-21T07:00:38Z
263,689,add_to_cart,2026-01-21T07:32:38Z
263,556,view,2026-01-21T08:24:38Z
263,296,wishlist,2026-01-21T09:16:38Z
263,914,add_to_cart,2026-01-21T09:44:38Z
263,1032,remove_cart,2026-01-21T10:24:38Z
263,1110,checkout,2026-01-21T11:02:38Z
263,678,checkout,2026-01-21T11:33:38Z
263,675,search,2026-01-21T11:51:38Z
263,926,search,2026-01-21T12:48:38Z
263,483,search,2026-01-21T12:53:38Z
263,237,search,2026-01-21T12:54:38Z
263,1191,add_to_cart,2026-01-21T13:41:38Z
263,7,purchase,2026-01-21T14:08:38Z
263,891,wishlist,2026-01-21T14:47:38Z
263,930,add_to_cart,2026-01-21T15:32:38Z
263,132,wishlist,2026-01-21T16:15:38Z
263,772,purchase,2026-01-21T16:32:38Z
263,1235,purchase,2026-01-21T17:06:38Z
263,314,view,2026-01-21T17:14:38Z
263,1082,search,2026-01-21T18:08:38Z
263,604,search,2026-01-21T18:59:38Z
263,497,checkout,2026-01-21T19:38:38Z
263,1371,remove_cart,2026-01-21T20:25:38Z
263,244,wishlist,2026-01-21T20:52:38Z
263,839,click,2026-01-21T21:16:38Z
263,1445,remove_cart,2026-01-21T21:25:38Z
263,492,add_to_cart,2026-01-21T22:10:38Z
263,954,view,2026-01-21T23:02:38Z
263,858,view,2026-01-21T23:45:38Z
263,517,wishlist,2026-01-22T00:25:38Z
263,648,view,2026-01-22T01:21:38Z
263,776,purchase,2026-01-22T01:28:38Z
263,1448,view,2026-01-22T01:37:38Z
263,1302,add_to_cart,2026-01-22T02:06:38Z
263,509,search,2026-01-22T02:22:38Z
263,902,view,2026-01-22T02:36:38Z
263,1333,add_to_cart,2026-01-22T03:28:38Z
263,1100,checkout,2026-01-22T03:33:38Z
263,1329,remove_cart,2026-01-22T04:14:38Z
263,611,add_to_cart,2026-01-22T04:33:38Z
263,722,checkout,2026-01-22T05:29:38Z
263,129,remove_cart,2026-01-22T05:42:38Z
263,1282,click,2026-01-22T05:51:38Z
263,1114,click,2026-01-22T06:05:38Z
263,1116,view,2026-01-22T06:37:38Z
263,1000,add_to_cart,2026-01-22T07:13:38Z
263,810,view,2026-01-22T08:11:38Z
263,654,remove_cart,2026-01-22T08:16:38Z
264,1046,view,2026-03-12T17:02:38Z
264,1052,wishlist,2026-03-12T17:24:38Z
264,772,view,2026-03-12T17:50:38Z
264,725,click,2026-03-12T18:05:38Z
264,668,add_to_cart,2026-03-12T18:33:38Z
264,1071,search,2026-03-12T18:39:38Z
264,1288,view,2026-03-12T18:50:38Z
264,286,add_to_cart,2026-03-12T19:12:38Z
264,1358,click,2026-03-12T19:23:38Z
264,1197,remove_cart,2026-03-12T19:51:38Z
264,648,view,2026-03-12T20:50:38Z
264,1207,search,2026-03-12T21:15:38Z
264,1100,search,2026-03-12T21:27:38Z
264,1091,add_to_cart,2026-03-12T22:12:38Z
264,74,search,2026-03-12T22:41:38Z
264,92,wishlist,2026-03-12T22:51:38Z
264,1372,purchase,2026-03-12T22:57:38Z
264,1382,purchase,2026-03-12T23:51:38Z
264,1264,add_to_cart,2026-03-13T00:44:38Z
264,344,checkout,2026-03-13T00:50:38Z
264,327,purchase,2026-03-13T01:38:38Z
264,886,view,2026-03-13T01:52:38Z
264,894,remove_cart,2026-03-13T02:26:38Z
264,907,search,2026-03-13T02:35:38Z
264,798,checkout,2026-03-13T03:10:38Z
264,1110,add_to_cart,2026-03-13T03:38:38Z
264,966,wishlist,2026-03-13T03:50:38Z
264,948,add_to_cart,2026-03-13T04:24:38Z
264,1480,remove_cart,2026-03-13T04:26:38Z
264,13,purchase,2026-03-13T04:36:38Z
264,1150,checkout,2026-03-13T05:05:38Z
264,551,purchase,2026-03-13T05:59:38Z
264,15,checkout,2026-03-13T06:05:38Z
264,1364,remove_cart,2026-03-13T06:17:38Z
264,455,purchase,2026-03-13T07:10:38Z
264,1297,search,2026-03-13T07:51:38Z
264,1304,wishlist,2026-03-13T08:44:38Z
264,498,wishlist,2026-03-13T09:15:38Z
264,871,wishlist,2026-03-13T10:13:38Z
264,1332,add_to_cart,2026-03-13T10:26:38Z
264,928,add_to_cart,2026-03-13T11:21:38Z
264,1462,checkout,2026-03-13T12:03:38Z
264,522,view,2026-03-13T12:07:38Z
264,696,wishlist,2026-03-13T12:21:38Z
264,1197,wishlist,2026-03-13T13:07:38Z
264,125,checkout,2026-03-13T13:21:38Z
264,947,add_to_cart,2026-03-13T14:11:38Z
264,1303,purchase,2026-03-13T14:59:38Z
264,1128,add_to_cart,2026-03-13T15:10:38Z
264,918,wishlist,2026-03-13T16:03:38Z
264,1453,view,2026-03-13T16:23:38Z
264,522,add_to_cart,2026-03-13T17:14:38Z
264,1489,view,2026-03-13T18:03:38Z
264,701,add_to_cart,2026-03-13T18:25:38Z
264,841,wishlist,2026-03-13T18:44:38Z
264,922,purchase,2026-03-13T19:22:38Z
264,80,checkout,2026-03-13T20:04:38Z
264,213,search,2026-03-13T20:11:38Z
264,1143,remove_cart,2026-03-13T20:42:38Z
264,1196,click,2026-03-13T21:06:38Z
264,585,remove_cart,2026-03-13T21:47:38Z
264,1321,remove_cart,2026-03-13T22:43:38Z
264,1081,checkout,2026-03-13T22:58:38Z
264,704,remove_cart,2026-03-13T23:52:38Z
265,571,view,2026-02-01T16:42:38Z
265,1375,click,2026-02-01T17:15:38Z
265,542,add_to_cart,2026-02-01T18:15:38Z
265,1375,checkout,2026-02-01T19:03:38Z
265,1023,purchase,2026-02-01T19:31:38Z
265,384,purchase,2026-02-01T19:45:38Z
265,145,add_to_cart,2026-02-01T20:25:38Z
265,1115,add_to_cart,2026-02-01T20:44:38Z
265,1095,wishlist,2026-02-01T21:07:38Z
265,1413,checkout,2026-02-01T22:06:38Z
265,22,checkout,2026-02-01T22:08:38Z
265,332,remove_cart,2026-02-01T23:06:38Z
265,1260,purchase,2026-02-01T23:50:38Z
265,1194,search,2026-02-02T00:11:38Z
265,864,search,2026-02-02T00:22:38Z
265,1000,search,2026-02-02T00:25:38Z
265,1303,remove_cart,2026-02-02T00:27:38Z
265,122,wishlist,2026-02-02T00:41:38Z
265,1472,click,2026-02-02T00:50:38Z
265,502,view,2026-02-02T01:05:38Z
265,241,view,2026-02-02T01:50:38Z
265,1034,purchase,2026-02-02T02:37:38Z
265,770,checkout,2026-02-02T02:43:38Z
265,459,add_to_cart,2026-02-02T03:18:38Z
265,869,purchase,2026-02-02T03:41:38Z
265,1123,view,2026-02-02T04:02:38Z
265,1108,click,2026-02-02T04:05:38Z
265,750,view,2026-02-02T04:13:38Z
265,937,purchase,2026-02-02T04:27:38Z
265,405,search,2026-02-02T05:21:38Z
265,939,wishlist,2026-02-02T05:47:38Z
265,1303,view,2026-02-02T05:56:38Z
265,340,checkout,2026-02-02T06:28:38Z
265,653,checkout,2026-02-02T06:33:38Z
265,1246,remove_cart,2026-02-02T06:57:38Z
265,1272,remove_cart,2026-02-02T07:40:38Z
265,1428,wishlist,2026-02-02T08:10:38Z
265,1014,search,2026-02-02T08:33:38Z
265,703,wishlist,2026-02-02T09:10:38Z
265,53,wishlist,2026-02-02T09:34:38Z
265,1329,wishlist,2026-02-02T09:55:38Z
265,1289,purchase,2026-02-02T10:40:38Z
265,1154,remove_cart,2026-02-02T10:49:38Z
265,235,click,2026-02-02T11:18:38Z
266,587,view,2026-02-13T17:19:38Z
266,153,wishlist,2026-02-13T18:17:38Z
266,460,view,2026-02-13T18:53:38Z
266,707,click,2026-02-13T19:33:38Z
266,1413,add_to_cart,2026-02-13T19:44:38Z
266,1358,wishlist,2026-02-13T19:53:38Z
266,127,wishlist,2026-02-13T20:03:38Z
266,1370,checkout,2026-02-13T21:01:38Z
266,153,add_to_cart,2026-02-13T21:51:38Z
266,642,remove_cart,2026-02-13T22:33:38Z
266,138,click,2026-02-13T23:29:38Z
266,614,add_to_cart,2026-02-13T23:35:38Z
266,605,wishlist,2026-02-14T00:07:38Z
266,306,search,2026-02-14T00:28:38Z
266,419,view,2026-02-14T01:20:38Z
266,1362,view,2026-02-14T02:11:38Z
266,1292,add_to_cart,2026-02-14T02:42:38Z
266,1276,remove_cart,2026-02-14T03:31:38Z
266,415,search,2026-02-14T04:01:38Z
266,1497,view,2026-02-14T04:34:38Z
266,117,add_to_cart,2026-02-14T04:54:38Z
266,1493,purchase,2026-02-14T05:47:38Z
266,496,wishlist,2026-02-14T06:31:38Z
266,188,add_to_cart,2026-02-14T07:18:38Z
266,583,add_to_cart,2026-02-14T08:06:38Z
266,1439,search,2026-02-14T08:07:38Z
266,411,add_to_cart,2026-02-14T08:45:38Z
266,594,remove_cart,2026-02-14T09:00:38Z
266,514,view,2026-02-14T09:37:38Z
266,1468,click,2026-02-14T09:49:38Z
266,1130,click,2026-02-14T10:42:38Z
266,1472,view,2026-02-14T11:06:38Z
266,980,add_to_cart,2026-02-14T11:29:38Z
266,1164,wishlist,2026-02-14T12:07:38Z
266,56,view,2026-02-14T12:53:38Z
266,980,search,2026-02-14T13:53:38Z
266,280,search,2026-02-14T13:59:38Z
266,316,purchase,2026-02-14T14:57:38Z
266,833,wishlist,2026-02-14T15:17:38Z
267,234,view,2026-04-08T17:13:38Z
267,620,click,2026-04-08T17:27:38Z
267,1495,add_to_cart,2026-04-08T18:15:38Z
267,537,checkout,2026-04-08T18:30:38Z
267,1029,purchase,2026-04-08T19:22:38Z
267,141,wishlist,2026-04-08T19:53:38Z
267,1231,purchase,2026-04-08T20:07:38Z
267,361,remove_cart,2026-04-08T20:52:38Z
267,1120,checkout,2026-04-08T21:20:38Z
267,381,remove_cart,2026-04-08T21:26:38Z
267,595,checkout,2026-04-08T21:42:38Z
267,239,add_to_cart,2026-04-08T21:50:38Z
267,339,add_to_cart,2026-04-08T21:52:38Z
267,1426,click,2026-04-08T22:49:38Z
267,172,purchase,2026-04-08T23:22:38Z
267,189,purchase,2026-04-08T23:25:38Z
267,626,search,2026-04-09T00:03:38Z
267,1266,view,2026-04-09T00:14:38Z
267,1117,view,2026-04-09T00:50:38Z
267,778,click,2026-04-09T01:28:38Z
268,739,view,2026-02-26T17:14:38Z
268,386,wishlist,2026-02-26T17:25:38Z
268,1173,view,2026-02-26T17:33:38Z
268,1385,click,2026-02-26T17:40:38Z
268,1209,add_to_cart,2026-02-26T18:17:38Z
268,316,view,2026-02-26T18:50:38Z
268,445,click,2026-02-26T19:33:38Z
268,804,purchase,2026-02-26T19:54:38Z
268,906,purchase,2026-02-26T20:01:38Z
268,883,add_to_cart,2026-02-26T20:16:38Z
268,111,remove_cart,2026-02-26T20:48:38Z
268,1458,search,2026-02-26T21:48:38Z
268,992,click,2026-02-26T22:47:38Z
268,1342,click,2026-02-26T22:48:38Z
268,1123,purchase,2026-02-26T23:33:38Z
268,236,click,2026-02-27T00:13:38Z
268,74,checkout,2026-02-27T00:32:38Z
268,62,wishlist,2026-02-27T01:25:38Z
268,1480,click,2026-02-27T01:41:38Z
268,326,purchase,2026-02-27T02:32:38Z
268,510,view,2026-02-27T03:21:38Z
268,540,search,2026-02-27T04:13:38Z
268,57,wishlist,2026-02-27T04:41:38Z
268,525,checkout,2026-02-27T04:46:38Z
268,801,checkout,2026-02-27T05:36:38Z
268,1466,wishlist,2026-02-27T05:40:38Z
268,711,checkout,2026-02-27T06:10:38Z
268,1449,add_to_cart,2026-02-27T06:33:38Z
268,464,checkout,2026-02-27T06:43:38Z
268,773,click,2026-02-27T07:36:38Z
268,808,purchase,2026-02-27T07:44:38Z
268,402,view,2026-02-27T08:38:38Z
268,1032,checkout,2026-02-27T09:20:38Z
268,1336,click,2026-02-27T09:26:38Z
268,1414,view,2026-02-27T09:47:38Z
268,64,checkout,2026-02-27T10:42:38Z
268,1175,purchase,2026-02-27T11:31:38Z
268,422,remove_cart,2026-02-27T12:27:38Z
268,818,view,2026-02-27T12:55:38Z
268,28,checkout,2026-02-27T12:57:38Z
268,1245,wishlist,2026-02-27T13:36:38Z
268,1224,search,2026-02-27T14:02:38Z
268,1406,remove_cart,2026-02-27T14:28:38Z
268,1466,purchase,2026-02-27T15:24:38Z
268,508,add_to_cart,2026-02-27T16:14:38Z
268,945,purchase,2026-02-27T16:59:38Z
268,1010,view,2026-02-27T17:01:38Z
268,1396,click,2026-02-27T17:49:38Z
268,19,wishlist,2026-02-27T18:23:38Z
268,1015,view,2026-02-27T19:01:38Z
268,1344,click,2026-02-27T19:19:38Z
268,862,view,2026-02-27T19:55:38Z
268,374,purchase,2026-02-27T20:11:38Z
268,442,purchase,2026-02-27T20:31:38Z
268,832,view,2026-02-27T21:23:38Z
268,1095,wishlist,2026-02-27T22:20:38Z
268,585,checkout,2026-02-27T22:39:38Z
268,1334,purchase,2026-02-27T23:19:38Z
268,959,add_to_cart,2026-02-27T23:35:38Z
268,1500,wishlist,2026-02-28T00:14:38Z
268,1184,view,2026-02-28T01:08:38Z
268,292,checkout,2026-02-28T01:20:38Z
268,1110,wishlist,2026-02-28T02:19:38Z
269,766,search,2026-01-21T17:06:38Z
269,692,view,2026-01-21T17:42:38Z
269,562,click,2026-01-21T18:30:38Z
269,231,wishlist,2026-01-21T18:51:38Z
269,235,purchase,2026-01-21T19:31:38Z
269,50,remove_cart,2026-01-21T20:22:38Z
269,637,purchase,2026-01-21T21:21:38Z
269,482,add_to_cart,2026-01-21T22:11:38Z
269,1112,remove_cart,2026-01-21T22:43:38Z
269,1455,purchase,2026-01-21T23:19:38Z
269,812,checkout,2026-01-21T23:32:38Z
269,493,purchase,2026-01-21T23:42:38Z
269,529,view,2026-01-21T23:45:38Z
269,523,purchase,2026-01-22T00:12:38Z
269,1063,checkout,2026-01-22T00:36:38Z
269,863,search,2026-01-22T01:03:38Z
269,883,search,2026-01-22T01:37:38Z
269,545,checkout,2026-01-22T02:23:38Z
269,473,click,2026-01-22T02:49:38Z
269,181,checkout,2026-01-22T03:39:38Z
269,820,add_to_cart,2026-01-22T03:42:38Z
269,937,purchase,2026-01-22T03:49:38Z
269,346,wishlist,2026-01-22T04:12:38Z
269,819,checkout,2026-01-22T04:43:38Z
269,533,view,2026-01-22T04:51:38Z
269,619,wishlist,2026-01-22T05:24:38Z
269,212,view,2026-01-22T05:57:38Z
269,552,click,2026-01-22T06:45:38Z
269,163,search,2026-01-22T07:37:38Z
269,366,wishlist,2026-01-22T08:06:38Z
269,639,click,2026-01-22T08:52:38Z
269,777,purchase,2026-01-22T09:37:38Z
269,849,click,2026-01-22T09:42:38Z
269,209,remove_cart,2026-01-22T09:50:38Z
269,64,search,2026-01-22T10:15:38Z
269,769,purchase,2026-01-22T11:12:38Z
269,1058,click,2026-01-22T11:18:38Z
269,46,add_to_cart,2026-01-22T11:44:38Z
269,696,wishlist,2026-01-22T12:06:38Z
269,719,search,2026-01-22T12:31:38Z
269,816,search,2026-01-22T12:43:38Z
269,1038,purchase,2026-01-22T13:08:38Z
269,475,search,2026-01-22T14:08:38Z
269,184,checkout,2026-01-22T14:37:38Z
269,56,search,2026-01-22T15:29:38Z
269,1386,purchase,2026-01-22T15:48:38Z
269,1405,search,2026-01-22T16:29:38Z
269,693,wishlist,2026-01-22T16:47:38Z
269,841,wishlist,2026-01-22T17:31:38Z
269,19,remove_cart,2026-01-22T17:33:38Z
269,177,purchase,2026-01-22T17:34:38Z
269,848,click,2026-01-22T18:13:38Z
269,1017,add_to_cart,2026-01-22T18:23:38Z
269,1071,add_to_cart,2026-01-22T18:38:38Z
269,1203,remove_cart,2026-01-22T19:30:38Z
269,547,checkout,2026-01-22T20:29:38Z
269,203,add_to_cart,2026-01-22T21:14:38Z
269,426,checkout,2026-01-22T22:02:38Z
269,1087,remove_cart,2026-01-22T22:54:38Z
269,753,purchase,2026-01-22T23:29:38Z
269,666,view,2026-01-23T00:07:38Z
269,1200,checkout,2026-01-23T00:09:38Z
269,61,purchase,2026-01-23T00:26:38Z
269,1399,click,2026-01-23T00:53:38Z
269,1114,wishlist,2026-01-23T00:56:38Z
269,388,click,2026-01-23T01:01:38Z
269,1420,remove_cart,2026-01-23T01:53:38Z
269,40,search,2026-01-23T02:48:38Z
269,1081,purchase,2026-01-23T03:06:38Z
269,558,search,2026-01-23T03:42:38Z
269,971,purchase,2026-01-23T04:38:38Z
269,32,checkout,2026-01-23T04:41:38Z
269,998,remove_cart,2026-01-23T04:53:38Z
270,1354,view,2026-02-05T17:08:38Z
270,687,wishlist,2026-02-05T17:45:38Z
270,1454,view,2026-02-05T18:42:38Z
270,625,click,2026-02-05T18:50:38Z
270,372,add_to_cart,2026-02-05T19:42:38Z
270,584,wishlist,2026-02-05T19:59:38Z
270,1180,remove_cart,2026-02-05T20:27:38Z
270,284,wishlist,2026-02-05T20:46:38Z
270,1427,click,2026-02-05T21:34:38Z
270,1425,checkout,2026-02-05T22:28:38Z
270,892,wishlist,2026-02-05T23:23:38Z
270,703,add_to_cart,2026-02-05T23:54:38Z
270,16,add_to_cart,2026-02-06T00:27:38Z
270,850,view,2026-02-06T00:35:38Z
270,916,click,2026-02-06T01:17:38Z
270,627,purchase,2026-02-06T01:35:38Z
270,1357,checkout,2026-02-06T02:13:38Z
270,654,search,2026-02-06T02:58:38Z
270,642,add_to_cart,2026-02-06T03:13:38Z
270,839,click,2026-02-06T04:06:38Z
270,467,purchase,2026-02-06T04:42:38Z
270,571,add_to_cart,2026-02-06T05:10:38Z
270,187,checkout,2026-02-06T05:56:38Z
270,186,view,2026-02-06T06:00:38Z
270,953,checkout,2026-02-06T06:01:38Z
270,1399,click,2026-02-06T06:10:38Z
270,1344,search,2026-02-06T06:51:38Z
270,830,wishlist,2026-02-06T07:20:38Z
270,491,click,2026-02-06T08:08:38Z
270,555,view,2026-02-06T09:03:38Z
270,578,search,2026-02-06T09:39:38Z
270,591,click,2026-02-06T10:24:38Z
270,1446,add_to_cart,2026-02-06T11:05:38Z
270,1462,purchase,2026-02-06T11:26:38Z
270,307,wishlist,2026-02-06T12:16:38Z
270,437,purchase,2026-02-06T12:57:38Z
270,1382,checkout,2026-02-06T13:08:38Z
270,736,checkout,2026-02-06T13:54:38Z
270,1008,remove_cart,2026-02-06T14:37:38Z
270,427,click,2026-02-06T15:20:38Z
270,284,view,2026-02-06T16:19:38Z
270,668,remove_cart,2026-02-06T17:16:38Z
270,1306,remove_cart,2026-02-06T17:34:38Z
270,968,checkout,2026-02-06T18:20:38Z
270,170,click,2026-02-06T19:13:38Z
270,1148,wishlist,2026-02-06T19:47:38Z
270,1493,add_to_cart,2026-02-06T20:44:38Z
270,1075,click,2026-02-06T21:38:38Z
270,1383,checkout,2026-02-06T21:41:38Z
270,1478,search,2026-02-06T21:46:38Z
270,1491,view,2026-02-06T22:18:38Z
270,854,click,2026-02-06T22:26:38Z
270,616,click,2026-02-06T22:31:38Z
270,522,remove_cart,2026-02-06T22:48:38Z
270,1331,remove_cart,2026-02-06T23:34:38Z
270,1194,click,2026-02-06T23:41:38Z
270,1181,purchase,2026-02-06T23:45:38Z
270,622,checkout,2026-02-07T00:09:38Z
270,619,add_to_cart,2026-02-07T00:56:38Z
270,1499,checkout,2026-02-07T01:10:38Z
270,379,wishlist,2026-02-07T01:56:38Z
270,1478,purchase,2026-02-07T02:28:38Z
270,1146,checkout,2026-02-07T02:47:38Z
270,10,checkout,2026-02-07T03:17:38Z
270,1148,view,2026-02-07T03:48:38Z
270,302,click,2026-02-07T04:29:38Z
270,354,wishlist,2026-02-07T04:45:38Z
270,195,wishlist,2026-02-07T05:45:38Z
270,1331,add_to_cart,2026-02-07T05:51:38Z
270,335,view,2026-02-07T06:27:38Z
270,990,add_to_cart,2026-02-07T06:53:38Z
270,838,view,2026-02-07T07:33:38Z
270,1491,remove_cart,2026-02-07T08:00:38Z
270,1109,view,2026-02-07T08:10:38Z
270,1473,remove_cart,2026-02-07T08:34:38Z
270,441,purchase,2026-02-07T09:10:38Z
270,130,wishlist,2026-02-07T09:40:38Z
270,825,remove_cart,2026-02-07T10:00:38Z
270,1469,add_to_cart,2026-02-07T10:07:38Z
271,968,search,2026-04-18T17:06:38Z
271,1216,view,2026-04-18T17:07:38Z
271,44,click,2026-04-18T18:01:38Z
271,504,checkout,2026-04-18T18:04:38Z
271,125,checkout,2026-04-18T18:38:38Z
271,1462,remove_cart,2026-04-18T19:37:38Z
271,1188,remove_cart,2026-04-18T20:26:38Z
271,75,purchase,2026-04-18T20:37:38Z
271,1447,checkout,2026-04-18T21:29:38Z
271,1055,view,2026-04-18T22:06:38Z
271,1034,purchase,2026-04-18T22:24:38Z
271,317,search,2026-04-18T23:03:38Z
271,1480,remove_cart,2026-04-18T23:35:38Z
271,902,search,2026-04-19T00:10:38Z
271,1402,remove_cart,2026-04-19T01:10:38Z
271,840,add_to_cart,2026-04-19T01:50:38Z
271,973,wishlist,2026-04-19T01:54:38Z
271,551,search,2026-04-19T02:38:38Z
271,649,wishlist,2026-04-19T03:04:38Z
271,875,checkout,2026-04-19T03:13:38Z
272,566,view,2026-02-28T17:06:38Z
272,1225,wishlist,2026-02-28T17:12:38Z
272,329,view,2026-02-28T17:45:38Z
272,211,click,2026-02-28T18:18:38Z
272,1201,add_to_cart,2026-02-28T18:47:38Z
272,977,search,2026-02-28T19:19:38Z
272,83,wishlist,2026-02-28T19:20:38Z
272,684,purchase,2026-02-28T19:40:38Z
272,306,add_to_cart,2026-02-28T20:29:38Z
272,896,view,2026-02-28T20:41:38Z
272,1253,add_to_cart,2026-02-28T21:07:38Z
272,444,purchase,2026-02-28T21:11:38Z
272,797,add_to_cart,2026-02-28T22:06:38Z
272,352,search,2026-02-28T22:29:38Z
272,457,wishlist,2026-02-28T22:58:38Z
272,1253,purchase,2026-02-28T22:59:38Z
272,529,view,2026-02-28T23:29:38Z
272,781,view,2026-03-01T00:16:38Z
272,178,purchase,2026-03-01T00:38:38Z
272,703,remove_cart,2026-03-01T01:11:38Z
272,305,add_to_cart,2026-03-01T01:53:38Z
272,819,search,2026-03-01T02:23:38Z
272,251,checkout,2026-03-01T02:47:38Z
272,1451,add_to_cart,2026-03-01T03:09:38Z
272,1297,purchase,2026-03-01T03:40:38Z
272,1475,view,2026-03-01T03:44:38Z
272,430,wishlist,2026-03-01T04:38:38Z
272,836,remove_cart,2026-03-01T05:25:38Z
272,279,purchase,2026-03-01T05:38:38Z
272,473,checkout,2026-03-01T06:06:38Z
272,266,purchase,2026-03-01T06:23:38Z
272,727,add_to_cart,2026-03-01T06:58:38Z
272,1065,remove_cart,2026-03-01T07:09:38Z
272,287,purchase,2026-03-01T07:39:38Z
272,1381,purchase,2026-03-01T08:11:38Z
272,691,add_to_cart,2026-03-01T08:23:38Z
272,73,purchase,2026-03-01T08:30:38Z
272,470,purchase,2026-03-01T09:22:38Z
272,1432,checkout,2026-03-01T10:15:38Z
272,1113,view,2026-03-01T10:16:38Z
272,1342,search,2026-03-01T10:26:38Z
272,70,purchase,2026-03-01T10:43:38Z
272,913,purchase,2026-03-01T11:31:38Z
272,405,view,2026-03-01T11:49:38Z
272,403,purchase,2026-03-01T12:04:38Z
272,1284,click,2026-03-01T12:45:38Z
272,576,purchase,2026-03-01T13:20:38Z
272,1300,wishlist,2026-03-01T13:46:38Z
272,738,click,2026-03-01T13:55:38Z
272,1122,checkout,2026-03-01T14:53:38Z
273,449,view,2026-04-18T16:52:38Z
273,207,wishlist,2026-04-18T17:21:38Z
273,1073,view,2026-04-18T17:59:38Z
273,1456,click,2026-04-18T18:51:38Z
273,1283,add_to_cart,2026-04-18T19:33:38Z
273,1408,wishlist,2026-04-18T20:22:38Z
273,863,click,2026-04-18T20:53:38Z
273,34,remove_cart,2026-04-18T21:28:38Z
273,757,remove_cart,2026-04-18T21:47:38Z
273,620,wishlist,2026-04-18T22:07:38Z
273,753,add_to_cart,2026-04-18T22:14:38Z
273,1427,checkout,2026-04-18T22:57:38Z
273,1272,purchase,2026-04-18T23:27:38Z
273,593,add_to_cart,2026-04-18T23:55:38Z
273,423,view,2026-04-19T00:16:38Z
273,923,add_to_cart,2026-04-19T00:57:38Z
273,1234,purchase,2026-04-19T01:39:38Z
273,1085,remove_cart,2026-04-19T02:13:38Z
273,419,wishlist,2026-04-19T02:53:38Z
273,272,search,2026-04-19T03:40:38Z
273,1172,purchase,2026-04-19T04:21:38Z
273,1236,view,2026-04-19T04:36:38Z
273,1244,checkout,2026-04-19T05:16:38Z
273,1387,checkout,2026-04-19T06:15:38Z
273,433,purchase,2026-04-19T06:59:38Z
273,763,click,2026-04-19T07:44:38Z
273,338,view,2026-04-19T08:00:38Z
273,1045,click,2026-04-19T08:39:38Z
273,1192,wishlist,2026-04-19T09:28:38Z
273,744,remove_cart,2026-04-19T09:51:38Z
273,1403,click,2026-04-19T10:35:38Z
273,680,view,2026-04-19T10:44:38Z
273,893,view,2026-04-19T11:10:38Z
273,1330,remove_cart,2026-04-19T12:07:38Z
273,1375,remove_cart,2026-04-19T12:48:38Z
273,1324,view,2026-04-19T13:14:38Z
273,610,checkout,2026-04-19T13:29:38Z
273,965,checkout,2026-04-19T13:56:38Z
273,610,click,2026-04-19T14:52:38Z
273,292,remove_cart,2026-04-19T15:08:38Z
273,1261,wishlist,2026-04-19T15:55:38Z
273,1497,click,2026-04-19T16:52:38Z
273,1081,view,2026-04-19T17:07:38Z
273,636,wishlist,2026-04-19T17:19:38Z
273,962,add_to_cart,2026-04-19T18:14:38Z
273,313,remove_cart,2026-04-19T18:25:38Z
273,722,click,2026-04-19T18:46:38Z
273,1387,remove_cart,2026-04-19T19:02:38Z
273,422,checkout,2026-04-19T19:21:38Z
273,1222,remove_cart,2026-04-19T19:36:38Z
273,690,search,2026-04-19T20:16:38Z
273,412,search,2026-04-19T20:17:38Z
273,586,wishlist,2026-04-19T20:38:38Z
273,892,remove_cart,2026-04-19T21:02:38Z
273,153,wishlist,2026-04-19T21:15:38Z
273,1052,checkout,2026-04-19T21:19:38Z
273,65,checkout,2026-04-19T21:33:38Z
273,187,view,2026-04-19T21:43:38Z
273,300,view,2026-04-19T22:26:38Z
273,779,checkout,2026-04-19T22:40:38Z
274,344,search,2026-03-02T17:06:38Z
274,800,view,2026-03-02T17:29:38Z
274,945,click,2026-03-02T18:12:38Z
274,1443,purchase,2026-03-02T18:59:38Z
274,1495,add_to_cart,2026-03-02T19:10:38Z
274,1035,purchase,2026-03-02T19:29:38Z
274,1156,checkout,2026-03-02T19:47:38Z
274,134,purchase,2026-03-02T20:26:38Z
274,802,remove_cart,2026-03-02T21:09:38Z
274,197,view,2026-03-02T22:01:38Z
274,1236,click,2026-03-02T22:04:38Z
274,1124,view,2026-03-02T22:24:38Z
274,1475,remove_cart,2026-03-02T22:50:38Z
274,906,view,2026-03-02T23:38:38Z
274,316,purchase,2026-03-03T00:33:38Z
274,624,remove_cart,2026-03-03T00:53:38Z
274,1143,checkout,2026-03-03T01:43:38Z
274,961,purchase,2026-03-03T02:26:38Z
274,744,wishlist,2026-03-03T03:06:38Z
274,992,search,2026-03-03T03:12:38Z
274,120,remove_cart,2026-03-03T04:03:38Z
274,406,view,2026-03-03T04:42:38Z
274,850,checkout,2026-03-03T04:49:38Z
274,1449,search,2026-03-03T05:48:38Z
274,1146,wishlist,2026-03-03T06:29:38Z
274,585,click,2026-03-03T06:30:38Z
274,1006,wishlist,2026-03-03T07:19:38Z
274,557,purchase,2026-03-03T08:05:38Z
274,1177,remove_cart,2026-03-03T08:33:38Z
274,1012,search,2026-03-03T08:50:38Z
274,479,purchase,2026-03-03T09:35:38Z
274,1125,checkout,2026-03-03T10:25:38Z
274,1458,view,2026-03-03T11:13:38Z
274,1027,wishlist,2026-03-03T11:22:38Z
274,680,view,2026-03-03T12:05:38Z
274,707,remove_cart,2026-03-03T12:33:38Z
274,392,click,2026-03-03T13:09:38Z
274,621,checkout,2026-03-03T13:44:38Z
274,186,checkout,2026-03-03T14:13:38Z
274,561,purchase,2026-03-03T14:42:38Z
274,541,purchase,2026-03-03T15:35:38Z
274,1242,wishlist,2026-03-03T15:38:38Z
274,654,remove_cart,2026-03-03T16:11:38Z
274,84,purchase,2026-03-03T16:44:38Z
274,663,remove_cart,2026-03-03T16:55:38Z
274,491,view,2026-03-03T17:05:38Z
274,1169,view,2026-03-03T17:38:38Z
274,806,remove_cart,2026-03-03T17:56:38Z
274,456,add_to_cart,2026-03-03T18:13:38Z
274,476,search,2026-03-03T19:03:38Z
274,1083,wishlist,2026-03-03T19:20:38Z
274,676,remove_cart,2026-03-03T19:59:38Z
274,383,add_to_cart,2026-03-03T20:07:38Z
274,729,click,2026-03-03T20:51:38Z
274,482,remove_cart,2026-03-03T20:54:38Z
274,11,checkout,2026-03-03T20:59:38Z
274,677,view,2026-03-03T21:13:38Z
274,1274,search,2026-03-03T21:40:38Z
274,875,search,2026-03-03T22:05:38Z
274,614,view,2026-03-03T23:03:38Z
274,977,view,2026-03-03T23:17:38Z
274,904,remove_cart,2026-03-03T23:34:38Z
275,1194,view,2026-02-20T17:10:38Z
275,1346,click,2026-02-20T17:18:38Z
275,168,add_to_cart,2026-02-20T18:06:38Z
275,167,remove_cart,2026-02-20T18:34:38Z
275,364,view,2026-02-20T18:46:38Z
275,693,click,2026-02-20T19:38:38Z
275,487,view,2026-02-20T20:27:38Z
275,642,remove_cart,2026-02-20T21:12:38Z
275,838,wishlist,2026-02-20T21:48:38Z
275,1154,click,2026-02-20T22:29:38Z
275,620,view,2026-02-20T22:32:38Z
275,1068,click,2026-02-20T22:53:38Z
275,444,purchase,2026-02-20T23:07:38Z
275,1114,wishlist,2026-02-20T23:16:38Z
275,1465,remove_cart,2026-02-21T00:02:38Z
275,206,remove_cart,2026-02-21T00:03:38Z
275,643,purchase,2026-02-21T00:36:38Z
275,1,wishlist,2026-02-21T01:24:38Z
275,1201,view,2026-02-21T01:35:38Z
275,987,wishlist,2026-02-21T02:26:38Z
275,1063,purchase,2026-02-21T03:17:38Z
275,64,view,2026-02-21T03:24:38Z
275,603,click,2026-02-21T03:36:38Z
275,954,wishlist,2026-02-21T04:31:38Z
275,190,click,2026-02-21T05:06:38Z
275,113,wishlist,2026-02-21T05:42:38Z
275,1340,remove_cart,2026-02-21T06:30:38Z
275,605,click,2026-02-21T07:09:38Z
275,822,click,2026-02-21T07:22:38Z
275,730,wishlist,2026-02-21T07:25:38Z
275,1179,wishlist,2026-02-21T07:33:38Z
275,1215,click,2026-02-21T08:16:38Z
275,1181,purchase,2026-02-21T09:10:38Z
275,898,remove_cart,2026-02-21T09:45:38Z
275,887,click,2026-02-21T10:18:38Z
275,990,checkout,2026-02-21T10:23:38Z
275,24,view,2026-02-21T10:58:38Z
276,418,search,2026-03-11T17:01:38Z
276,334,view,2026-03-11T17:47:38Z
276,1144,click,2026-03-11T18:36:38Z
276,1005,wishlist,2026-03-11T18:38:38Z
276,866,click,2026-03-11T19:17:38Z
276,1211,click,2026-03-11T19:27:38Z
276,288,purchase,2026-03-11T19:41:38Z
276,399,click,2026-03-11T20:30:38Z
276,723,search,2026-03-11T21:07:38Z
276,87,add_to_cart,2026-03-11T21:16:38Z
276,1364,search,2026-03-11T21:19:38Z
276,437,view,2026-03-11T22:12:38Z
276,1385,checkout,2026-03-11T23:08:38Z
276,965,click,2026-03-12T00:08:38Z
276,1070,checkout,2026-03-12T00:32:38Z
276,317,wishlist,2026-03-12T00:57:38Z
276,1108,checkout,2026-03-12T01:14:38Z
276,819,view,2026-03-12T01:39:38Z
276,1415,click,2026-03-12T01:44:38Z
276,849,add_to_cart,2026-03-12T02:42:38Z
276,68,add_to_cart,2026-03-12T03:29:38Z
276,122,purchase,2026-03-12T04:28:38Z
276,759,remove_cart,2026-03-12T05:06:38Z
276,652,click,2026-03-12T05:34:38Z
276,192,checkout,2026-03-12T06:18:38Z
276,242,add_to_cart,2026-03-12T06:26:38Z
276,1318,remove_cart,2026-03-12T06:30:38Z
276,168,click,2026-03-12T07:05:38Z
276,1495,click,2026-03-12T07:48:38Z
276,1369,add_to_cart,2026-03-12T08:44:38Z
276,1392,purchase,2026-03-12T09:40:38Z
276,122,purchase,2026-03-12T09:53:38Z
276,732,add_to_cart,2026-03-12T10:14:38Z
276,1476,checkout,2026-03-12T10:52:38Z
276,879,add_to_cart,2026-03-12T10:56:38Z
276,236,add_to_cart,2026-03-12T11:11:38Z
276,1358,search,2026-03-12T12:04:38Z
276,882,wishlist,2026-03-12T12:43:38Z
276,42,click,2026-03-12T13:38:38Z
276,221,remove_cart,2026-03-12T14:19:38Z
276,1122,remove_cart,2026-03-12T15:15:38Z
276,736,view,2026-03-12T15:34:38Z
276,335,view,2026-03-12T15:57:38Z
276,289,click,2026-03-12T16:02:38Z
276,445,view,2026-03-12T16:56:38Z
276,1063,remove_cart,2026-03-12T16:57:38Z
276,562,click,2026-03-12T17:23:38Z
276,1141,click,2026-03-12T18:08:38Z
276,523,view,2026-03-12T18:25:38Z
276,88,remove_cart,2026-03-12T19:19:38Z
276,1252,click,2026-03-12T20:04:38Z
276,210,checkout,2026-03-12T21:03:38Z
276,1131,search,2026-03-12T21:06:38Z
276,871,purchase,2026-03-12T21:24:38Z
276,575,wishlist,2026-03-12T21:41:38Z
276,828,wishlist,2026-03-12T21:43:38Z
276,1393,view,2026-03-12T22:21:38Z
276,1028,wishlist,2026-03-12T23:15:38Z
276,270,view,2026-03-12T23:42:38Z
276,698,checkout,2026-03-12T23:59:38Z
276,1217,remove_cart,2026-03-13T00:27:38Z
277,1340,view,2026-03-22T16:59:38Z
277,998,wishlist,2026-03-22T17:02:38Z
277,291,view,2026-03-22T17:19:38Z
277,562,click,2026-03-22T17:58:38Z
277,625,add_to_cart,2026-03-22T18:04:38Z
277,1268,add_to_cart,2026-03-22T18:47:38Z
277,1271,view,2026-03-22T19:06:38Z
277,1333,wishlist,2026-03-22T19:36:38Z
277,883,checkout,2026-03-22T20:35:38Z
277,391,add_to_cart,2026-03-22T20:56:38Z
277,832,search,2026-03-22T21:26:38Z
277,176,remove_cart,2026-03-22T22:05:38Z
277,92,wishlist,2026-03-22T22:18:38Z
277,586,click,2026-03-22T22:44:38Z
277,1075,checkout,2026-03-22T22:53:38Z
277,962,remove_cart,2026-03-22T23:01:38Z
277,1459,search,2026-03-22T23:45:38Z
277,1063,remove_cart,2026-03-23T00:42:38Z
277,30,wishlist,2026-03-23T01:20:38Z
277,1406,add_to_cart,2026-03-23T02:11:38Z
277,1247,remove_cart,2026-03-23T02:20:38Z
277,174,checkout,2026-03-23T02:45:38Z
277,800,click,2026-03-23T03:34:38Z
277,1473,remove_cart,2026-03-23T03:43:38Z
277,17,remove_cart,2026-03-23T04:11:38Z
277,1223,purchase,2026-03-23T04:31:38Z
277,820,add_to_cart,2026-03-23T04:49:38Z
277,1333,remove_cart,2026-03-23T05:20:38Z
277,811,view,2026-03-23T05:28:38Z
277,323,wishlist,2026-03-23T05:53:38Z
277,1006,checkout,2026-03-23T06:41:38Z
277,324,search,2026-03-23T06:44:38Z
277,746,click,2026-03-23T07:42:38Z
277,423,checkout,2026-03-23T07:51:38Z
277,303,click,2026-03-23T08:37:38Z
277,561,wishlist,2026-03-23T08:47:38Z
277,697,add_to_cart,2026-03-23T09:00:38Z
277,800,add_to_cart,2026-03-23T09:22:38Z
277,1068,view,2026-03-23T09:23:38Z
277,1071,wishlist,2026-03-23T10:11:38Z
277,800,search,2026-03-23T10:50:38Z
277,369,click,2026-03-23T11:19:38Z
277,116,click,2026-03-23T11:43:38Z
277,308,wishlist,2026-03-23T12:33:38Z
277,738,view,2026-03-23T13:14:38Z
277,408,purchase,2026-03-23T13:36:38Z
277,1473,click,2026-03-23T13:49:38Z
277,558,click,2026-03-23T14:22:38Z
277,848,wishlist,2026-03-23T15:21:38Z
277,1255,view,2026-03-23T15:43:38Z
277,1360,purchase,2026-03-23T16:02:38Z
277,307,add_to_cart,2026-03-23T16:18:38Z
277,1471,add_to_cart,2026-03-23T17:05:38Z
277,1239,click,2026-03-23T17:06:38Z
277,301,click,2026-03-23T18:03:38Z
278,529,view,2026-02-04T17:21:38Z
278,464,wishlist,2026-02-04T18:18:38Z
278,224,view,2026-02-04T19:05:38Z
278,568,click,2026-02-04T19:56:38Z
278,1431,add_to_cart,2026-02-04T20:55:38Z
278,64,click,2026-02-04T21:13:38Z
278,456,checkout,2026-02-04T21:46:38Z
278,404,search,2026-02-04T22:31:38Z
278,987,checkout,2026-02-04T23:28:38Z
278,623,add_to_cart,2026-02-05T00:13:38Z
278,305,view,2026-02-05T01:02:38Z
278,236,click,2026-02-05T02:02:38Z
278,1088,remove_cart,2026-02-05T03:02:38Z
278,190,add_to_cart,2026-02-05T03:17:38Z
278,1276,purchase,2026-02-05T03:49:38Z
278,224,click,2026-02-05T04:22:38Z
278,1395,view,2026-02-05T04:25:38Z
278,637,remove_cart,2026-02-05T04:35:38Z
278,705,add_to_cart,2026-02-05T05:02:38Z
278,1263,checkout,2026-02-05T05:36:38Z
278,445,remove_cart,2026-02-05T06:28:38Z
278,1033,wishlist,2026-02-05T06:52:38Z
278,579,checkout,2026-02-05T07:21:38Z
278,262,wishlist,2026-02-05T08:17:38Z
278,1439,remove_cart,2026-02-05T08:31:38Z
278,1071,search,2026-02-05T09:04:38Z
278,1012,add_to_cart,2026-02-05T09:17:38Z
278,637,add_to_cart,2026-02-05T09:38:38Z
278,381,search,2026-02-05T10:26:38Z
278,660,add_to_cart,2026-02-05T11:07:38Z
278,240,purchase,2026-02-05T11:28:38Z
278,955,click,2026-02-05T12:26:38Z
278,52,add_to_cart,2026-02-05T13:02:38Z
278,512,wishlist,2026-02-05T13:05:38Z
278,749,search,2026-02-05T13:27:38Z
278,1080,purchase,2026-02-05T14:03:38Z
278,967,add_to_cart,2026-02-05T14:36:38Z
278,537,add_to_cart,2026-02-05T14:37:38Z
278,969,checkout,2026-02-05T15:03:38Z
278,776,remove_cart,2026-02-05T15:28:38Z
278,264,view,2026-02-05T16:03:38Z
278,658,checkout,2026-02-05T16:23:38Z
278,1481,checkout,2026-02-05T16:29:38Z
278,1282,add_to_cart,2026-02-05T16:33:38Z
278,426,checkout,2026-02-05T16:54:38Z
278,441,click,2026-02-05T17:38:38Z
278,738,remove_cart,2026-02-05T18:14:38Z
278,761,purchase,2026-02-05T18:21:38Z
278,263,add_to_cart,2026-02-05T18:47:38Z
278,1342,click,2026-02-05T19:30:38Z
278,606,view,2026-02-05T20:01:38Z
278,540,click,2026-02-05T20:18:38Z
278,1302,purchase,2026-02-05T20:19:38Z
278,794,click,2026-02-05T20:20:38Z
278,587,click,2026-02-05T20:38:38Z
278,1211,wishlist,2026-02-05T20:48:38Z
278,627,remove_cart,2026-02-05T21:48:38Z
278,945,wishlist,2026-02-05T22:34:38Z
278,420,search,2026-02-05T22:52:38Z
278,1219,purchase,2026-02-05T22:57:38Z
278,251,checkout,2026-02-05T23:04:38Z
278,466,wishlist,2026-02-05T23:19:38Z
278,567,purchase,2026-02-06T00:16:38Z
278,1275,checkout,2026-02-06T00:27:38Z
278,1261,remove_cart,2026-02-06T01:21:38Z
278,189,checkout,2026-02-06T01:23:38Z
278,94,view,2026-02-06T02:12:38Z
278,1297,purchase,2026-02-06T03:03:38Z
278,604,search,2026-02-06T03:18:38Z
278,1229,search,2026-02-06T03:57:38Z
278,1458,checkout,2026-02-06T04:21:38Z
278,1130,wishlist,2026-02-06T05:14:38Z
278,141,remove_cart,2026-02-06T05:55:38Z
278,976,click,2026-02-06T06:49:38Z
278,1456,remove_cart,2026-02-06T06:53:38Z
278,751,add_to_cart,2026-02-06T07:01:38Z
278,1244,add_to_cart,2026-02-06T07:33:38Z
278,935,search,2026-02-06T07:47:38Z
279,591,search,2026-03-22T16:54:38Z
279,93,view,2026-03-22T17:32:38Z
279,432,click,2026-03-22T18:31:38Z
279,329,purchase,2026-03-22T18:39:38Z
279,470,add_to_cart,2026-03-22T18:51:38Z
279,1141,wishlist,2026-03-22T19:08:38Z
279,900,view,2026-03-22T20:08:38Z
279,923,view,2026-03-22T20:27:38Z
279,241,purchase,2026-03-22T21:11:38Z
279,1076,search,2026-03-22T21:58:38Z
279,812,purchase,2026-03-22T22:50:38Z
279,942,checkout,2026-03-22T23:10:38Z
279,1017,checkout,2026-03-22T23:57:38Z
279,941,search,2026-03-22T23:58:38Z
279,825,view,2026-03-23T00:13:38Z
279,724,remove_cart,2026-03-23T00:40:38Z
279,8,remove_cart,2026-03-23T00:41:38Z
279,1469,checkout,2026-03-23T01:06:38Z
279,1126,add_to_cart,2026-03-23T01:17:38Z
279,371,add_to_cart,2026-03-23T01:25:38Z
279,1190,add_to_cart,2026-03-23T01:33:38Z
279,1032,purchase,2026-03-23T02:28:38Z
279,1101,remove_cart,2026-03-23T03:24:38Z
279,1138,add_to_cart,2026-03-23T03:55:38Z
279,902,search,2026-03-23T04:44:38Z
279,536,add_to_cart,2026-03-23T05:12:38Z
279,422,purchase,2026-03-23T05:51:38Z
279,23,purchase,2026-03-23T06:46:38Z
279,738,search,2026-03-23T07:33:38Z
279,341,remove_cart,2026-03-23T08:10:38Z
279,824,view,2026-03-23T09:08:38Z
279,814,remove_cart,2026-03-23T09:51:38Z
279,560,view,2026-03-23T10:48:38Z
279,194,wishlist,2026-03-23T11:03:38Z
279,517,add_to_cart,2026-03-23T11:16:38Z
279,697,search,2026-03-23T11:30:38Z
279,1152,search,2026-03-23T12:08:38Z
279,1067,click,2026-03-23T12:16:38Z
279,887,search,2026-03-23T13:12:38Z
279,316,wishlist,2026-03-23T13:19:38Z
279,243,search,2026-03-23T13:31:38Z
279,797,view,2026-03-23T14:27:38Z
279,1142,purchase,2026-03-23T14:57:38Z
279,1450,click,2026-03-23T15:28:38Z
279,1146,view,2026-03-23T15:48:38Z
279,771,purchase,2026-03-23T16:39:38Z
279,1084,search,2026-03-23T17:20:38Z
280,693,view,2026-04-09T17:09:38Z
280,717,click,2026-04-09T17:47:38Z
280,741,add_to_cart,2026-04-09T18:47:38Z
280,1132,remove_cart,2026-04-09T19:35:38Z
280,1281,view,2026-04-09T20:27:38Z
280,529,wishlist,2026-04-09T21:04:38Z
280,1276,add_to_cart,2026-04-09T21:09:38Z
280,1176,purchase,2026-04-09T21:41:38Z
280,214,purchase,2026-04-09T22:40:38Z
280,840,purchase,2026-04-09T23:29:38Z
280,1412,purchase,2026-04-10T00:28:38Z
280,1181,remove_cart,2026-04-10T00:50:38Z
280,1002,checkout,2026-04-10T01:02:38Z
280,876,remove_cart,2026-04-10T01:32:38Z
280,1000,checkout,2026-04-10T02:03:38Z
280,430,wishlist,2026-04-10T02:40:38Z
280,1145,wishlist,2026-04-10T03:31:38Z
280,428,remove_cart,2026-04-10T03:36:38Z
280,995,search,2026-04-10T03:42:38Z
280,150,search,2026-04-10T04:21:38Z
280,1138,wishlist,2026-04-10T04:36:38Z
280,1337,view,2026-04-10T05:12:38Z
280,886,search,2026-04-10T05:24:38Z
280,267,checkout,2026-04-10T06:19:38Z
280,1245,purchase,2026-04-10T06:32:38Z
280,1004,view,2026-04-10T07:16:38Z
281,57,view,2026-02-27T16:46:38Z
281,193,click,2026-02-27T16:49:38Z
281,168,add_to_cart,2026-02-27T16:54:38Z
281,1249,checkout,2026-02-27T17:09:38Z
281,685,purchase,2026-02-27T17:16:38Z
281,1,search,2026-02-27T17:50:38Z
281,376,search,2026-02-27T18:09:38Z
281,515,purchase,2026-02-27T18:36:38Z
281,321,checkout,2026-02-27T19:16:38Z
281,1199,click,2026-02-27T19:33:38Z
281,6,view,2026-02-27T19:39:38Z
281,788,remove_cart,2026-02-27T19:46:38Z
281,943,search,2026-02-27T20:39:38Z
281,1288,view,2026-02-27T20:59:38Z
281,986,click,2026-02-27T21:21:38Z
281,1355,purchase,2026-02-27T21:55:38Z
281,931,view,2026-02-27T22:20:38Z
281,1365,remove_cart,2026-02-27T22:50:38Z
281,926,purchase,2026-02-27T23:15:38Z
281,1197,add_to_cart,2026-02-27T23:18:38Z
281,93,remove_cart,2026-02-27T23:26:38Z
281,397,add_to_cart,2026-02-28T00:15:38Z
281,886,checkout,2026-02-28T00:27:38Z
281,1382,search,2026-02-28T00:42:38Z
281,746,add_to_cart,2026-02-28T00:46:38Z
281,1159,remove_cart,2026-02-28T01:23:38Z
281,547,checkout,2026-02-28T01:34:38Z
281,961,wishlist,2026-02-28T02:14:38Z
281,1323,click,2026-02-28T02:57:38Z
281,1397,wishlist,2026-02-28T03:21:38Z
281,401,checkout,2026-02-28T04:01:38Z
281,1002,add_to_cart,2026-02-28T04:51:38Z
281,243,checkout,2026-02-28T04:52:38Z
281,688,click,2026-02-28T05:36:38Z
281,1267,search,2026-02-28T06:20:38Z
281,956,click,2026-02-28T07:14:38Z
281,1281,checkout,2026-02-28T07:28:38Z
281,848,add_to_cart,2026-02-28T08:15:38Z
281,1201,view,2026-02-28T09:08:38Z
281,697,remove_cart,2026-02-28T09:41:38Z
281,1131,remove_cart,2026-02-28T10:14:38Z
281,129,remove_cart,2026-02-28T11:03:38Z
281,1073,view,2026-02-28T12:03:38Z
281,1239,wishlist,2026-02-28T12:47:38Z
281,711,checkout,2026-02-28T13:00:38Z
281,1211,remove_cart,2026-02-28T13:31:38Z
281,436,search,2026-02-28T14:25:38Z
281,842,purchase,2026-02-28T15:20:38Z
281,1017,search,2026-02-28T15:38:38Z
281,784,view,2026-02-28T15:49:38Z
281,1004,purchase,2026-02-28T15:59:38Z
281,1010,remove_cart,2026-02-28T16:53:38Z
281,719,remove_cart,2026-02-28T17:50:38Z
281,541,remove_cart,2026-02-28T18:42:38Z
281,911,wishlist,2026-02-28T19:16:38Z
281,1268,remove_cart,2026-02-28T19:41:38Z
281,1195,search,2026-02-28T20:34:38Z
281,161,search,2026-02-28T21:03:38Z
281,1287,wishlist,2026-02-28T21:26:38Z
281,908,purchase,2026-02-28T21:44:38Z
281,655,search,2026-02-28T22:40:38Z
281,1308,view,2026-02-28T23:26:38Z
281,49,add_to_cart,2026-02-28T23:43:38Z
281,907,wishlist,2026-02-28T23:59:38Z
281,1230,checkout,2026-03-01T00:10:38Z
281,1485,view,2026-03-01T00:46:38Z
281,1074,search,2026-03-01T01:30:38Z
281,465,remove_cart,2026-03-01T01:51:38Z
281,56,search,2026-03-01T02:13:38Z
281,716,purchase,2026-03-01T02:42:38Z
281,67,search,2026-03-01T03:18:38Z
281,15,checkout,2026-03-01T03:52:38Z
281,1090,wishlist,2026-03-01T04:07:38Z
281,1494,purchase,2026-03-01T04:20:38Z
282,387,view,2026-03-03T17:00:38Z
282,1478,click,2026-03-03T17:12:38Z
282,248,add_to_cart,2026-03-03T17:51:38Z
282,834,remove_cart,2026-03-03T18:07:38Z
282,778,view,2026-03-03T18:46:38Z
282,1075,search,2026-03-03T19:34:38Z
282,567,view,2026-03-03T20:19:38Z
282,454,view,2026-03-03T20:50:38Z
282,114,checkout,2026-03-03T21:04:38Z
282,721,search,2026-03-03T21:10:38Z
282,792,view,2026-03-03T21:57:38Z
282,1447,purchase,2026-03-03T22:09:38Z
282,61,search,2026-03-03T23:03:38Z
282,94,wishlist,2026-03-03T23:10:38Z
282,740,add_to_cart,2026-03-03T23:37:38Z
282,1092,purchase,2026-03-04T00:33:38Z
282,1191,checkout,2026-03-04T01:14:38Z
282,414,remove_cart,2026-03-04T01:28:38Z
282,809,search,2026-03-04T02:28:38Z
282,1327,checkout,2026-03-04T02:46:38Z
282,1417,remove_cart,2026-03-04T03:04:38Z
282,885,remove_cart,2026-03-04T04:00:38Z
282,448,view,2026-03-04T04:16:38Z
282,995,add_to_cart,2026-03-04T05:14:38Z
282,1169,purchase,2026-03-04T06:07:38Z
282,229,checkout,2026-03-04T06:24:38Z
282,301,wishlist,2026-03-04T07:03:38Z
282,1179,view,2026-03-04T07:49:38Z
282,143,search,2026-03-04T08:42:38Z
282,182,view,2026-03-04T09:39:38Z
282,1287,view,2026-03-04T09:51:38Z
282,92,checkout,2026-03-04T10:19:38Z
282,1093,checkout,2026-03-04T11:11:38Z
282,1222,click,2026-03-04T11:55:38Z
282,803,wishlist,2026-03-04T12:03:38Z
282,538,search,2026-03-04T12:37:38Z
282,1159,checkout,2026-03-04T13:08:38Z
282,1062,checkout,2026-03-04T13:21:38Z
282,45,purchase,2026-03-04T13:37:38Z
282,540,remove_cart,2026-03-04T13:43:38Z
282,659,search,2026-03-04T13:57:38Z
282,1343,checkout,2026-03-04T14:53:38Z
282,1446,wishlist,2026-03-04T15:11:38Z
282,1209,checkout,2026-03-04T15:45:38Z
282,700,purchase,2026-03-04T16:40:38Z
282,705,view,2026-03-04T17:32:38Z
282,65,add_to_cart,2026-03-04T17:59:38Z
282,958,add_to_cart,2026-03-04T18:48:38Z
282,827,view,2026-03-04T19:35:38Z
282,887,checkout,2026-03-04T19:57:38Z
282,985,checkout,2026-03-04T20:01:38Z
282,1433,click,2026-03-04T20:42:38Z
282,1229,click,2026-03-04T20:53:38Z
282,1473,add_to_cart,2026-03-04T21:09:38Z
283,225,search,2026-04-07T16:59:38Z
283,385,view,2026-04-07T17:08:38Z
283,946,click,2026-04-07T17:40:38Z
283,1226,search,2026-04-07T18:04:38Z
283,210,search,2026-04-07T18:48:38Z
283,509,purchase,2026-04-07T19:47:38Z
283,1026,checkout,2026-04-07T20:14:38Z
283,685,checkout,2026-04-07T20:15:38Z
283,1186,view,2026-04-07T20:47:38Z
283,92,click,2026-04-07T21:36:38Z
283,1314,remove_cart,2026-04-07T22:31:38Z
283,62,wishlist,2026-04-07T22:39:38Z
283,84,remove_cart,2026-04-07T22:57:38Z
283,932,checkout,2026-04-07T23:00:38Z
283,1102,purchase,2026-04-07T23:49:38Z
283,1088,search,2026-04-08T00:18:38Z
283,402,search,2026-04-08T00:51:38Z
283,521,view,2026-04-08T01:06:38Z
283,437,wishlist,2026-04-08T01:36:38Z
283,673,remove_cart,2026-04-08T02:36:38Z
283,1390,search,2026-04-08T03:21:38Z
283,597,view,2026-04-08T04:17:38Z
283,265,search,2026-04-08T04:57:38Z
283,1053,checkout,2026-04-08T05:09:38Z
283,21,view,2026-04-08T05:49:38Z
283,926,purchase,2026-04-08T05:57:38Z
283,1359,purchase,2026-04-08T06:48:38Z
283,525,remove_cart,2026-04-08T07:40:38Z
283,170,purchase,2026-04-08T08:28:38Z
283,1064,remove_cart,2026-04-08T09:00:38Z
283,1279,wishlist,2026-04-08T09:48:38Z
283,548,search,2026-04-08T10:05:38Z
283,1151,view,2026-04-08T10:41:38Z
283,1204,wishlist,2026-04-08T11:29:38Z
283,410,purchase,2026-04-08T11:31:38Z
283,69,add_to_cart,2026-04-08T12:12:38Z
283,762,checkout,2026-04-08T12:53:38Z
283,1461,remove_cart,2026-04-08T12:54:38Z
283,867,wishlist,2026-04-08T13:04:38Z
283,741,view,2026-04-08T13:12:38Z
283,1330,add_to_cart,2026-04-08T13:26:38Z
283,267,view,2026-04-08T14:24:38Z
283,402,remove_cart,2026-04-08T14:49:38Z
283,1230,purchase,2026-04-08T14:51:38Z
283,504,add_to_cart,2026-04-08T15:50:38Z
284,7,view,2026-02-27T16:39:38Z
284,61,wishlist,2026-02-27T16:55:38Z
284,1224,view,2026-02-27T17:24:38Z
284,1215,click,2026-02-27T18:06:38Z
284,724,add_to_cart,2026-02-27T18:14:38Z
284,124,search,2026-02-27T19:06:38Z
284,949,add_to_cart,2026-02-27T19:50:38Z
284,335,purchase,2026-02-27T20:50:38Z
284,299,view,2026-02-27T20:58:38Z
284,192,wishlist,2026-02-27T21:12:38Z
284,46,wishlist,2026-02-27T21:13:38Z
284,411,search,2026-02-27T21:22:38Z
284,1089,click,2026-02-27T22:05:38Z
284,80,add_to_cart,2026-02-27T22:50:38Z
284,1060,remove_cart,2026-02-27T23:50:38Z
284,114,add_to_cart,2026-02-28T00:42:38Z
284,255,search,2026-02-28T01:16:38Z
284,487,view,2026-02-28T01:53:38Z
284,710,view,2026-02-28T02:52:38Z
284,590,search,2026-02-28T03:26:38Z
284,1058,checkout,2026-02-28T03:40:38Z
284,995,wishlist,2026-02-28T04:09:38Z
284,419,checkout,2026-02-28T05:06:38Z
284,1468,add_to_cart,2026-02-28T05:24:38Z
284,1393,wishlist,2026-02-28T06:05:38Z
284,1078,wishlist,2026-02-28T06:21:38Z
284,174,click,2026-02-28T06:45:38Z
284,298,add_to_cart,2026-02-28T07:17:38Z
284,1056,purchase,2026-02-28T08:06:38Z
284,563,add_to_cart,2026-02-28T08:34:38Z
284,728,add_to_cart,2026-02-28T09:12:38Z
284,704,click,2026-02-28T09:45:38Z
284,743,add_to_cart,2026-02-28T10:41:38Z
284,957,wishlist,2026-02-28T11:23:38Z
284,1082,remove_cart,2026-02-28T12:13:38Z
284,694,click,2026-02-28T12:35:38Z
284,110,view,2026-02-28T12:51:38Z
284,867,click,2026-02-28T13:28:38Z
284,622,wishlist,2026-02-28T14:23:38Z
284,1028,search,2026-02-28T15:11:38Z
284,212,checkout,2026-02-28T15:36:38Z
284,1452,wishlist,2026-02-28T15:37:38Z
285,236,view,2026-03-13T17:00:38Z
285,1461,wishlist,2026-03-13T17:57:38Z
285,667,view,2026-03-13T18:52:38Z
285,63,click,2026-03-13T19:40:38Z
285,1172,add_to_cart,2026-03-13T20:13:38Z
285,523,add_to_cart,2026-03-13T20:55:38Z
285,1458,search,2026-03-13T21:22:38Z
285,487,search,2026-03-13T21:25:38Z
285,909,wishlist,2026-03-13T21:27:38Z
285,740,remove_cart,2026-03-13T22:06:38Z
285,722,wishlist,2026-03-13T22:57:38Z
285,682,purchase,2026-03-13T23:21:38Z
285,127,click,2026-03-14T00:16:38Z
285,313,add_to_cart,2026-03-14T00:59:38Z
285,676,checkout,2026-03-14T01:28:38Z
285,926,search,2026-03-14T01:57:38Z
285,1010,checkout,2026-03-14T02:57:38Z
285,1177,search,2026-03-14T03:21:38Z
285,582,add_to_cart,2026-03-14T03:45:38Z
285,445,click,2026-03-14T03:54:38Z
285,591,checkout,2026-03-14T04:04:38Z
285,1221,purchase,2026-03-14T04:35:38Z
285,79,checkout,2026-03-14T05:15:38Z
285,128,view,2026-03-14T05:47:38Z
285,678,search,2026-03-14T06:43:38Z
285,583,wishlist,2026-03-14T07:22:38Z
285,1410,search,2026-03-14T07:59:38Z
285,544,remove_cart,2026-03-14T08:29:38Z
285,874,click,2026-03-14T08:57:38Z
285,1389,add_to_cart,2026-03-14T09:10:38Z
285,864,wishlist,2026-03-14T10:01:38Z
285,316,checkout,2026-03-14T10:09:38Z
285,1201,wishlist,2026-03-14T10:33:38Z
285,62,purchase,2026-03-14T10:55:38Z
285,923,add_to_cart,2026-03-14T11:45:38Z
285,540,remove_cart,2026-03-14T12:14:38Z
285,617,view,2026-03-14T12:39:38Z
285,318,click,2026-03-14T13:30:38Z
285,303,add_to_cart,2026-03-14T14:02:38Z
285,739,checkout,2026-03-14T14:28:38Z
285,129,purchase,2026-03-14T15:20:38Z
285,754,search,2026-03-14T16:13:38Z
285,1286,click,2026-03-14T16:58:38Z
285,212,purchase,2026-03-14T17:16:38Z
285,1305,checkout,2026-03-14T18:15:38Z
285,695,view,2026-03-14T18:19:38Z
285,689,search,2026-03-14T18:43:38Z
285,594,purchase,2026-03-14T19:34:38Z
285,1275,wishlist,2026-03-14T19:57:38Z
285,745,wishlist,2026-03-14T20:54:38Z
285,384,remove_cart,2026-03-14T21:46:38Z
285,1144,click,2026-03-14T22:14:38Z
285,764,purchase,2026-03-14T22:28:38Z
285,850,checkout,2026-03-14T23:13:38Z
285,111,remove_cart,2026-03-14T23:46:38Z
285,16,wishlist,2026-03-15T00:35:38Z
285,1189,search,2026-03-15T01:27:38Z
285,1030,click,2026-03-15T01:29:38Z
285,1470,remove_cart,2026-03-15T02:18:38Z
285,412,view,2026-03-15T02:37:38Z
285,182,click,2026-03-15T03:08:38Z
285,676,wishlist,2026-03-15T04:07:38Z
285,658,checkout,2026-03-15T04:43:38Z
285,1282,add_to_cart,2026-03-15T04:49:38Z
285,475,checkout,2026-03-15T05:27:38Z
285,1139,purchase,2026-03-15T05:53:38Z
285,95,remove_cart,2026-03-15T06:50:38Z
285,141,purchase,2026-03-15T07:46:38Z
286,1073,view,2026-01-22T16:25:38Z
286,1061,click,2026-01-22T17:02:38Z
286,1119,add_to_cart,2026-01-22T17:35:38Z
286,1324,remove_cart,2026-01-22T17:58:38Z
286,51,view,2026-01-22T18:42:38Z
286,755,click,2026-01-22T18:45:38Z
286,1131,wishlist,2026-01-22T19:36:38Z
286,161,purchase,2026-01-22T20:15:38Z
286,757,click,2026-01-22T20:22:38Z
286,90,purchase,2026-01-22T20:34:38Z
286,584,add_to_cart,2026-01-22T21:00:38Z
286,1252,view,2026-01-22T21:03:38Z
286,1389,purchase,2026-01-22T21:47:38Z
286,445,purchase,2026-01-22T22:33:38Z
286,1024,remove_cart,2026-01-22T22:49:38Z
286,5,view,2026-01-22T23:01:38Z
286,1148,purchase,2026-01-22T23:36:38Z
286,348,checkout,2026-01-23T00:10:38Z
286,1091,click,2026-01-23T00:46:38Z
286,609,purchase,2026-01-23T01:20:38Z
286,1065,search,2026-01-23T01:49:38Z
286,845,click,2026-01-23T02:38:38Z
286,828,checkout,2026-01-23T03:06:38Z
286,560,purchase,2026-01-23T03:54:38Z
286,17,add_to_cart,2026-01-23T04:42:38Z
286,1050,purchase,2026-01-23T05:02:38Z
286,603,click,2026-01-23T05:14:38Z
286,829,add_to_cart,2026-01-23T06:02:38Z
286,985,remove_cart,2026-01-23T06:21:38Z
286,1491,search,2026-01-23T06:31:38Z
286,563,remove_cart,2026-01-23T06:51:38Z
286,949,view,2026-01-23T07:08:38Z
286,1402,purchase,2026-01-23T07:58:38Z
286,1014,add_to_cart,2026-01-23T08:47:38Z
286,491,remove_cart,2026-01-23T09:14:38Z
286,1334,checkout,2026-01-23T09:53:38Z
286,191,wishlist,2026-01-23T10:27:38Z
286,620,checkout,2026-01-23T10:56:38Z
286,1161,search,2026-01-23T11:36:38Z
286,795,add_to_cart,2026-01-23T11:56:38Z
286,181,checkout,2026-01-23T12:39:38Z
286,527,search,2026-01-23T13:39:38Z
286,1249,remove_cart,2026-01-23T14:32:38Z
286,1166,purchase,2026-01-23T15:23:38Z
286,189,wishlist,2026-01-23T15:39:38Z
286,896,wishlist,2026-01-23T16:01:38Z
286,1339,remove_cart,2026-01-23T16:21:38Z
286,1260,add_to_cart,2026-01-23T16:34:38Z
286,313,search,2026-01-23T16:35:38Z
286,1195,remove_cart,2026-01-23T17:26:38Z
286,1138,view,2026-01-23T18:21:38Z
286,1207,remove_cart,2026-01-23T18:39:38Z
286,857,remove_cart,2026-01-23T19:04:38Z
286,250,click,2026-01-23T20:02:38Z
286,285,add_to_cart,2026-01-23T20:56:38Z
286,1362,add_to_cart,2026-01-23T21:12:38Z
286,786,add_to_cart,2026-01-23T21:30:38Z
286,381,checkout,2026-01-23T21:39:38Z
286,958,view,2026-01-23T21:54:38Z
286,996,purchase,2026-01-23T22:09:38Z
286,793,search,2026-01-23T22:13:38Z
286,1055,click,2026-01-23T22:27:38Z
287,1067,view,2026-02-16T17:08:38Z
287,1016,wishlist,2026-02-16T17:29:38Z
287,501,view,2026-02-16T18:02:38Z
287,544,click,2026-02-16T18:06:38Z
287,676,add_to_cart,2026-02-16T18:57:38Z
287,789,wishlist,2026-02-16T19:35:38Z
287,921,wishlist,2026-02-16T20:19:38Z
287,1365,remove_cart,2026-02-16T21:01:38Z
287,943,wishlist,2026-02-16T21:54:38Z
287,1387,remove_cart,2026-02-16T22:30:38Z
287,723,view,2026-02-16T22:34:38Z
287,270,wishlist,2026-02-16T22:39:38Z
287,981,remove_cart,2026-02-16T23:20:38Z
287,1309,remove_cart,2026-02-16T23:37:38Z
287,541,search,2026-02-17T00:16:38Z
287,460,purchase,2026-02-17T00:43:38Z
287,75,add_to_cart,2026-02-17T01:13:38Z
287,220,wishlist,2026-02-17T01:40:38Z
287,728,search,2026-02-17T02:08:38Z
287,515,purchase,2026-02-17T03:05:38Z
287,87,search,2026-02-17T03:17:38Z
287,310,view,2026-02-17T03:36:38Z
287,1045,click,2026-02-17T04:20:38Z
287,513,remove_cart,2026-02-17T04:49:38Z
287,205,checkout,2026-02-17T05:35:38Z
287,104,wishlist,2026-02-17T05:44:38Z
287,170,purchase,2026-02-17T06:05:38Z
287,1081,click,2026-02-17T06:42:38Z
287,1347,wishlist,2026-02-17T07:25:38Z
287,697,view,2026-02-17T08:17:38Z
287,1285,remove_cart,2026-02-17T08:41:38Z
287,459,click,2026-02-17T08:57:38Z
287,1121,wishlist,2026-02-17T09:54:38Z
287,1113,wishlist,2026-02-17T09:58:38Z
287,539,click,2026-02-17T10:39:38Z
287,381,purchase,2026-02-17T11:38:38Z
287,1153,add_to_cart,2026-02-17T12:24:38Z
287,867,checkout,2026-02-17T13:22:38Z
287,420,remove_cart,2026-02-17T14:08:38Z
287,1004,add_to_cart,2026-02-17T15:03:38Z
287,572,view,2026-02-17T15:53:38Z
287,419,add_to_cart,2026-02-17T16:07:38Z
287,824,click,2026-02-17T16:08:38Z
287,1036,view,2026-02-17T17:07:38Z
287,1006,click,2026-02-17T17:55:38Z
287,745,view,2026-02-17T17:58:38Z
288,548,view,2026-04-03T16:56:38Z
288,941,click,2026-04-03T17:19:38Z
288,1341,add_to_cart,2026-04-03T18:17:38Z
288,606,checkout,2026-04-03T19:07:38Z
288,833,purchase,2026-04-03T19:45:38Z
288,1226,wishlist,2026-04-03T20:25:38Z
288,272,view,2026-04-03T20:47:38Z
288,1441,checkout,2026-04-03T20:49:38Z
288,1263,add_to_cart,2026-04-03T21:12:38Z
288,232,remove_cart,2026-04-03T21:19:38Z
288,649,search,2026-04-03T21:33:38Z
288,640,purchase,2026-04-03T21:36:38Z
288,992,view,2026-04-03T22:17:38Z
288,1474,checkout,2026-04-03T23:04:38Z
288,453,wishlist,2026-04-03T23:12:38Z
288,158,view,2026-04-03T23:40:38Z
288,314,view,2026-04-04T00:19:38Z
288,823,add_to_cart,2026-04-04T00:26:38Z
288,695,checkout,2026-04-04T00:45:38Z
288,942,purchase,2026-04-04T01:38:38Z
288,916,click,2026-04-04T01:57:38Z
288,318,purchase,2026-04-04T02:51:38Z
288,504,view,2026-04-04T03:10:38Z
288,259,click,2026-04-04T03:50:38Z
288,510,checkout,2026-04-04T04:09:38Z
288,848,click,2026-04-04T04:21:38Z
288,720,remove_cart,2026-04-04T04:48:38Z
288,89,remove_cart,2026-04-04T05:43:38Z
288,413,add_to_cart,2026-04-04T05:58:38Z
289,696,view,2026-04-08T16:45:38Z
289,46,click,2026-04-08T17:18:38Z
289,299,add_to_cart,2026-04-08T17:45:38Z
289,930,remove_cart,2026-04-08T18:02:38Z
289,680,view,2026-04-08T18:23:38Z
289,863,wishlist,2026-04-08T18:33:38Z
289,111,checkout,2026-04-08T18:42:38Z
289,1289,purchase,2026-04-08T19:08:38Z
289,118,checkout,2026-04-08T19:56:38Z
289,1483,add_to_cart,2026-04-08T20:26:38Z
289,16,wishlist,2026-04-08T20:34:38Z
289,730,view,2026-04-08T21:31:38Z
289,999,remove_cart,2026-04-08T22:07:38Z
289,1186,view,2026-04-08T22:35:38Z
289,947,view,2026-04-08T22:56:38Z
289,146,click,2026-04-08T23:46:38Z
289,1430,add_to_cart,2026-04-08T23:52:38Z
289,785,click,2026-04-09T00:47:38Z
289,1410,checkout,2026-04-09T01:43:38Z
289,370,purchase,2026-04-09T02:35:38Z
289,385,purchase,2026-04-09T02:59:38Z
289,1426,purchase,2026-04-09T03:48:38Z
289,1290,purchase,2026-04-09T03:50:38Z
289,1085,wishlist,2026-04-09T04:08:38Z
289,1194,search,2026-04-09T04:55:38Z
289,858,wishlist,2026-04-09T05:01:38Z
289,115,wishlist,2026-04-09T05:32:38Z
289,608,checkout,2026-04-09T06:10:38Z
289,222,purchase,2026-04-09T06:20:38Z
289,303,purchase,2026-04-09T06:23:38Z
289,811,search,2026-04-09T06:35:38Z
289,1083,search,2026-04-09T07:02:38Z
289,1402,wishlist,2026-04-09T07:43:38Z
289,227,wishlist,2026-04-09T08:31:38Z
289,1477,view,2026-04-09T08:41:38Z
289,141,view,2026-04-09T09:01:38Z
289,1455,click,2026-04-09T09:22:38Z
289,1034,search,2026-04-09T09:57:38Z
289,648,view,2026-04-09T10:47:38Z
289,1243,click,2026-04-09T10:51:38Z
289,583,purchase,2026-04-09T11:04:38Z
289,748,remove_cart,2026-04-09T11:54:38Z
289,854,purchase,2026-04-09T12:09:38Z
289,488,purchase,2026-04-09T12:58:38Z
289,988,view,2026-04-09T13:19:38Z
290,954,view,2026-03-03T16:35:38Z
290,109,wishlist,2026-03-03T17:20:38Z
290,1184,view,2026-03-03T17:21:38Z
290,1107,click,2026-03-03T18:14:38Z
290,578,add_to_cart,2026-03-03T19:12:38Z
290,540,click,2026-03-03T19:38:38Z
290,920,purchase,2026-03-03T20:07:38Z
290,1325,view,2026-03-03T20:48:38Z
290,948,add_to_cart,2026-03-03T20:55:38Z
290,553,view,2026-03-03T21:49:38Z
290,228,checkout,2026-03-03T21:53:38Z
290,1442,add_to_cart,2026-03-03T22:15:38Z
290,1393,add_to_cart,2026-03-03T22:51:38Z
290,435,purchase,2026-03-03T23:47:38Z
290,920,checkout,2026-03-03T23:53:38Z
290,1084,wishlist,2026-03-04T00:18:38Z
290,776,click,2026-03-04T00:48:38Z
290,76,checkout,2026-03-04T01:12:38Z
290,194,wishlist,2026-03-04T01:51:38Z
290,485,checkout,2026-03-04T02:39:38Z
290,1437,purchase,2026-03-04T02:41:38Z
290,1405,click,2026-03-04T02:45:38Z
290,744,wishlist,2026-03-04T03:32:38Z
290,776,click,2026-03-04T04:22:38Z
290,1470,purchase,2026-03-04T04:38:38Z
290,1206,click,2026-03-04T05:10:38Z
290,770,purchase,2026-03-04T06:07:38Z
290,1024,search,2026-03-04T06:49:38Z
290,1234,view,2026-03-04T07:23:38Z
290,615,search,2026-03-04T08:10:38Z
290,718,view,2026-03-04T08:35:38Z
290,727,search,2026-03-04T09:35:38Z
290,685,add_to_cart,2026-03-04T10:23:38Z
290,755,purchase,2026-03-04T11:23:38Z
290,1360,checkout,2026-03-04T11:25:38Z
290,783,checkout,2026-03-04T12:20:38Z
290,1181,wishlist,2026-03-04T12:21:38Z
290,369,search,2026-03-04T12:47:38Z
290,1102,view,2026-03-04T13:18:38Z
290,302,wishlist,2026-03-04T13:46:38Z
290,227,add_to_cart,2026-03-04T14:15:38Z
290,54,add_to_cart,2026-03-04T14:42:38Z
290,1294,add_to_cart,2026-03-04T15:42:38Z
290,133,remove_cart,2026-03-04T16:33:38Z
290,894,click,2026-03-04T17:09:38Z
290,241,view,2026-03-04T17:57:38Z
290,452,view,2026-03-04T18:36:38Z
290,7,remove_cart,2026-03-04T19:30:38Z
290,571,click,2026-03-04T20:08:38Z
290,1139,view,2026-03-04T21:01:38Z
290,958,click,2026-03-04T21:43:38Z
290,403,view,2026-03-04T21:47:38Z
290,1414,add_to_cart,2026-03-04T22:19:38Z
290,345,remove_cart,2026-03-04T23:02:38Z
290,1369,view,2026-03-04T23:25:38Z
290,1006,checkout,2026-03-04T23:55:38Z
290,102,checkout,2026-03-05T00:46:38Z
290,1375,click,2026-03-05T01:04:38Z
290,1429,checkout,2026-03-05T01:13:38Z
290,266,remove_cart,2026-03-05T01:46:38Z
290,1154,click,2026-03-05T01:53:38Z
290,1327,wishlist,2026-03-05T02:21:38Z
290,889,remove_cart,2026-03-05T02:41:38Z
290,921,view,2026-03-05T03:13:38Z
290,652,purchase,2026-03-05T03:54:38Z
291,1153,view,2026-03-04T17:07:38Z
291,230,click,2026-03-04T17:51:38Z
291,343,add_to_cart,2026-03-04T18:29:38Z
291,76,remove_cart,2026-03-04T18:39:38Z
291,247,view,2026-03-04T19:02:38Z
291,822,purchase,2026-03-04T19:26:38Z
291,1494,purchase,2026-03-04T20:21:38Z
291,579,checkout,2026-03-04T21:13:38Z
291,92,add_to_cart,2026-03-04T21:36:38Z
291,731,view,2026-03-04T22:08:38Z
291,957,click,2026-03-04T22:36:38Z
291,1480,search,2026-03-04T23:33:38Z
291,969,remove_cart,2026-03-05T00:14:38Z
291,1109,purchase,2026-03-05T00:38:38Z
291,268,click,2026-03-05T01:14:38Z
291,1489,click,2026-03-05T01:46:38Z
291,1044,checkout,2026-03-05T02:03:38Z
291,1023,checkout,2026-03-05T02:22:38Z
291,489,checkout,2026-03-05T03:01:38Z
291,1258,wishlist,2026-03-05T03:57:38Z
291,1127,wishlist,2026-03-05T04:39:38Z
291,1100,search,2026-03-05T04:53:38Z
291,792,purchase,2026-03-05T05:17:38Z
291,255,checkout,2026-03-05T06:06:38Z
291,297,add_to_cart,2026-03-05T06:29:38Z
291,165,view,2026-03-05T07:23:38Z
291,1428,purchase,2026-03-05T07:27:38Z
291,521,remove_cart,2026-03-05T08:25:38Z
291,1184,remove_cart,2026-03-05T09:06:38Z
291,782,click,2026-03-05T09:16:38Z
291,1183,checkout,2026-03-05T09:24:38Z
291,861,click,2026-03-05T10:01:38Z
291,757,purchase,2026-03-05T10:15:38Z
291,77,purchase,2026-03-05T10:59:38Z
291,157,purchase,2026-03-05T11:40:38Z
291,1137,purchase,2026-03-05T12:29:38Z
291,444,checkout,2026-03-05T13:05:38Z
291,1314,view,2026-03-05T13:26:38Z
291,272,remove_cart,2026-03-05T14:00:38Z
291,476,checkout,2026-03-05T14:24:38Z
291,679,purchase,2026-03-05T14:46:38Z
291,1413,add_to_cart,2026-03-05T15:14:38Z
291,279,add_to_cart,2026-03-05T15:18:38Z
291,1125,search,2026-03-05T16:08:38Z
291,984,checkout,2026-03-05T16:25:38Z
291,382,click,2026-03-05T16:33:38Z
291,1211,add_to_cart,2026-03-05T16:59:38Z
291,755,purchase,2026-03-05T17:18:38Z
291,473,click,2026-03-05T17:47:38Z
291,262,add_to_cart,2026-03-05T18:39:38Z
291,453,add_to_cart,2026-03-05T19:17:38Z
291,1321,click,2026-03-05T19:46:38Z
291,884,checkout,2026-03-05T20:19:38Z
291,17,wishlist,2026-03-05T21:17:38Z
291,1334,purchase,2026-03-05T21:54:38Z
291,1478,search,2026-03-05T22:38:38Z
291,1320,checkout,2026-03-05T23:02:38Z
291,667,view,2026-03-05T23:23:38Z
292,989,view,2026-01-21T17:09:38Z
292,1153,click,2026-01-21T17:59:38Z
292,940,add_to_cart,2026-01-21T18:05:38Z
292,418,remove_cart,2026-01-21T18:25:38Z
292,258,view,2026-01-21T18:30:38Z
292,619,search,2026-01-21T18:44:38Z
292,717,wishlist,2026-01-21T18:58:38Z
292,1425,purchase,2026-01-21T19:31:38Z
292,1413,click,2026-01-21T19:36:38Z
292,721,wishlist,2026-01-21T20:08:38Z
292,1204,view,2026-01-21T21:03:38Z
292,941,add_to_cart,2026-01-21T22:01:38Z
292,1268,add_to_cart,2026-01-21T22:05:38Z
292,71,search,2026-01-21T22:38:38Z
292,1212,purchase,2026-01-21T23:03:38Z
292,1319,wishlist,2026-01-21T23:32:38Z
292,382,wishlist,2026-01-21T23:59:38Z
292,409,search,2026-01-22T00:12:38Z
292,1098,click,2026-01-22T00:39:38Z
292,944,remove_cart,2026-01-22T01:36:38Z
292,1067,view,2026-01-22T02:28:38Z
292,34,wishlist,2026-01-22T02:49:38Z
292,558,remove_cart,2026-01-22T03:26:38Z
292,1187,purchase,2026-01-22T04:16:38Z
292,218,search,2026-01-22T04:34:38Z
292,1469,view,2026-01-22T05:25:38Z
292,615,click,2026-01-22T05:27:38Z
292,997,add_to_cart,2026-01-22T06:22:38Z
292,1275,checkout,2026-01-22T06:39:38Z
292,571,purchase,2026-01-22T07:02:38Z
292,3,add_to_cart,2026-01-22T07:10:38Z
292,1075,click,2026-01-22T08:05:38Z
292,1118,click,2026-01-22T08:38:38Z
292,1275,remove_cart,2026-01-22T09:18:38Z
292,319,click,2026-01-22T09:32:38Z
292,919,purchase,2026-01-22T09:56:38Z
292,1083,wishlist,2026-01-22T10:10:38Z
292,1030,search,2026-01-22T11:01:38Z
292,183,click,2026-01-22T11:08:38Z
292,1023,wishlist,2026-01-22T11:54:38Z
292,387,view,2026-01-22T12:49:38Z
292,757,search,2026-01-22T13:19:38Z
292,1317,remove_cart,2026-01-22T13:23:38Z
292,844,click,2026-01-22T14:19:38Z
292,1408,search,2026-01-22T15:13:38Z
292,384,add_to_cart,2026-01-22T15:38:38Z
292,685,search,2026-01-22T16:32:38Z
292,853,wishlist,2026-01-22T16:51:38Z
292,365,add_to_cart,2026-01-22T16:52:38Z
292,473,click,2026-01-22T17:46:38Z
293,1453,view,2026-03-18T17:02:38Z
293,348,click,2026-03-18T17:47:38Z
293,1360,add_to_cart,2026-03-18T17:57:38Z
293,1167,remove_cart,2026-03-18T18:13:38Z
293,9,view,2026-03-18T18:32:38Z
293,171,checkout,2026-03-18T19:26:38Z
293,1365,checkout,2026-03-18T19:42:38Z
293,566,search,2026-03-18T19:57:38Z
293,128,remove_cart,2026-03-18T20:22:38Z
293,531,wishlist,2026-03-18T21:16:38Z
293,102,checkout,2026-03-18T22:00:38Z
293,104,view,2026-03-18T22:27:38Z
293,1169,purchase,2026-03-18T23:27:38Z
293,905,click,2026-03-18T23:31:38Z
293,802,wishlist,2026-03-18T23:38:38Z
293,274,purchase,2026-03-19T00:00:38Z
293,1296,click,2026-03-19T00:17:38Z
293,364,click,2026-03-19T01:05:38Z
293,350,view,2026-03-19T02:04:38Z
293,1297,add_to_cart,2026-03-19T02:23:38Z
293,693,click,2026-03-19T02:55:38Z
293,785,remove_cart,2026-03-19T03:00:38Z
293,1244,view,2026-03-19T03:58:38Z
293,519,wishlist,2026-03-19T04:26:38Z
293,1499,click,2026-03-19T05:00:38Z
293,250,wishlist,2026-03-19T05:18:38Z
293,1381,purchase,2026-03-19T05:32:38Z
293,803,purchase,2026-03-19T06:00:38Z
293,26,wishlist,2026-03-19T06:47:38Z
293,698,add_to_cart,2026-03-19T07:21:38Z
293,883,click,2026-03-19T07:43:38Z
293,239,wishlist,2026-03-19T08:19:38Z
293,1255,checkout,2026-03-19T09:01:38Z
293,765,click,2026-03-19T09:44:38Z
293,350,checkout,2026-03-19T10:20:38Z
293,675,view,2026-03-19T11:06:38Z
293,623,add_to_cart,2026-03-19T11:54:38Z
293,176,add_to_cart,2026-03-19T12:05:38Z
293,1405,click,2026-03-19T12:47:38Z
293,580,click,2026-03-19T13:29:38Z
293,1194,add_to_cart,2026-03-19T14:06:38Z
294,232,view,2026-02-01T16:55:38Z
294,226,wishlist,2026-02-01T17:14:38Z
294,15,view,2026-02-01T17:33:38Z
294,173,click,2026-02-01T18:22:38Z
294,1052,add_to_cart,2026-02-01T18:36:38Z
294,1441,wishlist,2026-02-01T19:21:38Z
294,1183,remove_cart,2026-02-01T20:19:38Z
294,248,purchase,2026-02-01T20:57:38Z
294,345,search,2026-02-01T21:52:38Z
294,316,remove_cart,2026-02-01T22:13:38Z
294,248,view,2026-02-01T23:11:38Z
294,1456,add_to_cart,2026-02-02T00:04:38Z
294,923,view,2026-02-02T00:11:38Z
294,88,search,2026-02-02T01:08:38Z
294,1269,add_to_cart,2026-02-02T01:12:38Z
294,630,search,2026-02-02T01:57:38Z
294,1031,remove_cart,2026-02-02T02:37:38Z
294,746,remove_cart,2026-02-02T03:03:38Z
294,152,search,2026-02-02T03:38:38Z
294,383,add_to_cart,2026-02-02T04:08:38Z
294,1356,click,2026-02-02T04:24:38Z
294,1369,remove_cart,2026-02-02T04:54:38Z
294,209,wishlist,2026-02-02T05:33:38Z
294,560,remove_cart,2026-02-02T05:53:38Z
294,642,click,2026-02-02T06:52:38Z
294,307,purchase,2026-02-02T07:43:38Z
294,1341,click,2026-02-02T08:19:38Z
294,195,view,2026-02-02T09:17:38Z
294,127,click,2026-02-02T09:30:38Z
294,282,wishlist,2026-02-02T10:27:38Z
294,736,purchase,2026-02-02T10:34:38Z
294,1093,remove_cart,2026-02-02T11:28:38Z
294,483,add_to_cart,2026-02-02T12:25:38Z
294,1113,search,2026-02-02T12:37:38Z
294,1465,search,2026-02-02T13:37:38Z
294,257,view,2026-02-02T14:24:38Z
294,1488,add_to_cart,2026-02-02T15:21:38Z
294,357,search,2026-02-02T15:47:38Z
294,168,remove_cart,2026-02-02T16:18:38Z
294,324,purchase,2026-02-02T17:08:38Z
294,642,view,2026-02-02T17:17:38Z
294,519,purchase,2026-02-02T18:17:38Z
294,1100,add_to_cart,2026-02-02T18:33:38Z
294,81,remove_cart,2026-02-02T19:02:38Z
294,789,checkout,2026-02-02T19:33:38Z
294,276,view,2026-02-02T19:53:38Z
294,1300,purchase,2026-02-02T20:35:38Z
294,1447,checkout,2026-02-02T21:16:38Z
294,810,remove_cart,2026-02-02T22:02:38Z
294,107,checkout,2026-02-02T22:22:38Z
294,275,checkout,2026-02-02T22:54:38Z
294,920,click,2026-02-02T22:57:38Z
294,599,wishlist,2026-02-02T23:09:38Z
294,494,view,2026-02-02T23:11:38Z
294,74,purchase,2026-02-02T23:56:38Z
294,150,wishlist,2026-02-03T00:51:38Z
294,1379,view,2026-02-03T01:36:38Z
294,297,checkout,2026-02-03T02:35:38Z
294,947,search,2026-02-03T03:27:38Z
294,567,add_to_cart,2026-02-03T03:50:38Z
294,710,add_to_cart,2026-02-03T04:18:38Z
294,133,search,2026-02-03T05:15:38Z
294,1365,remove_cart,2026-02-03T06:03:38Z
294,365,purchase,2026-02-03T06:41:38Z
294,890,checkout,2026-02-03T07:36:38Z
294,1129,purchase,2026-02-03T08:14:38Z
294,380,wishlist,2026-02-03T08:59:38Z
294,1347,purchase,2026-02-03T09:35:38Z
294,1130,click,2026-02-03T10:27:38Z
294,1048,add_to_cart,2026-02-03T11:18:38Z
294,781,purchase,2026-02-03T12:17:38Z
294,1284,purchase,2026-02-03T13:00:38Z
294,941,add_to_cart,2026-02-03T13:50:38Z
294,44,remove_cart,2026-02-03T14:24:38Z
294,82,checkout,2026-02-03T15:21:38Z
294,1333,search,2026-02-03T15:33:38Z
294,936,purchase,2026-02-03T15:56:38Z
294,1068,purchase,2026-02-03T16:02:38Z
295,482,view,2026-02-01T17:00:38Z
295,166,wishlist,2026-02-01T17:05:38Z
295,874,view,2026-02-01T17:52:38Z
295,1185,click,2026-02-01T18:36:38Z
295,384,add_to_cart,2026-02-01T19:14:38Z
295,392,click,2026-02-01T19:56:38Z
295,640,wishlist,2026-02-01T20:12:38Z
295,117,checkout,2026-02-01T20:59:38Z
295,962,wishlist,2026-02-01T21:00:38Z
295,982,view,2026-02-01T21:32:38Z
295,1482,wishlist,2026-02-01T21:33:38Z
295,579,search,2026-02-01T22:10:38Z
295,710,remove_cart,2026-02-01T22:23:38Z
295,1034,checkout,2026-02-01T22:48:38Z
295,850,remove_cart,2026-02-01T23:34:38Z
295,145,add_to_cart,2026-02-02T00:24:38Z
295,24,purchase,2026-02-02T00:59:38Z
295,1186,wishlist,2026-02-02T01:58:38Z
295,1252,wishlist,2026-02-02T02:03:38Z
295,573,search,2026-02-02T02:39:38Z
295,351,wishlist,2026-02-02T02:57:38Z
295,760,add_to_cart,2026-02-02T03:55:38Z
295,207,wishlist,2026-02-02T04:17:38Z
295,387,purchase,2026-02-02T05:10:38Z
295,671,view,2026-02-02T05:58:38Z
295,603,click,2026-02-02T06:21:38Z
295,847,click,2026-02-02T06:59:38Z
295,1411,purchase,2026-02-02T07:42:38Z
295,1442,wishlist,2026-02-02T07:50:38Z
295,1222,click,2026-02-02T07:52:38Z
295,633,remove_cart,2026-02-02T08:24:38Z
295,1378,wishlist,2026-02-02T08:31:38Z
295,879,purchase,2026-02-02T09:27:38Z
295,729,purchase,2026-02-02T09:53:38Z
295,687,view,2026-02-02T10:48:38Z
295,133,view,2026-02-02T11:05:38Z
295,1018,checkout,2026-02-02T11:21:38Z
295,486,add_to_cart,2026-02-02T11:31:38Z
295,860,search,2026-02-02T11:40:38Z
295,1029,checkout,2026-02-02T12:34:38Z
295,81,checkout,2026-02-02T13:30:38Z
295,1390,purchase,2026-02-02T14:27:38Z
295,1298,add_to_cart,2026-02-02T14:41:38Z
295,1057,click,2026-02-02T14:50:38Z
295,130,click,2026-02-02T15:19:38Z
295,630,purchase,2026-02-02T15:42:38Z
295,1397,checkout,2026-02-02T16:30:38Z
295,285,wishlist,2026-02-02T17:27:38Z
295,331,click,2026-02-02T17:32:38Z
295,650,checkout,2026-02-02T18:20:38Z
295,1020,remove_cart,2026-02-02T18:36:38Z
295,180,purchase,2026-02-02T18:41:38Z
295,422,search,2026-02-02T19:20:38Z
295,34,purchase,2026-02-02T19:27:38Z
295,494,remove_cart,2026-02-02T19:38:38Z
295,885,view,2026-02-02T20:31:38Z
295,1191,wishlist,2026-02-02T21:22:38Z
295,54,search,2026-02-02T22:06:38Z
295,1091,view,2026-02-02T22:22:38Z
296,1444,view,2026-02-13T16:38:38Z
296,610,click,2026-02-13T17:05:38Z
296,763,add_to_cart,2026-02-13T17:41:38Z
296,190,checkout,2026-02-13T18:27:38Z
296,77,purchase,2026-02-13T19:11:38Z
296,139,view,2026-02-13T19:20:38Z
296,156,add_to_cart,2026-02-13T19:40:38Z
296,1115,search,2026-02-13T19:42:38Z
296,94,click,2026-02-13T20:11:38Z
296,537,add_to_cart,2026-02-13T20:45:38Z
296,870,remove_cart,2026-02-13T20:50:38Z
296,913,checkout,2026-02-13T21:25:38Z
296,132,purchase,2026-02-13T21:37:38Z
296,1243,search,2026-02-13T22:14:38Z
296,23,checkout,2026-02-13T23:10:38Z
296,263,purchase,2026-02-13T23:53:38Z
296,385,view,2026-02-14T00:11:38Z
296,1015,search,2026-02-14T00:54:38Z
296,1484,search,2026-02-14T01:08:38Z
296,626,purchase,2026-02-14T01:28:38Z
296,89,add_to_cart,2026-02-14T01:35:38Z
296,136,remove_cart,2026-02-14T01:59:38Z
296,43,view,2026-02-14T02:51:38Z
296,810,search,2026-02-14T03:45:38Z
296,25,view,2026-02-14T03:50:38Z
296,409,search,2026-02-14T03:58:38Z
297,684,view,2026-03-20T16:46:38Z
297,933,wishlist,2026-03-20T17:34:38Z
297,622,view,2026-03-20T18:11:38Z
297,97,click,2026-03-20T18:20:38Z
297,968,add_to_cart,2026-03-20T19:07:38Z
297,1395,add_to_cart,2026-03-20T19:51:38Z
297,476,add_to_cart,2026-03-20T20:35:38Z
297,1419,wishlist,2026-03-20T21:03:38Z
297,1346,checkout,2026-03-20T21:12:38Z
297,774,click,2026-03-20T21:44:38Z
297,1071,click,2026-03-20T22:30:38Z
297,1135,checkout,2026-03-20T23:16:38Z
297,868,checkout,2026-03-20T23:48:38Z
297,897,checkout,2026-03-21T00:36:38Z
297,131,wishlist,2026-03-21T01:32:38Z
297,984,purchase,2026-03-21T02:05:38Z
297,157,checkout,2026-03-21T02:48:38Z
297,437,add_to_cart,2026-03-21T03:39:38Z
297,1176,click,2026-03-21T04:14:38Z
297,935,purchase,2026-03-21T04:54:38Z
297,569,add_to_cart,2026-03-21T04:57:38Z
297,80,checkout,2026-03-21T05:12:38Z
297,240,search,2026-03-21T05:36:38Z
297,700,search,2026-03-21T05:57:38Z
297,1045,remove_cart,2026-03-21T06:57:38Z
297,935,click,2026-03-21T07:39:38Z
297,233,purchase,2026-03-21T07:57:38Z
298,1186,view,2026-02-07T16:54:38Z
298,825,click,2026-02-07T17:37:38Z
298,639,add_to_cart,2026-02-07T18:27:38Z
298,1388,checkout,2026-02-07T19:14:38Z
298,508,purchase,2026-02-07T19:17:38Z
298,993,click,2026-02-07T19:40:38Z
298,679,wishlist,2026-02-07T20:13:38Z
298,1165,purchase,2026-02-07T21:12:38Z
298,1105,click,2026-02-07T22:02:38Z
298,1356,wishlist,2026-02-07T22:18:38Z
298,288,remove_cart,2026-02-07T23:05:38Z
298,572,view,2026-02-07T23:29:38Z
298,392,search,2026-02-08T00:08:38Z
298,375,purchase,2026-02-08T00:46:38Z
298,1381,checkout,2026-02-08T00:52:38Z
298,64,wishlist,2026-02-08T01:09:38Z
298,1058,remove_cart,2026-02-08T01:24:38Z
298,862,wishlist,2026-02-08T02:19:38Z
298,288,checkout,2026-02-08T02:20:38Z
298,959,view,2026-02-08T03:08:38Z
298,728,click,2026-02-08T03:58:38Z
298,1145,purchase,2026-02-08T04:28:38Z
298,113,search,2026-02-08T04:40:38Z
298,1398,wishlist,2026-02-08T05:03:38Z
298,690,wishlist,2026-02-08T05:50:38Z
298,655,purchase,2026-02-08T06:34:38Z
298,74,search,2026-02-08T06:53:38Z
298,1058,checkout,2026-02-08T07:42:38Z
298,959,remove_cart,2026-02-08T08:12:38Z
298,1466,add_to_cart,2026-02-08T08:54:38Z
298,217,add_to_cart,2026-02-08T09:46:38Z
298,80,view,2026-02-08T10:34:38Z
298,287,checkout,2026-02-08T11:24:38Z
298,568,view,2026-02-08T12:24:38Z
298,1267,view,2026-02-08T13:14:38Z
298,140,search,2026-02-08T13:46:38Z
298,356,click,2026-02-08T14:37:38Z
298,217,search,2026-02-08T15:03:38Z
298,1370,checkout,2026-02-08T15:27:38Z
298,1419,checkout,2026-02-08T16:02:38Z
298,573,view,2026-02-08T17:00:38Z
298,48,click,2026-02-08T17:57:38Z
298,876,search,2026-02-08T18:33:38Z
298,168,remove_cart,2026-02-08T19:04:38Z
298,560,remove_cart,2026-02-08T19:21:38Z
298,259,add_to_cart,2026-02-08T19:49:38Z
298,1020,search,2026-02-08T20:09:38Z
298,530,view,2026-02-08T20:54:38Z
298,169,remove_cart,2026-02-08T21:25:38Z
298,33,click,2026-02-08T22:17:38Z
298,949,click,2026-02-08T22:50:38Z
298,29,checkout,2026-02-08T23:40:38Z
298,322,purchase,2026-02-08T23:56:38Z
298,97,wishlist,2026-02-09T00:26:38Z
299,60,view,2026-03-14T16:37:38Z
299,501,wishlist,2026-03-14T17:07:38Z
299,631,view,2026-03-14T17:16:38Z
299,771,click,2026-03-14T18:10:38Z
299,867,add_to_cart,2026-03-14T18:53:38Z
299,526,checkout,2026-03-14T19:36:38Z
299,438,view,2026-03-14T20:25:38Z
299,467,view,2026-03-14T20:42:38Z
299,951,click,2026-03-14T21:34:38Z
299,1219,checkout,2026-03-14T22:14:38Z
299,828,add_to_cart,2026-03-14T22:31:38Z
299,957,add_to_cart,2026-03-14T22:50:38Z
299,1081,view,2026-03-14T23:09:38Z
299,1393,click,2026-03-14T23:16:38Z
299,191,purchase,2026-03-14T23:20:38Z
299,591,remove_cart,2026-03-15T00:10:38Z
299,507,purchase,2026-03-15T00:19:38Z
299,542,click,2026-03-15T01:12:38Z
299,777,wishlist,2026-03-15T01:57:38Z
299,1045,wishlist,2026-03-15T02:04:38Z
299,950,click,2026-03-15T02:15:38Z
299,166,wishlist,2026-03-15T02:54:38Z
299,45,checkout,2026-03-15T02:58:38Z
299,496,purchase,2026-03-15T03:16:38Z
299,406,checkout,2026-03-15T03:34:38Z
299,781,add_to_cart,2026-03-15T03:57:38Z
299,59,checkout,2026-03-15T04:16:38Z
299,779,wishlist,2026-03-15T04:30:38Z
299,188,add_to_cart,2026-03-15T04:51:38Z
299,253,add_to_cart,2026-03-15T05:05:38Z
299,690,click,2026-03-15T05:58:38Z
299,1305,search,2026-03-15T06:05:38Z
299,1213,click,2026-03-15T06:13:38Z
299,282,view,2026-03-15T06:54:38Z
299,24,view,2026-03-15T07:19:38Z
299,508,checkout,2026-03-15T07:26:38Z
299,1195,remove_cart,2026-03-15T08:08:38Z
299,68,purchase,2026-03-15T08:12:38Z
299,264,wishlist,2026-03-15T09:08:38Z
299,1383,add_to_cart,2026-03-15T09:13:38Z
299,336,search,2026-03-15T09:30:38Z
299,897,remove_cart,2026-03-15T10:21:38Z
299,749,purchase,2026-03-15T11:09:38Z
299,544,purchase,2026-03-15T11:45:38Z
299,870,add_to_cart,2026-03-15T12:06:38Z
299,839,click,2026-03-15T12:14:38Z
299,641,click,2026-03-15T12:58:38Z
299,291,search,2026-03-15T13:16:38Z
299,1438,remove_cart,2026-03-15T14:07:38Z
299,564,click,2026-03-15T14:42:38Z
299,430,wishlist,2026-03-15T15:03:38Z
299,649,checkout,2026-03-15T15:52:38Z
299,1086,add_to_cart,2026-03-15T16:18:38Z
299,1314,add_to_cart,2026-03-15T17:05:38Z
299,1094,wishlist,2026-03-15T17:09:38Z
299,1254,click,2026-03-15T17:27:38Z
299,375,search,2026-03-15T17:30:38Z
299,400,purchase,2026-03-15T17:39:38Z
299,759,wishlist,2026-03-15T18:15:38Z
299,713,purchase,2026-03-15T19:08:38Z
299,423,view,2026-03-15T19:53:38Z
299,1321,wishlist,2026-03-15T20:50:38Z
299,1061,add_to_cart,2026-03-15T21:23:38Z
299,58,view,2026-03-15T21:45:38Z
300,1019,view,2026-02-15T16:25:38Z
300,1364,wishlist,2026-02-15T17:11:38Z
300,181,view,2026-02-15T17:44:38Z
300,1406,click,2026-02-15T18:22:38Z
300,1292,add_to_cart,2026-02-15T19:19:38Z
300,434,checkout,2026-02-15T20:11:38Z
300,604,wishlist,2026-02-15T20:28:38Z
300,371,add_to_cart,2026-02-15T20:51:38Z
300,1437,search,2026-02-15T21:37:38Z
300,1001,checkout,2026-02-15T22:09:38Z
300,585,checkout,2026-02-15T22:26:38Z
300,800,search,2026-02-15T23:03:38Z
300,1203,search,2026-02-15T23:54:38Z
300,627,purchase,2026-02-15T23:57:38Z
300,109,remove_cart,2026-02-16T00:16:38Z
300,18,view,2026-02-16T00:44:38Z
300,1090,remove_cart,2026-02-16T01:21:38Z
300,610,add_to_cart,2026-02-16T01:46:38Z
300,1376,remove_cart,2026-02-16T01:55:38Z
300,748,checkout,2026-02-16T02:19:38Z
300,948,purchase,2026-02-16T02:51:38Z
300,1152,purchase,2026-02-16T03:42:38Z
300,1335,wishlist,2026-02-16T04:40:38Z
300,778,search,2026-02-16T05:22:38Z
300,207,view,2026-02-16T06:00:38Z
300,46,add_to_cart,2026-02-16T06:08:38Z
300,959,search,2026-02-16T06:10:38Z
300,739,add_to_cart,2026-02-16T07:06:38Z
300,726,search,2026-02-16T07:58:38Z
300,892,purchase,2026-02-16T08:37:38Z
300,890,view,2026-02-16T08:43:38Z
300,1259,view,2026-02-16T09:20:38Z
300,1295,purchase,2026-02-16T09:30:38Z
300,64,search,2026-02-16T10:00:38Z
300,294,checkout,2026-02-16T10:37:38Z
300,739,remove_cart,2026-02-16T10:46:38Z
300,977,click,2026-02-16T11:32:38Z
300,255,search,2026-02-16T11:45:38Z
300,117,remove_cart,2026-02-16T12:35:38Z
300,762,purchase,2026-02-16T12:44:38Z
300,474,view,2026-02-16T13:26:38Z
300,1381,search,2026-02-16T13:42:38Z
300,317,search,2026-02-16T14:00:38Z
300,1174,checkout,2026-02-16T14:36:38Z
300,1405,wishlist,2026-02-16T14:46:38Z
300,186,purchase,2026-02-16T15:14:38Z
300,542,checkout,2026-02-16T15:52:38Z
300,538,remove_cart,2026-02-16T16:39:38Z
300,628,wishlist,2026-02-16T17:39:38Z
300,1277,wishlist,2026-02-16T18:25:38Z
300,935,wishlist,2026-02-16T19:19:38Z
300,919,click,2026-02-16T19:31:38Z
300,224,purchase,2026-02-16T20:18:38Z
300,590,checkout,2026-02-16T21:04:38Z
300,1494,add_to_cart,2026-02-16T21:33:38Z
300,469,click,2026-02-16T22:07:38Z
300,298,add_to_cart,2026-02-16T23:02:38Z
300,49,search,2026-02-17T00:00:38Z
300,1229,add_to_cart,2026-02-17T00:14:38Z
300,1364,purchase,2026-02-17T00:40:38Z
300,794,add_to_cart,2026-02-17T01:11:38Z
300,837,click,2026-02-17T01:41:38Z
300,63,search,2026-02-17T02:27:38Z
300,570,search,2026-02-17T02:30:38Z
300,1360,remove_cart,2026-02-17T02:52:38Z
300,166,wishlist,2026-02-17T02:59:38Z
300,774,add_to_cart,2026-02-17T03:35:38Z
300,163,purchase,2026-02-17T04:08:38Z
300,718,click,2026-02-17T04:10:38Z
300,1449,view,2026-02-17T04:19:38Z
300,1472,add_to_cart,2026-02-17T04:54:38Z
300,977,add_to_cart,2026-02-17T04:57:38Z
300,1304,search,2026-02-17T05:41:38Z
300,731,wishlist,2026-02-17T06:19:38Z
300,1078,add_to_cart,2026-02-17T07:10:38Z
300,861,add_to_cart,2026-02-17T07:39:38Z
300,559,checkout,2026-02-17T08:10:38Z
300,1280,add_to_cart,2026-02-17T08:24:38Z
300,1432,purchase,2026-02-17T08:45:38Z
301,1309,search,2026-03-23T17:15:38Z
301,936,view,2026-03-23T18:12:38Z
301,1498,click,2026-03-23T18:25:38Z
301,903,add_to_cart,2026-03-23T19:11:38Z
301,857,purchase,2026-03-23T19:50:38Z
301,706,add_to_cart,2026-03-23T19:56:38Z
301,25,click,2026-03-23T19:59:38Z
301,3,add_to_cart,2026-03-23T20:24:38Z
301,339,checkout,2026-03-23T20:53:38Z
301,397,click,2026-03-23T21:10:38Z
301,1069,search,2026-03-23T21:55:38Z
301,1166,remove_cart,2026-03-23T22:52:38Z
301,704,remove_cart,2026-03-23T23:43:38Z
301,1018,purchase,2026-03-24T00:39:38Z
301,731,click,2026-03-24T01:03:38Z
301,229,checkout,2026-03-24T01:19:38Z
301,372,view,2026-03-24T01:42:38Z
301,1163,view,2026-03-24T02:18:38Z
301,1139,purchase,2026-03-24T02:23:38Z
301,63,checkout,2026-03-24T02:38:38Z
301,976,wishlist,2026-03-24T02:42:38Z
301,478,purchase,2026-03-24T03:36:38Z
301,467,checkout,2026-03-24T04:05:38Z
301,1254,click,2026-03-24T04:14:38Z
301,564,checkout,2026-03-24T04:27:38Z
301,638,click,2026-03-24T05:15:38Z
301,328,wishlist,2026-03-24T05:19:38Z
301,765,checkout,2026-03-24T06:02:38Z
301,306,view,2026-03-24T06:36:38Z
301,1467,remove_cart,2026-03-24T07:11:38Z
301,1245,view,2026-03-24T07:12:38Z
301,309,view,2026-03-24T07:43:38Z
301,1149,add_to_cart,2026-03-24T07:45:38Z
301,321,checkout,2026-03-24T07:51:38Z
301,1197,click,2026-03-24T08:25:38Z
301,369,search,2026-03-24T08:48:38Z
302,847,view,2026-02-02T16:59:38Z
302,78,wishlist,2026-02-02T17:49:38Z
302,481,view,2026-02-02T17:58:38Z
302,155,click,2026-02-02T18:12:38Z
302,672,add_to_cart,2026-02-02T19:05:38Z
302,236,checkout,2026-02-02T19:28:38Z
302,913,checkout,2026-02-02T19:52:38Z
302,343,view,2026-02-02T20:05:38Z
302,1129,purchase,2026-02-02T20:06:38Z
302,889,view,2026-02-02T20:57:38Z
302,1240,view,2026-02-02T21:54:38Z
302,953,search,2026-02-02T21:59:38Z
302,347,wishlist,2026-02-02T22:00:38Z
302,453,search,2026-02-02T22:08:38Z
302,909,view,2026-02-02T22:12:38Z
302,1331,remove_cart,2026-02-02T22:44:38Z
302,1435,wishlist,2026-02-02T23:18:38Z
302,698,checkout,2026-02-02T23:39:38Z
302,1204,wishlist,2026-02-02T23:40:38Z
302,199,wishlist,2026-02-03T00:17:38Z
302,89,search,2026-02-03T00:39:38Z
302,897,search,2026-02-03T01:19:38Z
302,509,add_to_cart,2026-02-03T02:17:38Z
302,1274,remove_cart,2026-02-03T02:44:38Z
302,806,search,2026-02-03T03:28:38Z
302,365,add_to_cart,2026-02-03T03:57:38Z
302,214,remove_cart,2026-02-03T04:19:38Z
302,1413,click,2026-02-03T04:38:38Z
302,632,add_to_cart,2026-02-03T04:41:38Z
302,1134,purchase,2026-02-03T05:23:38Z
302,1357,search,2026-02-03T06:12:38Z
302,95,wishlist,2026-02-03T07:11:38Z
302,822,search,2026-02-03T08:10:38Z
302,998,add_to_cart,2026-02-03T08:17:38Z
302,1357,remove_cart,2026-02-03T08:34:38Z
303,1176,search,2026-03-13T17:17:38Z
303,587,view,2026-03-13T18:15:38Z
303,872,click,2026-03-13T18:22:38Z
303,526,remove_cart,2026-03-13T18:51:38Z
303,1139,view,2026-03-13T19:20:38Z
303,1047,remove_cart,2026-03-13T19:57:38Z
303,645,wishlist,2026-03-13T20:32:38Z
303,1271,checkout,2026-03-13T20:50:38Z
303,177,click,2026-03-13T21:39:38Z
303,1323,view,2026-03-13T22:05:38Z
303,1313,remove_cart,2026-03-13T22:35:38Z
303,594,add_to_cart,2026-03-13T23:03:38Z
303,917,click,2026-03-13T23:36:38Z
303,1186,purchase,2026-03-14T00:18:38Z
303,1252,checkout,2026-03-14T00:53:38Z
303,931,wishlist,2026-03-14T01:07:38Z
303,149,checkout,2026-03-14T01:11:38Z
303,1178,add_to_cart,2026-03-14T01:29:38Z
303,225,purchase,2026-03-14T02:26:38Z
303,545,remove_cart,2026-03-14T03:14:38Z
303,1373,wishlist,2026-03-14T03:58:38Z
303,530,add_to_cart,2026-03-14T04:58:38Z
303,899,purchase,2026-03-14T05:58:38Z
303,902,view,2026-03-14T06:16:38Z
303,81,view,2026-03-14T06:35:38Z
303,1207,checkout,2026-03-14T07:16:38Z
303,706,purchase,2026-03-14T07:41:38Z
303,1043,click,2026-03-14T08:33:38Z
303,807,checkout,2026-03-14T08:57:38Z
303,1428,add_to_cart,2026-03-14T09:25:38Z
303,103,add_to_cart,2026-03-14T10:14:38Z
303,1486,purchase,2026-03-14T10:57:38Z
304,1017,search,2026-02-18T16:44:38Z
304,289,view,2026-02-18T16:52:38Z
304,798,click,2026-02-18T17:16:38Z
304,149,checkout,2026-02-18T17:28:38Z
304,511,add_to_cart,2026-02-18T18:23:38Z
304,1132,view,2026-02-18T18:25:38Z
304,1352,wishlist,2026-02-18T18:55:38Z
304,1203,wishlist,2026-02-18T19:46:38Z
304,480,click,2026-02-18T20:10:38Z
304,625,add_to_cart,2026-02-18T20:56:38Z
304,796,add_to_cart,2026-02-18T21:18:38Z
304,15,remove_cart,2026-02-18T21:20:38Z
304,684,view,2026-02-18T22:17:38Z
304,1102,checkout,2026-02-18T23:09:38Z
304,1339,purchase,2026-02-18T23:36:38Z
304,421,view,2026-02-19T00:21:38Z
304,551,view,2026-02-19T00:34:38Z
304,504,click,2026-02-19T01:27:38Z
304,1340,remove_cart,2026-02-19T01:49:38Z
304,1205,purchase,2026-02-19T01:58:38Z
304,1500,wishlist,2026-02-19T02:26:38Z
304,1392,search,2026-02-19T03:06:38Z
304,1475,checkout,2026-02-19T04:02:38Z
304,57,checkout,2026-02-19T04:55:38Z
304,90,checkout,2026-02-19T05:47:38Z
304,51,remove_cart,2026-02-19T05:50:38Z
304,773,checkout,2026-02-19T06:08:38Z
304,570,click,2026-02-19T07:02:38Z
304,912,purchase,2026-02-19T07:18:38Z
304,569,view,2026-02-19T07:22:38Z
305,1353,view,2026-02-03T17:09:38Z
305,633,click,2026-02-03T17:41:38Z
305,582,add_to_cart,2026-02-03T18:39:38Z
305,794,checkout,2026-02-03T18:52:38Z
305,897,purchase,2026-02-03T19:28:38Z
305,1492,click,2026-02-03T20:11:38Z
305,1032,remove_cart,2026-02-03T20:27:38Z
305,382,checkout,2026-02-03T20:55:38Z
305,733,click,2026-02-03T21:54:38Z
305,1004,checkout,2026-02-03T22:40:38Z
305,13,search,2026-02-03T23:34:38Z
305,768,wishlist,2026-02-03T23:51:38Z
305,250,remove_cart,2026-02-04T00:19:38Z
305,1105,add_to_cart,2026-02-04T00:38:38Z
305,138,checkout,2026-02-04T00:58:38Z
305,1002,search,2026-02-04T01:09:38Z
305,479,wishlist,2026-02-04T02:06:38Z
305,223,click,2026-02-04T02:23:38Z
305,857,checkout,2026-02-04T02:35:38Z
305,529,purchase,2026-02-04T03:21:38Z
305,1297,add_to_cart,2026-02-04T03:27:38Z
305,420,add_to_cart,2026-02-04T03:36:38Z
305,1199,purchase,2026-02-04T04:13:38Z
305,644,add_to_cart,2026-02-04T04:21:38Z
305,945,view,2026-02-04T04:22:38Z
305,284,click,2026-02-04T04:36:38Z
305,1472,view,2026-02-04T04:55:38Z
305,530,search,2026-02-04T05:28:38Z
305,929,wishlist,2026-02-04T05:55:38Z
305,745,checkout,2026-02-04T06:00:38Z
305,952,search,2026-02-04T06:08:38Z
305,15,remove_cart,2026-02-04T06:33:38Z
305,856,search,2026-02-04T06:54:38Z
305,174,purchase,2026-02-04T07:31:38Z
305,1405,click,2026-02-04T07:57:38Z
305,902,search,2026-02-04T08:21:38Z
305,1367,remove_cart,2026-02-04T08:53:38Z
305,819,checkout,2026-02-04T09:42:38Z
305,971,wishlist,2026-02-04T10:35:38Z
305,821,remove_cart,2026-02-04T11:00:38Z
305,808,search,2026-02-04T11:31:38Z
305,723,view,2026-02-04T12:07:38Z
305,1025,add_to_cart,2026-02-04T12:08:38Z
305,1313,wishlist,2026-02-04T13:03:38Z
305,893,add_to_cart,2026-02-04T13:41:38Z
305,657,search,2026-02-04T14:03:38Z
305,1006,add_to_cart,2026-02-04T14:08:38Z
305,589,wishlist,2026-02-04T14:12:38Z
305,276,checkout,2026-02-04T14:46:38Z
305,959,checkout,2026-02-04T14:56:38Z
305,565,wishlist,2026-02-04T15:16:38Z
305,11,add_to_cart,2026-02-04T15:27:38Z
305,1407,remove_cart,2026-02-04T15:32:38Z
305,84,wishlist,2026-02-04T16:17:38Z
305,1244,remove_cart,2026-02-04T17:14:38Z
305,1099,add_to_cart,2026-02-04T17:53:38Z
305,1392,checkout,2026-02-04T18:44:38Z
305,1078,purchase,2026-02-04T19:26:38Z
305,1405,remove_cart,2026-02-04T20:17:38Z
305,127,search,2026-02-04T20:20:38Z
305,981,remove_cart,2026-02-04T21:12:38Z
305,850,add_to_cart,2026-02-04T21:32:38Z
305,1197,remove_cart,2026-02-04T21:45:38Z
305,333,view,2026-02-04T22:01:38Z
305,507,click,2026-02-04T22:18:38Z
305,183,view,2026-02-04T22:31:38Z
306,490,search,2026-01-20T16:59:38Z
306,41,view,2026-01-20T17:15:38Z
306,162,click,2026-01-20T18:13:38Z
306,230,click,2026-01-20T19:12:38Z
306,44,search,2026-01-20T19:55:38Z
306,516,remove_cart,2026-01-20T20:18:38Z
306,1072,wishlist,2026-01-20T20:40:38Z
306,761,checkout,2026-01-20T21:01:38Z
306,593,add_to_cart,2026-01-20T21:46:38Z
306,1167,wishlist,2026-01-20T21:56:38Z
306,704,remove_cart,2026-01-20T22:03:38Z
306,395,click,2026-01-20T22:21:38Z
306,937,remove_cart,2026-01-20T23:00:38Z
306,932,search,2026-01-20T23:23:38Z
306,150,purchase,2026-01-20T23:44:38Z
306,1119,checkout,2026-01-21T00:21:38Z
306,1028,purchase,2026-01-21T01:03:38Z
306,183,checkout,2026-01-21T01:49:38Z
306,715,purchase,2026-01-21T02:11:38Z
306,1265,remove_cart,2026-01-21T02:39:38Z
306,507,remove_cart,2026-01-21T03:36:38Z
306,1112,purchase,2026-01-21T04:28:38Z
306,1101,wishlist,2026-01-21T05:14:38Z
306,513,remove_cart,2026-01-21T05:57:38Z
306,1339,click,2026-01-21T06:27:38Z
306,1398,add_to_cart,2026-01-21T06:48:38Z
306,95,remove_cart,2026-01-21T07:46:38Z
306,1259,click,2026-01-21T08:25:38Z
306,886,click,2026-01-21T09:15:38Z
306,870,add_to_cart,2026-01-21T09:32:38Z
306,964,search,2026-01-21T10:13:38Z
306,345,remove_cart,2026-01-21T10:59:38Z
306,1401,purchase,2026-01-21T11:25:38Z
306,884,search,2026-01-21T11:34:38Z
306,240,wishlist,2026-01-21T12:28:38Z
306,938,checkout,2026-01-21T13:06:38Z
306,986,purchase,2026-01-21T13:34:38Z
306,9,view,2026-01-21T13:40:38Z
306,1013,add_to_cart,2026-01-21T14:22:38Z
306,120,click,2026-01-21T15:01:38Z
306,1476,wishlist,2026-01-21T15:56:38Z
306,19,add_to_cart,2026-01-21T16:50:38Z
306,1353,purchase,2026-01-21T17:25:38Z
306,207,checkout,2026-01-21T17:36:38Z
306,749,add_to_cart,2026-01-21T17:44:38Z
306,85,click,2026-01-21T18:21:38Z
306,721,search,2026-01-21T19:19:38Z
306,625,remove_cart,2026-01-21T19:30:38Z
306,1411,search,2026-01-21T19:57:38Z
306,74,add_to_cart,2026-01-21T20:07:38Z
306,690,click,2026-01-21T20:33:38Z
306,445,remove_cart,2026-01-21T21:00:38Z
306,435,purchase,2026-01-21T21:39:38Z
306,1069,wishlist,2026-01-21T21:42:38Z
307,270,search,2026-03-14T17:09:38Z
307,263,view,2026-03-14T17:34:38Z
307,493,click,2026-03-14T17:55:38Z
307,30,click,2026-03-14T18:13:38Z
307,1318,purchase,2026-03-14T18:17:38Z
307,642,checkout,2026-03-14T18:38:38Z
307,1378,search,2026-03-14T18:43:38Z
307,327,search,2026-03-14T19:41:38Z
307,580,view,2026-03-14T19:51:38Z
307,710,search,2026-03-14T20:04:38Z
307,574,view,2026-03-14T20:36:38Z
307,1230,wishlist,2026-03-14T20:37:38Z
307,506,purchase,2026-03-14T21:25:38Z
307,111,add_to_cart,2026-03-14T21:58:38Z
307,287,checkout,2026-03-14T22:00:38Z
307,9,search,2026-03-14T22:18:38Z
307,415,search,2026-03-14T23:18:38Z
307,1270,click,2026-03-14T23:20:38Z
307,992,view,2026-03-14T23:50:38Z
307,1142,click,2026-03-15T00:33:38Z
307,1388,add_to_cart,2026-03-15T00:49:38Z
307,1413,wishlist,2026-03-15T01:34:38Z
307,265,purchase,2026-03-15T02:34:38Z
307,1290,checkout,2026-03-15T03:05:38Z
307,894,purchase,2026-03-15T03:37:38Z
307,527,wishlist,2026-03-15T03:59:38Z
307,133,checkout,2026-03-15T04:25:38Z
307,909,checkout,2026-03-15T04:34:38Z
307,462,wishlist,2026-03-15T05:05:38Z
308,219,view,2026-03-09T16:58:38Z
308,959,wishlist,2026-03-09T17:17:38Z
308,369,view,2026-03-09T17:24:38Z
308,798,click,2026-03-09T18:23:38Z
308,877,add_to_cart,2026-03-09T18:50:38Z
308,1400,click,2026-03-09T19:12:38Z
308,445,purchase,2026-03-09T19:50:38Z
308,546,add_to_cart,2026-03-09T20:29:38Z
308,1450,add_to_cart,2026-03-09T20:59:38Z
308,285,view,2026-03-09T21:53:38Z
308,121,click,2026-03-09T22:16:38Z
308,522,click,2026-03-09T22:30:38Z
308,512,purchase,2026-03-09T23:11:38Z
308,323,view,2026-03-09T23:39:38Z
308,1106,checkout,2026-03-10T00:19:38Z
308,371,wishlist,2026-03-10T00:52:38Z
308,915,search,2026-03-10T01:44:38Z
308,441,checkout,2026-03-10T01:57:38Z
308,270,click,2026-03-10T02:51:38Z
308,922,view,2026-03-10T03:06:38Z
308,1230,click,2026-03-10T03:51:38Z
308,905,click,2026-03-10T04:01:38Z
308,497,wishlist,2026-03-10T04:40:38Z
308,947,wishlist,2026-03-10T05:01:38Z
308,371,click,2026-03-10T05:20:38Z
308,184,click,2026-03-10T06:11:38Z
308,383,remove_cart,2026-03-10T06:55:38Z
308,1447,add_to_cart,2026-03-10T06:58:38Z
308,1339,remove_cart,2026-03-10T07:53:38Z
308,182,wishlist,2026-03-10T08:32:38Z
308,1469,view,2026-03-10T08:33:38Z
308,515,search,2026-03-10T09:27:38Z
308,515,purchase,2026-03-10T09:53:38Z
308,547,purchase,2026-03-10T10:19:38Z
308,431,search,2026-03-10T10:36:38Z
308,1154,add_to_cart,2026-03-10T11:24:38Z
308,191,remove_cart,2026-03-10T12:02:38Z
308,321,search,2026-03-10T12:12:38Z
308,116,view,2026-03-10T12:53:38Z
308,308,checkout,2026-03-10T13:34:38Z
308,905,add_to_cart,2026-03-10T14:33:38Z
309,322,search,2026-02-14T16:43:38Z
309,1042,view,2026-02-14T17:13:38Z
309,1285,click,2026-02-14T17:17:38Z
309,1117,checkout,2026-02-14T18:16:38Z
309,988,wishlist,2026-02-14T18:59:38Z
309,1233,click,2026-02-14T19:03:38Z
309,1107,purchase,2026-02-14T19:16:38Z
309,81,wishlist,2026-02-14T19:30:38Z
309,1205,view,2026-02-14T19:33:38Z
309,123,view,2026-02-14T20:31:38Z
309,1299,remove_cart,2026-02-14T20:45:38Z
309,1054,add_to_cart,2026-02-14T21:07:38Z
309,975,remove_cart,2026-02-14T21:49:38Z
309,678,checkout,2026-02-14T22:46:38Z
309,758,search,2026-02-14T23:12:38Z
309,982,remove_cart,2026-02-14T23:20:38Z
309,1348,add_to_cart,2026-02-14T23:56:38Z
309,1340,search,2026-02-15T00:26:38Z
309,593,view,2026-02-15T00:42:38Z
309,863,search,2026-02-15T01:34:38Z
309,377,purchase,2026-02-15T01:49:38Z
309,776,search,2026-02-15T02:42:38Z
309,1373,wishlist,2026-02-15T03:24:38Z
309,1083,remove_cart,2026-02-15T04:19:38Z
309,134,search,2026-02-15T05:12:38Z
309,842,wishlist,2026-02-15T05:31:38Z
309,248,purchase,2026-02-15T05:53:38Z
309,1014,checkout,2026-02-15T06:14:38Z
309,140,purchase,2026-02-15T06:35:38Z
309,1494,wishlist,2026-02-15T06:42:38Z
309,1166,checkout,2026-02-15T07:08:38Z
309,1442,remove_cart,2026-02-15T07:31:38Z
309,1188,wishlist,2026-02-15T08:30:38Z
309,844,remove_cart,2026-02-15T08:51:38Z
309,1312,view,2026-02-15T08:54:38Z
309,449,purchase,2026-02-15T09:40:38Z
309,645,checkout,2026-02-15T10:28:38Z
309,1167,add_to_cart,2026-02-15T10:40:38Z
309,558,remove_cart,2026-02-15T11:28:38Z
309,287,search,2026-02-15T12:09:38Z
309,1155,click,2026-02-15T12:10:38Z
309,262,add_to_cart,2026-02-15T12:22:38Z
309,1500,wishlist,2026-02-15T12:28:38Z
309,724,search,2026-02-15T12:50:38Z
309,1204,checkout,2026-02-15T13:49:38Z
310,1314,search,2026-03-03T16:52:38Z
310,471,view,2026-03-03T17:01:38Z
310,813,click,2026-03-03T17:33:38Z
310,560,remove_cart,2026-03-03T17:36:38Z
310,295,click,2026-03-03T17:55:38Z
310,439,remove_cart,2026-03-03T18:15:38Z
310,1268,view,2026-03-03T18:27:38Z
310,1117,checkout,2026-03-03T18:30:38Z
310,997,click,2026-03-03T18:45:38Z
310,1210,add_to_cart,2026-03-03T18:57:38Z
310,34,add_to_cart,2026-03-03T19:05:38Z
310,1308,purchase,2026-03-03T19:29:38Z
310,1375,add_to_cart,2026-03-03T19:49:38Z
310,313,purchase,2026-03-03T20:28:38Z
310,1307,add_to_cart,2026-03-03T21:07:38Z
310,179,wishlist,2026-03-03T21:10:38Z
310,808,search,2026-03-03T21:47:38Z
310,534,add_to_cart,2026-03-03T22:23:38Z
310,886,view,2026-03-03T22:53:38Z
310,1236,wishlist,2026-03-03T23:06:38Z
310,1118,view,2026-03-04T00:05:38Z
310,436,checkout,2026-03-04T00:40:38Z
310,1022,search,2026-03-04T01:29:38Z
310,1408,remove_cart,2026-03-04T01:59:38Z
310,898,view,2026-03-04T02:03:38Z
310,622,add_to_cart,2026-03-04T02:23:38Z
310,804,remove_cart,2026-03-04T02:51:38Z
310,633,remove_cart,2026-03-04T03:30:38Z
310,1402,purchase,2026-03-04T03:58:38Z
310,1158,view,2026-03-04T04:42:38Z
310,1061,search,2026-03-04T04:56:38Z
310,326,remove_cart,2026-03-04T05:29:38Z
310,1493,wishlist,2026-03-04T06:27:38Z
310,670,view,2026-03-04T07:01:38Z
310,371,wishlist,2026-03-04T07:39:38Z
310,1297,wishlist,2026-03-04T08:30:38Z
310,1170,remove_cart,2026-03-04T08:41:38Z
310,378,checkout,2026-03-04T09:32:38Z
310,1159,remove_cart,2026-03-04T09:57:38Z
310,293,add_to_cart,2026-03-04T10:11:38Z
310,326,wishlist,2026-03-04T10:40:38Z
310,1295,checkout,2026-03-04T10:56:38Z
310,846,search,2026-03-04T11:42:38Z
310,113,add_to_cart,2026-03-04T12:13:38Z
310,363,search,2026-03-04T12:43:38Z
310,1377,purchase,2026-03-04T13:33:38Z
310,1307,purchase,2026-03-04T13:50:38Z
310,882,search,2026-03-04T14:47:38Z
310,216,remove_cart,2026-03-04T15:13:38Z
310,206,view,2026-03-04T15:36:38Z
310,1493,search,2026-03-04T16:15:38Z
310,1120,remove_cart,2026-03-04T16:21:38Z
310,1052,view,2026-03-04T16:46:38Z
310,1029,remove_cart,2026-03-04T16:57:38Z
310,1065,remove_cart,2026-03-04T17:46:38Z
310,347,checkout,2026-03-04T18:26:38Z
310,1238,search,2026-03-04T18:43:38Z
310,39,search,2026-03-04T19:40:38Z
310,1332,purchase,2026-03-04T20:24:38Z
310,1066,wishlist,2026-03-04T20:30:38Z
311,178,view,2026-01-30T16:49:38Z
311,1367,wishlist,2026-01-30T17:04:38Z
311,560,view,2026-01-30T17:24:38Z
311,1150,click,2026-01-30T17:28:38Z
311,467,add_to_cart,2026-01-30T18:03:38Z
311,208,purchase,2026-01-30T18:59:38Z
311,57,purchase,2026-01-30T19:34:38Z
311,1187,click,2026-01-30T20:00:38Z
311,961,purchase,2026-01-30T20:18:38Z
311,140,remove_cart,2026-01-30T20:56:38Z
311,417,add_to_cart,2026-01-30T21:38:38Z
311,1234,checkout,2026-01-30T22:10:38Z
311,1250,purchase,2026-01-30T22:51:38Z
311,1380,view,2026-01-30T22:57:38Z
311,57,add_to_cart,2026-01-30T23:08:38Z
311,441,click,2026-01-30T23:33:38Z
311,752,click,2026-01-31T00:06:38Z
311,13,add_to_cart,2026-01-31T00:08:38Z
311,1188,add_to_cart,2026-01-31T00:24:38Z
311,312,click,2026-01-31T00:48:38Z
311,400,purchase,2026-01-31T00:53:38Z
311,809,purchase,2026-01-31T01:46:38Z
311,137,purchase,2026-01-31T02:30:38Z
311,10,search,2026-01-31T03:20:38Z
311,344,add_to_cart,2026-01-31T03:26:38Z
311,376,checkout,2026-01-31T03:29:38Z
311,1125,purchase,2026-01-31T03:37:38Z
311,384,remove_cart,2026-01-31T04:08:38Z
311,231,view,2026-01-31T05:02:38Z
311,713,add_to_cart,2026-01-31T05:42:38Z
311,502,view,2026-01-31T06:40:38Z
311,935,click,2026-01-31T07:23:38Z
311,656,checkout,2026-01-31T08:04:38Z
311,1179,remove_cart,2026-01-31T09:02:38Z
311,1432,view,2026-01-31T09:03:38Z
311,216,view,2026-01-31T09:48:38Z
311,771,click,2026-01-31T10:18:38Z
311,436,wishlist,2026-01-31T11:12:38Z
311,633,add_to_cart,2026-01-31T11:31:38Z
311,448,purchase,2026-01-31T11:48:38Z
311,764,checkout,2026-01-31T11:56:38Z
311,584,click,2026-01-31T12:17:38Z
311,892,checkout,2026-01-31T12:37:38Z
311,953,click,2026-01-31T12:45:38Z
311,1466,view,2026-01-31T13:43:38Z
311,274,checkout,2026-01-31T13:44:38Z
311,1092,checkout,2026-01-31T13:54:38Z
312,96,view,2026-04-15T16:26:38Z
312,487,wishlist,2026-04-15T17:06:38Z
312,1473,view,2026-04-15T17:49:38Z
312,20,click,2026-04-15T18:23:38Z
312,1117,add_to_cart,2026-04-15T19:19:38Z
312,1285,purchase,2026-04-15T19:38:38Z
312,420,click,2026-04-15T19:50:38Z
312,780,add_to_cart,2026-04-15T19:58:38Z
312,768,view,2026-04-15T20:00:38Z
312,544,purchase,2026-04-15T20:12:38Z
312,479,click,2026-04-15T20:47:38Z
312,718,add_to_cart,2026-04-15T21:31:38Z
312,924,add_to_cart,2026-04-15T22:17:38Z
312,740,remove_cart,2026-04-15T22:28:38Z
312,88,add_to_cart,2026-04-15T23:10:38Z
312,452,add_to_cart,2026-04-15T23:16:38Z
312,895,click,2026-04-15T23:23:38Z
312,710,checkout,2026-04-16T00:00:38Z
312,1084,search,2026-04-16T00:11:38Z
312,792,purchase,2026-04-16T00:22:38Z
312,55,checkout,2026-04-16T01:06:38Z
312,171,click,2026-04-16T01:54:38Z
312,1036,remove_cart,2026-04-16T02:23:38Z
312,887,click,2026-04-16T02:31:38Z
312,1100,checkout,2026-04-16T03:22:38Z
312,278,remove_cart,2026-04-16T04:10:38Z
312,656,view,2026-04-16T04:22:38Z
312,387,click,2026-04-16T04:44:38Z
312,526,remove_cart,2026-04-16T05:40:38Z
312,907,add_to_cart,2026-04-16T06:08:38Z
312,33,purchase,2026-04-16T06:58:38Z
313,1175,view,2026-03-29T17:02:38Z
313,172,click,2026-03-29T17:22:38Z
313,1405,add_to_cart,2026-03-29T17:53:38Z
313,693,checkout,2026-03-29T18:45:38Z
313,1313,purchase,2026-03-29T18:59:38Z
313,1380,view,2026-03-29T19:18:38Z
313,405,view,2026-03-29T19:42:38Z
313,1069,click,2026-03-29T20:21:38Z
313,153,search,2026-03-29T21:11:38Z
313,702,view,2026-03-29T21:54:38Z
313,661,view,2026-03-29T22:23:38Z
313,1081,wishlist,2026-03-29T22:24:38Z
313,656,search,2026-03-29T22:57:38Z
313,597,add_to_cart,2026-03-29T23:33:38Z
313,1003,remove_cart,2026-03-30T00:33:38Z
313,477,checkout,2026-03-30T00:37:38Z
313,514,checkout,2026-03-30T01:10:38Z
313,1250,remove_cart,2026-03-30T01:39:38Z
313,15,checkout,2026-03-30T01:43:38Z
313,1333,purchase,2026-03-30T01:45:38Z
313,559,checkout,2026-03-30T02:11:38Z
313,83,search,2026-03-30T03:05:38Z
313,1045,wishlist,2026-03-30T04:05:38Z
313,672,purchase,2026-03-30T04:26:38Z
313,1019,view,2026-03-30T04:32:38Z
313,343,add_to_cart,2026-03-30T05:01:38Z
313,1219,checkout,2026-03-30T05:43:38Z
313,1485,checkout,2026-03-30T05:59:38Z
313,384,add_to_cart,2026-03-30T06:35:38Z
313,1413,view,2026-03-30T06:43:38Z
314,740,search,2026-03-20T16:23:38Z
314,185,view,2026-03-20T16:30:38Z
314,323,click,2026-03-20T17:19:38Z
314,396,click,2026-03-20T18:12:38Z
314,875,search,2026-03-20T18:14:38Z
314,786,purchase,2026-03-20T19:09:38Z
314,1266,view,2026-03-20T19:14:38Z
314,61,view,2026-03-20T19:38:38Z
314,85,add_to_cart,2026-03-20T19:58:38Z
314,132,remove_cart,2026-03-20T20:19:38Z
314,961,click,2026-03-20T21:03:38Z
314,973,search,2026-03-20T21:58:38Z
314,182,click,2026-03-20T22:45:38Z
314,1369,checkout,2026-03-20T22:49:38Z
314,1108,remove_cart,2026-03-20T23:07:38Z
314,901,wishlist,2026-03-20T23:59:38Z
314,1045,remove_cart,2026-03-21T00:58:38Z
314,1292,remove_cart,2026-03-21T01:11:38Z
314,522,click,2026-03-21T01:22:38Z
314,1353,view,2026-03-21T01:51:38Z
314,1300,view,2026-03-21T02:11:38Z
314,1403,search,2026-03-21T02:46:38Z
314,1111,click,2026-03-21T03:02:38Z
314,128,click,2026-03-21T03:39:38Z
314,562,click,2026-03-21T03:46:38Z
314,834,wishlist,2026-03-21T04:31:38Z
314,1424,checkout,2026-03-21T05:22:38Z
314,900,remove_cart,2026-03-21T05:52:38Z
314,146,remove_cart,2026-03-21T06:50:38Z
314,549,wishlist,2026-03-21T06:59:38Z
314,60,remove_cart,2026-03-21T07:47:38Z
314,80,click,2026-03-21T08:18:38Z
314,194,add_to_cart,2026-03-21T09:09:38Z
314,628,checkout,2026-03-21T09:37:38Z
314,990,wishlist,2026-03-21T09:42:38Z
314,83,checkout,2026-03-21T10:31:38Z
314,313,add_to_cart,2026-03-21T11:28:38Z
314,9,purchase,2026-03-21T12:04:38Z
314,717,search,2026-03-21T12:50:38Z
314,926,purchase,2026-03-21T13:10:38Z
314,943,add_to_cart,2026-03-21T13:39:38Z
314,389,add_to_cart,2026-03-21T14:00:38Z
314,1265,add_to_cart,2026-03-21T14:04:38Z
314,1205,wishlist,2026-03-21T14:45:38Z
314,549,add_to_cart,2026-03-21T15:20:38Z
314,483,checkout,2026-03-21T16:11:38Z
314,1029,wishlist,2026-03-21T16:57:38Z
314,940,checkout,2026-03-21T17:09:38Z
314,1245,add_to_cart,2026-03-21T17:49:38Z
314,1288,purchase,2026-03-21T18:03:38Z
314,968,wishlist,2026-03-21T18:48:38Z
314,1434,view,2026-03-21T18:59:38Z
314,1255,search,2026-03-21T19:01:38Z
314,1031,purchase,2026-03-21T19:38:38Z
314,868,remove_cart,2026-03-21T20:21:38Z
315,787,view,2026-02-01T17:12:38Z
315,1094,wishlist,2026-02-01T17:31:38Z
315,546,view,2026-02-01T17:50:38Z
315,1388,click,2026-02-01T17:59:38Z
315,509,add_to_cart,2026-02-01T18:29:38Z
315,1481,purchase,2026-02-01T18:50:38Z
315,1387,remove_cart,2026-02-01T19:41:38Z
315,1455,wishlist,2026-02-01T19:50:38Z
315,159,purchase,2026-02-01T20:29:38Z
315,930,remove_cart,2026-02-01T21:12:38Z
315,319,remove_cart,2026-02-01T21:23:38Z
315,683,checkout,2026-02-01T21:39:38Z
315,481,purchase,2026-02-01T22:33:38Z
315,7,search,2026-02-01T23:31:38Z
315,324,remove_cart,2026-02-02T00:12:38Z
315,214,view,2026-02-02T01:07:38Z
315,399,remove_cart,2026-02-02T01:35:38Z
315,122,purchase,2026-02-02T01:53:38Z
315,1416,click,2026-02-02T02:10:38Z
315,767,add_to_cart,2026-02-02T02:16:38Z
315,402,remove_cart,2026-02-02T03:01:38Z
315,1412,search,2026-02-02T03:58:38Z
315,852,wishlist,2026-02-02T04:10:38Z
315,351,purchase,2026-02-02T04:36:38Z
315,445,remove_cart,2026-02-02T04:48:38Z
315,941,purchase,2026-02-02T05:12:38Z
315,566,view,2026-02-02T05:31:38Z
315,744,search,2026-02-02T05:55:38Z
315,1337,click,2026-02-02T06:43:38Z
315,555,search,2026-02-02T06:57:38Z
315,302,search,2026-02-02T07:57:38Z
315,216,click,2026-02-02T08:02:38Z
316,1180,view,2026-03-07T17:19:38Z
316,601,wishlist,2026-03-07T17:36:38Z
316,681,view,2026-03-07T18:13:38Z
316,1314,click,2026-03-07T18:44:38Z
316,342,add_to_cart,2026-03-07T19:03:38Z
316,1136,click,2026-03-07T19:44:38Z
316,1281,search,2026-03-07T19:56:38Z
316,487,search,2026-03-07T20:21:38Z
316,752,click,2026-03-07T21:19:38Z
316,1279,click,2026-03-07T21:30:38Z
316,836,click,2026-03-07T21:38:38Z
316,1006,search,2026-03-07T22:27:38Z
316,516,add_to_cart,2026-03-07T23:25:38Z
316,365,remove_cart,2026-03-07T23:44:38Z
316,519,checkout,2026-03-07T23:56:38Z
316,419,checkout,2026-03-08T00:43:38Z
316,1335,wishlist,2026-03-08T00:57:38Z
316,1322,checkout,2026-03-08T01:21:38Z
316,492,click,2026-03-08T01:45:38Z
316,952,view,2026-03-08T01:49:38Z
316,245,wishlist,2026-03-08T02:41:38Z
316,1334,search,2026-03-08T03:05:38Z
316,1084,click,2026-03-08T03:57:38Z
316,570,purchase,2026-03-08T04:52:38Z
316,1165,checkout,2026-03-08T05:49:38Z
316,1408,add_to_cart,2026-03-08T06:48:38Z
316,696,purchase,2026-03-08T06:52:38Z
316,1143,checkout,2026-03-08T07:45:38Z
316,665,add_to_cart,2026-03-08T08:02:38Z
316,53,purchase,2026-03-08T08:07:38Z
316,515,click,2026-03-08T08:16:38Z
316,489,remove_cart,2026-03-08T08:36:38Z
316,1311,checkout,2026-03-08T09:11:38Z
316,632,remove_cart,2026-03-08T09:22:38Z
316,98,purchase,2026-03-08T10:10:38Z
316,551,click,2026-03-08T11:09:38Z
316,872,remove_cart,2026-03-08T11:10:38Z
316,1210,remove_cart,2026-03-08T11:58:38Z
316,1486,remove_cart,2026-03-08T12:06:38Z
316,1219,view,2026-03-08T12:31:38Z
316,914,remove_cart,2026-03-08T12:47:38Z
316,210,search,2026-03-08T13:26:38Z
316,131,add_to_cart,2026-03-08T14:18:38Z
316,1434,checkout,2026-03-08T14:57:38Z
316,693,view,2026-03-08T15:22:38Z
316,159,view,2026-03-08T15:50:38Z
316,172,search,2026-03-08T16:19:38Z
316,19,wishlist,2026-03-08T16:57:38Z
316,338,click,2026-03-08T17:04:38Z
317,392,search,2026-04-19T17:09:38Z
317,851,view,2026-04-19T17:15:38Z
317,4,click,2026-04-19T17:18:38Z
317,108,search,2026-04-19T18:07:38Z
317,985,add_to_cart,2026-04-19T19:06:38Z
317,1272,add_to_cart,2026-04-19T19:42:38Z
317,1048,remove_cart,2026-04-19T20:33:38Z
317,274,purchase,2026-04-19T21:14:38Z
317,354,click,2026-04-19T22:14:38Z
317,801,view,2026-04-19T22:50:38Z
317,1438,click,2026-04-19T23:07:38Z
317,762,search,2026-04-19T23:17:38Z
317,947,view,2026-04-20T00:12:38Z
317,780,remove_cart,2026-04-20T01:01:38Z
317,536,checkout,2026-04-20T01:34:38Z
317,127,add_to_cart,2026-04-20T01:37:38Z
317,174,click,2026-04-20T01:56:38Z
317,553,search,2026-04-20T02:50:38Z
317,804,add_to_cart,2026-04-20T03:07:38Z
317,975,view,2026-04-20T03:49:38Z
317,1001,purchase,2026-04-20T04:43:38Z
317,1445,add_to_cart,2026-04-20T04:59:38Z
317,1472,remove_cart,2026-04-20T05:04:38Z
317,755,wishlist,2026-04-20T05:42:38Z
317,1444,add_to_cart,2026-04-20T06:16:38Z
317,1227,wishlist,2026-04-20T07:04:38Z
317,663,search,2026-04-20T07:34:38Z
317,895,checkout,2026-04-20T08:19:38Z
317,1004,purchase,2026-04-20T09:17:38Z
317,471,add_to_cart,2026-04-20T09:55:38Z
317,644,view,2026-04-20T10:17:38Z
317,1178,checkout,2026-04-20T10:48:38Z
317,1231,checkout,2026-04-20T11:31:38Z
317,909,purchase,2026-04-20T11:56:38Z
317,961,remove_cart,2026-04-20T11:58:38Z
317,1282,search,2026-04-20T12:45:38Z
317,756,click,2026-04-20T12:48:38Z
317,559,purchase,2026-04-20T13:27:38Z
317,10,click,2026-04-20T13:48:38Z
317,471,search,2026-04-20T14:41:38Z
318,889,search,2026-04-12T16:44:38Z
318,53,view,2026-04-12T17:32:38Z
318,274,click,2026-04-12T18:28:38Z
318,1130,wishlist,2026-04-12T19:18:38Z
318,1296,remove_cart,2026-04-12T19:58:38Z
318,1468,remove_cart,2026-04-12T20:26:38Z
318,1265,view,2026-04-12T21:21:38Z
318,732,remove_cart,2026-04-12T21:35:38Z
318,959,search,2026-04-12T22:19:38Z
318,996,remove_cart,2026-04-12T22:21:38Z
318,168,wishlist,2026-04-12T23:16:38Z
318,117,add_to_cart,2026-04-12T23:22:38Z
318,596,click,2026-04-12T23:55:38Z
318,339,add_to_cart,2026-04-13T00:20:38Z
318,637,add_to_cart,2026-04-13T00:45:38Z
318,213,search,2026-04-13T01:44:38Z
318,268,view,2026-04-13T02:41:38Z
318,1193,search,2026-04-13T03:04:38Z
318,1028,search,2026-04-13T03:08:38Z
318,1243,wishlist,2026-04-13T03:59:38Z
318,831,purchase,2026-04-13T04:20:38Z
318,689,wishlist,2026-04-13T04:36:38Z
318,567,add_to_cart,2026-04-13T05:28:38Z
318,929,purchase,2026-04-13T05:59:38Z
318,916,wishlist,2026-04-13T06:02:38Z
318,1397,remove_cart,2026-04-13T07:01:38Z
318,661,wishlist,2026-04-13T07:51:38Z
318,458,checkout,2026-04-13T08:49:38Z
318,517,checkout,2026-04-13T09:46:38Z
318,317,wishlist,2026-04-13T10:33:38Z
318,350,wishlist,2026-04-13T10:38:38Z
318,1129,add_to_cart,2026-04-13T11:00:38Z
318,938,search,2026-04-13T11:27:38Z
318,1352,view,2026-04-13T11:33:38Z
318,665,checkout,2026-04-13T12:25:38Z
318,324,add_to_cart,2026-04-13T13:20:38Z
318,1300,checkout,2026-04-13T13:58:38Z
318,561,add_to_cart,2026-04-13T14:38:38Z
318,332,remove_cart,2026-04-13T14:59:38Z
318,1279,purchase,2026-04-13T15:50:38Z
318,522,remove_cart,2026-04-13T16:22:38Z
318,124,view,2026-04-13T16:32:38Z
318,1059,purchase,2026-04-13T17:15:38Z
318,78,wishlist,2026-04-13T17:33:38Z
318,121,checkout,2026-04-13T17:34:38Z
318,184,search,2026-04-13T18:23:38Z
318,1464,wishlist,2026-04-13T19:00:38Z
318,580,click,2026-04-13T19:09:38Z
318,1156,add_to_cart,2026-04-13T19:36:38Z
318,656,wishlist,2026-04-13T20:07:38Z
318,1423,purchase,2026-04-13T21:01:38Z
318,1449,wishlist,2026-04-13T21:06:38Z
318,1246,purchase,2026-04-13T21:50:38Z
318,1445,checkout,2026-04-13T22:15:38Z
318,330,purchase,2026-04-13T22:37:38Z
318,145,search,2026-04-13T23:04:38Z
319,344,view,2026-04-03T17:10:38Z
319,556,click,2026-04-03T17:12:38Z
319,1047,add_to_cart,2026-04-03T17:16:38Z
319,289,remove_cart,2026-04-03T17:39:38Z
319,815,view,2026-04-03T17:41:38Z
319,540,purchase,2026-04-03T17:55:38Z
319,142,remove_cart,2026-04-03T18:00:38Z
319,1016,checkout,2026-04-03T18:34:38Z
319,295,purchase,2026-04-03T19:03:38Z
319,784,add_to_cart,2026-04-03T19:45:38Z
319,387,wishlist,2026-04-03T20:24:38Z
319,1040,purchase,2026-04-03T21:09:38Z
319,210,view,2026-04-03T21:28:38Z
319,175,click,2026-04-03T21:59:38Z
319,503,remove_cart,2026-04-03T22:03:38Z
319,1388,purchase,2026-04-03T22:57:38Z
319,1034,purchase,2026-04-03T23:01:38Z
319,577,wishlist,2026-04-03T23:20:38Z
319,1332,click,2026-04-03T23:54:38Z
319,860,search,2026-04-04T00:10:38Z
319,1362,remove_cart,2026-04-04T00:14:38Z
319,33,add_to_cart,2026-04-04T00:58:38Z
319,456,purchase,2026-04-04T01:04:38Z
319,1134,checkout,2026-04-04T02:03:38Z
319,325,view,2026-04-04T02:50:38Z
319,1189,click,2026-04-04T02:53:38Z
319,851,purchase,2026-04-04T03:53:38Z
319,1482,checkout,2026-04-04T04:40:38Z
319,938,remove_cart,2026-04-04T05:12:38Z
319,492,checkout,2026-04-04T05:42:38Z
319,935,remove_cart,2026-04-04T06:04:38Z
319,732,remove_cart,2026-04-04T06:24:38Z
319,678,wishlist,2026-04-04T06:44:38Z
319,513,view,2026-04-04T06:58:38Z
319,678,click,2026-04-04T07:38:38Z
319,734,search,2026-04-04T07:51:38Z
319,104,click,2026-04-04T07:58:38Z
319,1279,add_to_cart,2026-04-04T08:23:38Z
319,646,purchase,2026-04-04T09:00:38Z
320,101,search,2026-03-24T17:15:38Z
320,1267,view,2026-03-24T17:50:38Z
320,278,click,2026-03-24T18:37:38Z
320,511,purchase,2026-03-24T19:22:38Z
320,169,purchase,2026-03-24T20:04:38Z
320,1391,purchase,2026-03-24T20:28:38Z
320,1342,click,2026-03-24T20:48:38Z
320,59,wishlist,2026-03-24T21:10:38Z
320,294,checkout,2026-03-24T21:12:38Z
320,36,remove_cart,2026-03-24T21:29:38Z
320,866,remove_cart,2026-03-24T21:38:38Z
320,902,view,2026-03-24T22:03:38Z
320,218,search,2026-03-24T22:49:38Z
320,253,wishlist,2026-03-24T23:30:38Z
320,1039,search,2026-03-24T23:50:38Z
320,322,checkout,2026-03-25T00:18:38Z
320,861,click,2026-03-25T01:18:38Z
320,502,search,2026-03-25T01:54:38Z
320,279,search,2026-03-25T02:37:38Z
320,1186,checkout,2026-03-25T03:22:38Z
320,112,checkout,2026-03-25T03:38:38Z
320,578,add_to_cart,2026-03-25T04:16:38Z
320,1161,view,2026-03-25T04:44:38Z
320,979,wishlist,2026-03-25T05:37:38Z
320,344,add_to_cart,2026-03-25T06:00:38Z
320,469,view,2026-03-25T06:11:38Z
320,1270,wishlist,2026-03-25T06:44:38Z
320,947,purchase,2026-03-25T07:14:38Z
320,767,click,2026-03-25T07:25:38Z
320,542,add_to_cart,2026-03-25T08:00:38Z
320,1372,click,2026-03-25T08:38:38Z
320,1236,search,2026-03-25T09:32:38Z
320,787,wishlist,2026-03-25T09:38:38Z
320,1193,wishlist,2026-03-25T10:18:38Z
320,1448,click,2026-03-25T11:06:38Z
320,807,search,2026-03-25T11:27:38Z
320,886,search,2026-03-25T11:47:38Z
320,659,search,2026-03-25T12:37:38Z
320,1197,add_to_cart,2026-03-25T12:53:38Z
320,529,view,2026-03-25T12:55:38Z
320,348,click,2026-03-25T13:19:38Z
320,320,search,2026-03-25T14:15:38Z
320,1103,remove_cart,2026-03-25T14:47:38Z
321,20,view,2026-03-08T16:54:38Z
321,142,wishlist,2026-03-08T17:45:38Z
321,1205,view,2026-03-08T18:18:38Z
321,1000,click,2026-03-08T18:49:38Z
321,1408,add_to_cart,2026-03-08T19:28:38Z
321,93,wishlist,2026-03-08T20:17:38Z
321,1403,click,2026-03-08T21:15:38Z
321,925,search,2026-03-08T21:40:38Z
321,1262,view,2026-03-08T22:28:38Z
321,1004,purchase,2026-03-08T22:56:38Z
321,1315,add_to_cart,2026-03-08T23:45:38Z
321,92,wishlist,2026-03-09T00:43:38Z
321,1032,add_to_cart,2026-03-09T01:42:38Z
321,1416,view,2026-03-09T01:46:38Z
321,158,search,2026-03-09T02:29:38Z
321,1457,checkout,2026-03-09T03:00:38Z
321,1301,view,2026-03-09T03:54:38Z
321,553,checkout,2026-03-09T04:10:38Z
321,1379,remove_cart,2026-03-09T04:13:38Z
321,848,purchase,2026-03-09T04:20:38Z
321,1360,click,2026-03-09T04:35:38Z
321,999,search,2026-03-09T04:36:38Z
321,1404,add_to_cart,2026-03-09T05:28:38Z
321,550,click,2026-03-09T05:53:38Z
321,663,wishlist,2026-03-09T06:24:38Z
321,708,add_to_cart,2026-03-09T06:56:38Z
321,367,search,2026-03-09T07:38:38Z
321,258,purchase,2026-03-09T08:34:38Z
321,1408,remove_cart,2026-03-09T09:06:38Z
321,185,wishlist,2026-03-09T10:05:38Z
321,107,wishlist,2026-03-09T10:49:38Z
321,802,remove_cart,2026-03-09T11:48:38Z
321,735,click,2026-03-09T12:11:38Z
321,1419,checkout,2026-03-09T12:19:38Z
321,852,wishlist,2026-03-09T12:43:38Z
321,863,remove_cart,2026-03-09T12:49:38Z
321,1193,remove_cart,2026-03-09T13:25:38Z
321,1159,search,2026-03-09T13:28:38Z
321,490,purchase,2026-03-09T13:55:38Z
321,835,remove_cart,2026-03-09T14:12:38Z
321,1165,view,2026-03-09T14:34:38Z
321,245,wishlist,2026-03-09T14:55:38Z
321,147,remove_cart,2026-03-09T15:03:38Z
322,385,view,2026-03-24T16:49:38Z
322,270,wishlist,2026-03-24T17:01:38Z
322,761,view,2026-03-24T17:18:38Z
322,153,click,2026-03-24T18:18:38Z
322,305,add_to_cart,2026-03-24T18:51:38Z
322,1244,wishlist,2026-03-24T19:17:38Z
322,1216,remove_cart,2026-03-24T19:22:38Z
322,298,add_to_cart,2026-03-24T19:28:38Z
322,1163,remove_cart,2026-03-24T20:26:38Z
322,639,checkout,2026-03-24T21:21:38Z
322,996,remove_cart,2026-03-24T21:59:38Z
322,987,search,2026-03-24T22:33:38Z
322,406,remove_cart,2026-03-24T23:21:38Z
322,871,click,2026-03-24T23:58:38Z
322,712,purchase,2026-03-25T00:02:38Z
322,1285,add_to_cart,2026-03-25T00:34:38Z
322,1452,view,2026-03-25T00:51:38Z
322,1169,purchase,2026-03-25T01:16:38Z
322,712,add_to_cart,2026-03-25T01:28:38Z
322,513,click,2026-03-25T01:56:38Z
322,9,add_to_cart,2026-03-25T02:12:38Z
322,989,click,2026-03-25T02:21:38Z
322,1201,search,2026-03-25T02:47:38Z
322,1000,view,2026-03-25T02:55:38Z
322,222,remove_cart,2026-03-25T03:09:38Z
322,1029,click,2026-03-25T03:46:38Z
322,956,remove_cart,2026-03-25T04:02:38Z
322,1074,view,2026-03-25T04:56:38Z
322,709,wishlist,2026-03-25T05:39:38Z
322,796,purchase,2026-03-25T06:31:38Z
322,308,view,2026-03-25T06:58:38Z
322,25,add_to_cart,2026-03-25T07:11:38Z
322,714,remove_cart,2026-03-25T07:24:38Z
322,423,remove_cart,2026-03-25T07:55:38Z
323,766,view,2026-03-05T16:52:38Z
323,1271,click,2026-03-05T17:18:38Z
323,593,add_to_cart,2026-03-05T18:05:38Z
323,1246,remove_cart,2026-03-05T18:16:38Z
323,634,view,2026-03-05T18:50:38Z
323,611,click,2026-03-05T18:51:38Z
323,1454,view,2026-03-05T19:45:38Z
323,327,view,2026-03-05T19:59:38Z
323,38,checkout,2026-03-05T20:13:38Z
323,262,purchase,2026-03-05T21:02:38Z
323,1073,search,2026-03-05T21:52:38Z
323,911,add_to_cart,2026-03-05T22:38:38Z
323,1423,search,2026-03-05T23:34:38Z
323,666,remove_cart,2026-03-05T23:48:38Z
323,1485,add_to_cart,2026-03-06T00:32:38Z
323,700,purchase,2026-03-06T01:23:38Z
323,238,remove_cart,2026-03-06T01:29:38Z
323,498,add_to_cart,2026-03-06T01:30:38Z
323,880,view,2026-03-06T02:14:38Z
323,1365,wishlist,2026-03-06T02:47:38Z
323,1355,remove_cart,2026-03-06T02:56:38Z
323,686,click,2026-03-06T03:32:38Z
323,1331,purchase,2026-03-06T04:31:38Z
323,211,click,2026-03-06T05:17:38Z
323,336,click,2026-03-06T05:59:38Z
323,993,click,2026-03-06T06:29:38Z
323,429,view,2026-03-06T07:21:38Z
323,789,remove_cart,2026-03-06T07:49:38Z
323,804,remove_cart,2026-03-06T08:04:38Z
323,359,search,2026-03-06T08:35:38Z
323,505,click,2026-03-06T09:17:38Z
323,669,add_to_cart,2026-03-06T09:44:38Z
323,21,search,2026-03-06T10:06:38Z
323,1401,purchase,2026-03-06T10:19:38Z
323,101,checkout,2026-03-06T10:59:38Z
323,1360,add_to_cart,2026-03-06T11:42:38Z
323,461,search,2026-03-06T11:44:38Z
323,448,checkout,2026-03-06T12:08:38Z
323,1411,wishlist,2026-03-06T12:49:38Z
323,221,purchase,2026-03-06T13:32:38Z
323,1456,purchase,2026-03-06T13:42:38Z
323,703,search,2026-03-06T14:30:38Z
323,1412,add_to_cart,2026-03-06T15:25:38Z
323,676,checkout,2026-03-06T16:10:38Z
323,201,remove_cart,2026-03-06T16:39:38Z
323,1499,wishlist,2026-03-06T16:43:38Z
323,757,purchase,2026-03-06T16:47:38Z
323,932,remove_cart,2026-03-06T17:20:38Z
323,138,view,2026-03-06T17:50:38Z
323,816,add_to_cart,2026-03-06T18:35:38Z
323,582,wishlist,2026-03-06T18:45:38Z
323,1110,search,2026-03-06T19:36:38Z
323,729,click,2026-03-06T20:09:38Z
323,1482,add_to_cart,2026-03-06T21:01:38Z
323,1030,purchase,2026-03-06T21:34:38Z
323,9,add_to_cart,2026-03-06T22:33:38Z
323,248,click,2026-03-06T22:54:38Z
323,957,search,2026-03-06T23:32:38Z
323,848,checkout,2026-03-07T00:04:38Z
323,183,search,2026-03-07T00:41:38Z
323,1487,purchase,2026-03-07T01:07:38Z
324,848,view,2026-02-26T16:51:38Z
324,710,wishlist,2026-02-26T17:45:38Z
324,1041,view,2026-02-26T17:54:38Z
324,342,click,2026-02-26T18:52:38Z
324,1441,add_to_cart,2026-02-26T19:01:38Z
324,1163,remove_cart,2026-02-26T19:08:38Z
324,551,wishlist,2026-02-26T19:51:38Z
324,269,view,2026-02-26T20:48:38Z
324,540,search,2026-02-26T21:24:38Z
324,1375,search,2026-02-26T21:37:38Z
324,656,search,2026-02-26T22:25:38Z
324,839,checkout,2026-02-26T22:56:38Z
324,1479,remove_cart,2026-02-26T23:01:38Z
324,1111,purchase,2026-02-27T00:00:38Z
324,1281,remove_cart,2026-02-27T00:22:38Z
324,70,wishlist,2026-02-27T00:24:38Z
324,753,click,2026-02-27T01:09:38Z
324,820,wishlist,2026-02-27T01:56:38Z
324,385,checkout,2026-02-27T02:29:38Z
324,1156,add_to_cart,2026-02-27T02:43:38Z
324,1211,wishlist,2026-02-27T03:43:38Z
324,32,purchase,2026-02-27T04:08:38Z
324,584,click,2026-02-27T04:46:38Z
324,1305,click,2026-02-27T04:56:38Z
324,851,checkout,2026-02-27T04:58:38Z
325,471,view,2026-04-06T17:05:38Z
325,71,wishlist,2026-04-06T17:32:38Z
325,1088,view,2026-04-06T18:18:38Z
325,1096,click,2026-04-06T18:50:38Z
325,898,add_to_cart,2026-04-06T18:53:38Z
325,1370,add_to_cart,2026-04-06T18:54:38Z
325,458,add_to_cart,2026-04-06T18:56:38Z
325,1125,purchase,2026-04-06T19:32:38Z
325,324,click,2026-04-06T19:37:38Z
325,1184,view,2026-04-06T20:26:38Z
325,977,remove_cart,2026-04-06T20:52:38Z
325,908,remove_cart,2026-04-06T21:07:38Z
325,409,add_to_cart,2026-04-06T21:09:38Z
325,605,checkout,2026-04-06T21:24:38Z
325,459,search,2026-04-06T21:57:38Z
325,862,remove_cart,2026-04-06T22:21:38Z
325,943,checkout,2026-04-06T22:22:38Z
325,1289,click,2026-04-06T23:00:38Z
325,831,view,2026-04-06T23:23:38Z
325,588,wishlist,2026-04-06T23:55:38Z
325,836,purchase,2026-04-07T00:33:38Z
325,70,checkout,2026-04-07T01:04:38Z
325,801,wishlist,2026-04-07T01:21:38Z
325,1231,checkout,2026-04-07T01:34:38Z
325,804,purchase,2026-04-07T01:39:38Z
325,1223,search,2026-04-07T02:26:38Z
325,700,view,2026-04-07T03:04:38Z
325,1126,search,2026-04-07T03:32:38Z
325,494,checkout,2026-04-07T04:20:38Z
325,725,view,2026-04-07T05:09:38Z
325,256,remove_cart,2026-04-07T05:44:38Z
325,330,view,2026-04-07T06:39:38Z
325,194,wishlist,2026-04-07T06:53:38Z
325,361,add_to_cart,2026-04-07T07:31:38Z
325,860,remove_cart,2026-04-07T08:25:38Z
325,558,add_to_cart,2026-04-07T08:46:38Z
325,1042,checkout,2026-04-07T09:36:38Z
325,67,view,2026-04-07T10:20:38Z
325,106,wishlist,2026-04-07T10:54:38Z
325,186,search,2026-04-07T10:55:38Z
325,251,search,2026-04-07T11:20:38Z
325,957,wishlist,2026-04-07T11:59:38Z
325,53,view,2026-04-07T12:02:38Z
325,1188,click,2026-04-07T13:01:38Z
326,430,view,2026-04-12T16:51:38Z
326,1038,click,2026-04-12T17:25:38Z
326,528,add_to_cart,2026-04-12T17:46:38Z
326,904,checkout,2026-04-12T18:12:38Z
326,1453,purchase,2026-04-12T19:11:38Z
326,633,purchase,2026-04-12T19:52:38Z
326,500,checkout,2026-04-12T20:11:38Z
326,1173,remove_cart,2026-04-12T21:00:38Z
326,1176,purchase,2026-04-12T21:53:38Z
326,1238,view,2026-04-12T22:29:38Z
326,432,search,2026-04-12T22:36:38Z
326,1088,click,2026-04-12T23:13:38Z
326,775,wishlist,2026-04-12T23:50:38Z
326,1073,checkout,2026-04-12T23:55:38Z
326,224,purchase,2026-04-13T00:05:38Z
326,718,purchase,2026-04-13T00:06:38Z
326,1353,search,2026-04-13T00:15:38Z
326,1454,search,2026-04-13T00:57:38Z
326,1291,add_to_cart,2026-04-13T01:20:38Z
326,178,click,2026-04-13T01:27:38Z
326,724,view,2026-04-13T01:40:38Z
326,30,search,2026-04-13T02:36:38Z
326,1356,search,2026-04-13T02:47:38Z
326,372,search,2026-04-13T02:52:38Z
326,919,wishlist,2026-04-13T03:29:38Z
326,1400,view,2026-04-13T04:16:38Z
326,286,purchase,2026-04-13T05:05:38Z
326,1111,purchase,2026-04-13T05:41:38Z
326,858,checkout,2026-04-13T06:25:38Z
326,882,checkout,2026-04-13T06:50:38Z
326,794,view,2026-04-13T07:31:38Z
326,1491,add_to_cart,2026-04-13T08:25:38Z
326,146,wishlist,2026-04-13T09:23:38Z
326,635,purchase,2026-04-13T10:13:38Z
326,436,view,2026-04-13T10:55:38Z
326,447,checkout,2026-04-13T11:31:38Z
326,595,checkout,2026-04-13T11:50:38Z
326,1082,purchase,2026-04-13T11:52:38Z
326,403,click,2026-04-13T12:25:38Z
326,330,remove_cart,2026-04-13T12:41:38Z
326,1277,purchase,2026-04-13T13:22:38Z
326,18,checkout,2026-04-13T14:08:38Z
326,783,add_to_cart,2026-04-13T14:33:38Z
326,342,purchase,2026-04-13T15:06:38Z
326,251,view,2026-04-13T15:37:38Z
326,633,wishlist,2026-04-13T16:37:38Z
326,668,click,2026-04-13T17:13:38Z
326,458,click,2026-04-13T17:28:38Z
326,963,click,2026-04-13T17:33:38Z
326,699,remove_cart,2026-04-13T17:37:38Z
326,920,checkout,2026-04-13T18:31:38Z
326,927,remove_cart,2026-04-13T19:25:38Z
326,1215,checkout,2026-04-13T19:30:38Z
326,1362,add_to_cart,2026-04-13T20:16:38Z
326,69,add_to_cart,2026-04-13T21:05:38Z
326,320,purchase,2026-04-13T21:09:38Z
326,897,checkout,2026-04-13T21:30:38Z
326,733,search,2026-04-13T21:33:38Z
326,1392,add_to_cart,2026-04-13T21:49:38Z
326,856,view,2026-04-13T22:03:38Z
326,897,view,2026-04-13T22:28:38Z
326,988,checkout,2026-04-13T23:02:38Z
327,1223,search,2026-02-02T16:40:38Z
327,1357,view,2026-02-02T17:11:38Z
327,359,click,2026-02-02T18:11:38Z
327,700,remove_cart,2026-02-02T18:32:38Z
327,388,checkout,2026-02-02T18:37:38Z
327,1181,remove_cart,2026-02-02T18:56:38Z
327,530,remove_cart,2026-02-02T19:27:38Z
327,1423,wishlist,2026-02-02T19:34:38Z
327,469,search,2026-02-02T19:55:38Z
327,364,checkout,2026-02-02T20:18:38Z
327,1473,wishlist,2026-02-02T20:47:38Z
327,609,search,2026-02-02T21:39:38Z
327,662,add_to_cart,2026-02-02T22:34:38Z
327,859,add_to_cart,2026-02-02T23:21:38Z
327,231,view,2026-02-03T00:07:38Z
327,211,wishlist,2026-02-03T00:14:38Z
327,887,click,2026-02-03T00:35:38Z
327,512,checkout,2026-02-03T01:33:38Z
327,706,purchase,2026-02-03T02:08:38Z
327,942,click,2026-02-03T02:29:38Z
327,862,remove_cart,2026-02-03T02:48:38Z
327,1330,checkout,2026-02-03T02:51:38Z
327,1354,wishlist,2026-02-03T02:55:38Z
327,1090,remove_cart,2026-02-03T03:44:38Z
327,1116,view,2026-02-03T04:23:38Z
327,430,purchase,2026-02-03T04:56:38Z
327,1194,click,2026-02-03T05:52:38Z
328,1439,view,2026-03-17T16:43:38Z
328,364,click,2026-03-17T16:47:38Z
328,994,add_to_cart,2026-03-17T17:36:38Z
328,1043,remove_cart,2026-03-17T17:57:38Z
328,106,view,2026-03-17T18:25:38Z
328,1282,purchase,2026-03-17T19:24:38Z
328,705,search,2026-03-17T20:12:38Z
328,1410,remove_cart,2026-03-17T20:25:38Z
328,424,purchase,2026-03-17T21:20:38Z
328,616,add_to_cart,2026-03-17T21:36:38Z
328,572,wishlist,2026-03-17T21:45:38Z
328,110,wishlist,2026-03-17T22:14:38Z
328,649,wishlist,2026-03-17T22:19:38Z
328,964,wishlist,2026-03-17T23:06:38Z
328,394,add_to_cart,2026-03-17T23:32:38Z
328,1311,view,2026-03-18T00:25:38Z
328,341,purchase,2026-03-18T01:17:38Z
328,298,search,2026-03-18T02:01:38Z
328,774,checkout,2026-03-18T02:07:38Z
328,1076,click,2026-03-18T02:50:38Z
328,330,remove_cart,2026-03-18T03:40:38Z
328,948,remove_cart,2026-03-18T04:18:38Z
328,856,search,2026-03-18T04:49:38Z
328,442,add_to_cart,2026-03-18T05:47:38Z
328,429,checkout,2026-03-18T05:49:38Z
328,572,wishlist,2026-03-18T06:31:38Z
328,910,checkout,2026-03-18T07:07:38Z
328,1079,add_to_cart,2026-03-18T07:34:38Z
328,388,click,2026-03-18T08:11:38Z
328,1251,click,2026-03-18T09:02:38Z
328,1483,add_to_cart,2026-03-18T09:14:38Z
328,1460,search,2026-03-18T09:20:38Z
328,1438,add_to_cart,2026-03-18T10:20:38Z
328,1046,purchase,2026-03-18T10:29:38Z
329,803,view,2026-01-20T17:18:38Z
329,714,click,2026-01-20T17:30:38Z
329,1404,add_to_cart,2026-01-20T17:46:38Z
329,514,checkout,2026-01-20T18:24:38Z
329,1500,purchase,2026-01-20T19:20:38Z
329,1028,click,2026-01-20T20:19:38Z
329,700,wishlist,2026-01-20T20:37:38Z
329,132,wishlist,2026-01-20T20:55:38Z
329,1104,add_to_cart,2026-01-20T21:16:38Z
329,536,purchase,2026-01-20T21:22:38Z
329,476,view,2026-01-20T21:26:38Z
329,461,wishlist,2026-01-20T21:52:38Z
329,325,view,2026-01-20T22:05:38Z
329,973,add_to_cart,2026-01-20T22:33:38Z
329,1368,purchase,2026-01-20T22:54:38Z
329,1255,search,2026-01-20T23:50:38Z
329,915,view,2026-01-21T00:10:38Z
329,908,remove_cart,2026-01-21T00:34:38Z
329,1032,click,2026-01-21T01:02:38Z
329,286,remove_cart,2026-01-21T01:44:38Z
329,303,click,2026-01-21T01:57:38Z
329,1075,wishlist,2026-01-21T02:01:38Z
329,1106,remove_cart,2026-01-21T02:13:38Z
329,1099,remove_cart,2026-01-21T03:12:38Z
329,599,wishlist,2026-01-21T03:37:38Z
329,898,purchase,2026-01-21T03:57:38Z
329,1404,remove_cart,2026-01-21T04:01:38Z
329,42,add_to_cart,2026-01-21T04:15:38Z
329,741,add_to_cart,2026-01-21T05:10:38Z
329,1067,checkout,2026-01-21T05:22:38Z
329,957,search,2026-01-21T05:48:38Z
329,429,purchase,2026-01-21T06:14:38Z
329,415,click,2026-01-21T06:40:38Z
329,1135,purchase,2026-01-21T06:42:38Z
329,86,search,2026-01-21T07:07:38Z
329,323,click,2026-01-21T07:38:38Z
329,312,remove_cart,2026-01-21T08:36:38Z
329,425,view,2026-01-21T08:52:38Z
329,1247,remove_cart,2026-01-21T09:12:38Z
329,582,view,2026-01-21T09:45:38Z
329,1170,checkout,2026-01-21T10:04:38Z
329,185,click,2026-01-21T10:45:38Z
329,491,remove_cart,2026-01-21T11:37:38Z
329,1336,search,2026-01-21T12:32:38Z
329,1393,purchase,2026-01-21T13:27:38Z
329,195,view,2026-01-21T13:42:38Z
329,1413,view,2026-01-21T14:28:38Z
329,844,click,2026-01-21T14:53:38Z
329,769,purchase,2026-01-21T15:43:38Z
329,295,remove_cart,2026-01-21T15:55:38Z
329,652,search,2026-01-21T16:19:38Z
329,595,search,2026-01-21T16:24:38Z
329,1302,view,2026-01-21T16:59:38Z
329,1261,wishlist,2026-01-21T17:29:38Z
329,334,remove_cart,2026-01-21T17:39:38Z
329,214,wishlist,2026-01-21T17:44:38Z
329,640,view,2026-01-21T18:17:38Z
329,75,remove_cart,2026-01-21T18:23:38Z
329,850,remove_cart,2026-01-21T19:10:38Z
329,1352,view,2026-01-21T19:58:38Z
329,798,view,2026-01-21T20:10:38Z
329,858,view,2026-01-21T20:29:38Z
329,213,view,2026-01-21T21:10:38Z
329,1255,checkout,2026-01-21T21:27:38Z
329,1047,wishlist,2026-01-21T21:40:38Z
329,1473,click,2026-01-21T22:39:38Z
329,275,remove_cart,2026-01-21T23:37:38Z
329,149,search,2026-01-21T23:55:38Z
330,1007,view,2026-02-25T17:03:38Z
330,1115,click,2026-02-25T17:38:38Z
330,655,add_to_cart,2026-02-25T17:57:38Z
330,453,remove_cart,2026-02-25T18:28:38Z
330,303,view,2026-02-25T19:23:38Z
330,716,click,2026-02-25T19:51:38Z
330,364,view,2026-02-25T20:47:38Z
330,434,search,2026-02-25T20:57:38Z
330,545,purchase,2026-02-25T21:20:38Z
330,29,search,2026-02-25T22:15:38Z
330,139,checkout,2026-02-25T22:20:38Z
330,951,view,2026-02-25T23:04:38Z
330,1057,add_to_cart,2026-02-25T23:44:38Z
330,346,wishlist,2026-02-25T23:46:38Z
330,1350,purchase,2026-02-26T00:29:38Z
330,1309,view,2026-02-26T00:52:38Z
330,872,view,2026-02-26T01:46:38Z
330,194,remove_cart,2026-02-26T02:15:38Z
330,696,search,2026-02-26T02:50:38Z
330,456,purchase,2026-02-26T03:50:38Z
330,250,purchase,2026-02-26T04:40:38Z
331,1178,view,2026-04-09T16:52:38Z
331,649,wishlist,2026-04-09T17:41:38Z
331,524,view,2026-04-09T18:04:38Z
331,136,click,2026-04-09T18:52:38Z
331,1153,add_to_cart,2026-04-09T19:03:38Z
331,1186,add_to_cart,2026-04-09T19:22:38Z
331,12,add_to_cart,2026-04-09T19:33:38Z
331,1376,add_to_cart,2026-04-09T20:06:38Z
331,1339,click,2026-04-09T20:29:38Z
331,1043,add_to_cart,2026-04-09T20:33:38Z
331,227,wishlist,2026-04-09T20:42:38Z
331,804,checkout,2026-04-09T21:38:38Z
331,324,view,2026-04-09T21:46:38Z
331,881,remove_cart,2026-04-09T22:25:38Z
331,94,add_to_cart,2026-04-09T22:47:38Z
331,117,wishlist,2026-04-09T23:36:38Z
331,467,checkout,2026-04-10T00:24:38Z
331,1230,add_to_cart,2026-04-10T00:42:38Z
331,1231,click,2026-04-10T00:57:38Z
331,111,search,2026-04-10T01:13:38Z
331,1410,purchase,2026-04-10T02:06:38Z
331,94,add_to_cart,2026-04-10T02:30:38Z
331,514,add_to_cart,2026-04-10T03:02:38Z
331,312,remove_cart,2026-04-10T03:55:38Z
331,472,purchase,2026-04-10T04:31:38Z
331,97,search,2026-04-10T04:50:38Z
331,1316,purchase,2026-04-10T05:21:38Z
331,527,remove_cart,2026-04-10T05:44:38Z
331,1197,purchase,2026-04-10T06:23:38Z
331,1498,search,2026-04-10T06:33:38Z
331,1075,wishlist,2026-04-10T07:21:38Z
331,461,view,2026-04-10T07:34:38Z
331,842,view,2026-04-10T08:08:38Z
331,197,search,2026-04-10T09:01:38Z
331,843,search,2026-04-10T09:37:38Z
331,263,purchase,2026-04-10T10:31:38Z
331,654,view,2026-04-10T11:04:38Z
331,118,view,2026-04-10T11:26:38Z
331,1375,search,2026-04-10T12:26:38Z
331,217,checkout,2026-04-10T13:09:38Z
331,57,wishlist,2026-04-10T13:47:38Z
331,1141,wishlist,2026-04-10T13:55:38Z
331,433,add_to_cart,2026-04-10T14:54:38Z
331,349,checkout,2026-04-10T15:26:38Z
331,1259,click,2026-04-10T15:30:38Z
331,519,view,2026-04-10T16:01:38Z
331,964,search,2026-04-10T16:18:38Z
331,220,purchase,2026-04-10T16:55:38Z
331,256,click,2026-04-10T17:26:38Z
331,1463,checkout,2026-04-10T17:43:38Z
331,411,view,2026-04-10T17:45:38Z
332,1082,view,2026-03-18T16:48:38Z
332,1033,wishlist,2026-03-18T17:32:38Z
332,568,view,2026-03-18T18:17:38Z
332,1086,click,2026-03-18T19:16:38Z
332,675,add_to_cart,2026-03-18T19:42:38Z
332,427,checkout,2026-03-18T20:31:38Z
332,570,checkout,2026-03-18T20:50:38Z
332,773,remove_cart,2026-03-18T21:16:38Z
332,277,view,2026-03-18T21:45:38Z
332,776,purchase,2026-03-18T22:11:38Z
332,599,view,2026-03-18T23:01:38Z
332,213,checkout,2026-03-18T23:18:38Z
332,1144,add_to_cart,2026-03-18T23:19:38Z
332,4,click,2026-03-18T23:54:38Z
332,1059,purchase,2026-03-19T00:22:38Z
332,1310,purchase,2026-03-19T00:55:38Z
332,272,add_to_cart,2026-03-19T01:18:38Z
332,627,search,2026-03-19T01:19:38Z
332,506,purchase,2026-03-19T01:57:38Z
332,824,wishlist,2026-03-19T02:05:38Z
332,811,view,2026-03-19T02:14:38Z
332,904,wishlist,2026-03-19T02:45:38Z
332,1413,wishlist,2026-03-19T02:54:38Z
332,1149,remove_cart,2026-03-19T03:21:38Z
332,106,search,2026-03-19T03:57:38Z
332,203,purchase,2026-03-19T04:40:38Z
332,820,remove_cart,2026-03-19T04:53:38Z
332,143,checkout,2026-03-19T05:27:38Z
332,307,checkout,2026-03-19T05:48:38Z
332,1327,search,2026-03-19T06:42:38Z
332,693,click,2026-03-19T06:58:38Z
332,790,purchase,2026-03-19T07:30:38Z
332,1249,search,2026-03-19T07:41:38Z
332,1256,purchase,2026-03-19T08:30:38Z
332,429,purchase,2026-03-19T08:31:38Z
332,1228,wishlist,2026-03-19T08:47:38Z
332,1430,wishlist,2026-03-19T08:56:38Z
332,1069,remove_cart,2026-03-19T08:59:38Z
332,371,wishlist,2026-03-19T09:12:38Z
332,485,checkout,2026-03-19T10:09:38Z
332,62,search,2026-03-19T10:55:38Z
332,521,click,2026-03-19T11:01:38Z
332,1475,checkout,2026-03-19T11:55:38Z
332,674,search,2026-03-19T12:25:38Z
332,1003,search,2026-03-19T13:12:38Z
332,1340,purchase,2026-03-19T13:56:38Z
332,949,checkout,2026-03-19T14:51:38Z
332,1206,view,2026-03-19T15:09:38Z
332,855,view,2026-03-19T15:46:38Z
332,139,checkout,2026-03-19T16:21:38Z
332,798,search,2026-03-19T16:45:38Z
332,982,wishlist,2026-03-19T17:22:38Z
332,1249,checkout,2026-03-19T17:37:38Z
332,65,remove_cart,2026-03-19T17:44:38Z
332,1408,purchase,2026-03-19T18:34:38Z
332,703,search,2026-03-19T18:36:38Z
332,823,checkout,2026-03-19T18:50:38Z
332,105,click,2026-03-19T19:50:38Z
332,225,view,2026-03-19T20:09:38Z
332,643,checkout,2026-03-19T21:06:38Z
332,1309,remove_cart,2026-03-19T21:46:38Z
332,440,search,2026-03-19T22:43:38Z
332,1462,view,2026-03-19T23:14:38Z
332,214,add_to_cart,2026-03-20T00:06:38Z
332,930,checkout,2026-03-20T00:49:38Z
333,1181,view,2026-04-11T17:22:38Z
333,207,click,2026-04-11T18:00:38Z
333,656,add_to_cart,2026-04-11T18:25:38Z
333,948,remove_cart,2026-04-11T18:58:38Z
333,475,view,2026-04-11T19:10:38Z
333,632,remove_cart,2026-04-11T19:26:38Z
333,66,click,2026-04-11T19:34:38Z
333,680,search,2026-04-11T20:09:38Z
333,1463,checkout,2026-04-11T20:45:38Z
333,227,remove_cart,2026-04-11T21:14:38Z
333,672,add_to_cart,2026-04-11T21:39:38Z
333,328,checkout,2026-04-11T22:24:38Z
333,295,click,2026-04-11T23:00:38Z
333,1005,click,2026-04-11T23:11:38Z
333,1329,wishlist,2026-04-12T00:10:38Z
333,1183,add_to_cart,2026-04-12T00:27:38Z
333,829,click,2026-04-12T01:07:38Z
333,1086,view,2026-04-12T01:48:38Z
333,1473,search,2026-04-12T01:55:38Z
333,1148,wishlist,2026-04-12T02:39:38Z
333,754,wishlist,2026-04-12T03:36:38Z
333,1461,purchase,2026-04-12T04:06:38Z
333,1447,purchase,2026-04-12T04:10:38Z
333,934,search,2026-04-12T04:24:38Z
333,254,remove_cart,2026-04-12T04:38:38Z
333,1159,wishlist,2026-04-12T05:02:38Z
333,45,remove_cart,2026-04-12T05:34:38Z
333,253,checkout,2026-04-12T06:27:38Z
333,1275,remove_cart,2026-04-12T07:16:38Z
333,1122,search,2026-04-12T07:33:38Z
333,626,click,2026-04-12T07:51:38Z
333,122,view,2026-04-12T07:52:38Z
333,911,search,2026-04-12T07:55:38Z
333,93,wishlist,2026-04-12T08:22:38Z
333,252,add_to_cart,2026-04-12T08:38:38Z
333,866,view,2026-04-12T09:25:38Z
333,83,search,2026-04-12T10:15:38Z
333,1244,checkout,2026-04-12T11:05:38Z
333,1197,checkout,2026-04-12T11:16:38Z
333,331,remove_cart,2026-04-12T11:50:38Z
333,1151,add_to_cart,2026-04-12T12:37:38Z
333,626,wishlist,2026-04-12T13:25:38Z
333,423,add_to_cart,2026-04-12T13:55:38Z
333,1206,search,2026-04-12T14:12:38Z
333,1228,checkout,2026-04-12T14:49:38Z
333,768,add_to_cart,2026-04-12T15:47:38Z
333,1315,click,2026-04-12T16:39:38Z
333,400,checkout,2026-04-12T17:24:38Z
333,1293,remove_cart,2026-04-12T17:51:38Z
333,913,wishlist,2026-04-12T18:09:38Z
333,946,wishlist,2026-04-12T18:42:38Z
333,992,purchase,2026-04-12T19:25:38Z
333,123,click,2026-04-12T20:24:38Z
333,1203,wishlist,2026-04-12T20:37:38Z
333,1327,add_to_cart,2026-04-12T21:00:38Z
333,881,view,2026-04-12T21:51:38Z
333,247,checkout,2026-04-12T22:21:38Z
333,1464,wishlist,2026-04-12T22:34:38Z
333,1301,remove_cart,2026-04-12T22:35:38Z
333,593,click,2026-04-12T23:06:38Z
333,42,purchase,2026-04-12T23:51:38Z
333,324,search,2026-04-12T23:55:38Z
333,121,wishlist,2026-04-13T00:20:38Z
333,248,view,2026-04-13T00:39:38Z
333,204,purchase,2026-04-13T01:37:38Z
333,813,remove_cart,2026-04-13T02:21:38Z
333,722,checkout,2026-04-13T02:51:38Z
333,2,add_to_cart,2026-04-13T03:22:38Z
333,319,checkout,2026-04-13T03:30:38Z
333,1448,checkout,2026-04-13T04:07:38Z
333,900,checkout,2026-04-13T04:14:38Z
334,841,view,2026-03-23T16:23:38Z
334,606,wishlist,2026-03-23T17:19:38Z
334,1427,view,2026-03-23T17:31:38Z
334,323,click,2026-03-23T18:01:38Z
334,1476,add_to_cart,2026-03-23T18:38:38Z
334,603,view,2026-03-23T19:23:38Z
334,1122,purchase,2026-03-23T19:56:38Z
334,1474,click,2026-03-23T20:28:38Z
334,815,remove_cart,2026-03-23T20:58:38Z
334,344,add_to_cart,2026-03-23T21:58:38Z
334,295,checkout,2026-03-23T22:01:38Z
334,505,wishlist,2026-03-23T22:21:38Z
334,1312,click,2026-03-23T22:47:38Z
334,137,purchase,2026-03-23T23:24:38Z
334,633,wishlist,2026-03-23T23:57:38Z
334,989,remove_cart,2026-03-24T00:15:38Z
334,858,add_to_cart,2026-03-24T00:37:38Z
334,580,view,2026-03-24T01:30:38Z
334,958,remove_cart,2026-03-24T02:22:38Z
334,92,add_to_cart,2026-03-24T03:04:38Z
334,1271,purchase,2026-03-24T03:32:38Z
334,1421,view,2026-03-24T03:58:38Z
334,1455,click,2026-03-24T04:19:38Z
334,1359,wishlist,2026-03-24T04:22:38Z
334,133,add_to_cart,2026-03-24T04:48:38Z
334,61,purchase,2026-03-24T05:05:38Z
334,192,checkout,2026-03-24T05:20:38Z
334,1377,add_to_cart,2026-03-24T05:30:38Z
334,1459,view,2026-03-24T06:23:38Z
334,900,remove_cart,2026-03-24T06:48:38Z
334,662,remove_cart,2026-03-24T07:14:38Z
334,9,search,2026-03-24T07:56:38Z
334,1301,wishlist,2026-03-24T08:11:38Z
334,322,add_to_cart,2026-03-24T08:29:38Z
334,844,click,2026-03-24T09:14:38Z
334,686,search,2026-03-24T09:29:38Z
334,342,purchase,2026-03-24T10:14:38Z
334,151,remove_cart,2026-03-24T11:13:38Z
334,1364,checkout,2026-03-24T11:49:38Z
334,1135,view,2026-03-24T12:13:38Z
334,1064,click,2026-03-24T12:29:38Z
334,928,view,2026-03-24T12:51:38Z
334,238,purchase,2026-03-24T13:03:38Z
334,909,purchase,2026-03-24T13:28:38Z
334,731,remove_cart,2026-03-24T13:47:38Z
334,763,wishlist,2026-03-24T14:41:38Z
334,226,add_to_cart,2026-03-24T15:08:38Z
335,23,view,2026-04-04T16:51:38Z
335,713,click,2026-04-04T17:39:38Z
335,749,add_to_cart,2026-04-04T18:22:38Z
335,18,checkout,2026-04-04T18:54:38Z
335,321,purchase,2026-04-04T19:18:38Z
335,1152,wishlist,2026-04-04T19:21:38Z
335,1010,remove_cart,2026-04-04T19:56:38Z
335,190,search,2026-04-04T20:15:38Z
335,392,add_to_cart,2026-04-04T21:05:38Z
335,1380,wishlist,2026-04-04T22:05:38Z
335,355,remove_cart,2026-04-04T22:47:38Z
335,814,wishlist,2026-04-04T23:23:38Z
335,818,add_to_cart,2026-04-05T00:19:38Z
335,883,purchase,2026-04-05T00:40:38Z
335,785,view,2026-04-05T00:43:38Z
335,1363,add_to_cart,2026-04-05T01:05:38Z
335,750,wishlist,2026-04-05T01:10:38Z
335,1203,click,2026-04-05T01:41:38Z
335,744,checkout,2026-04-05T02:26:38Z
335,1199,click,2026-04-05T03:22:38Z
335,1067,purchase,2026-04-05T03:53:38Z
335,686,search,2026-04-05T04:31:38Z
335,354,purchase,2026-04-05T04:36:38Z
335,406,checkout,2026-04-05T05:28:38Z
335,515,search,2026-04-05T06:17:38Z
335,1324,wishlist,2026-04-05T06:51:38Z
335,136,view,2026-04-05T07:34:38Z
335,1409,checkout,2026-04-05T08:02:38Z
335,405,add_to_cart,2026-04-05T08:10:38Z
335,183,search,2026-04-05T08:37:38Z
335,1400,remove_cart,2026-04-05T08:55:38Z
335,656,remove_cart,2026-04-05T09:00:38Z
335,884,add_to_cart,2026-04-05T09:45:38Z
335,310,wishlist,2026-04-05T10:01:38Z
335,1383,add_to_cart,2026-04-05T10:10:38Z
335,921,search,2026-04-05T11:08:38Z
335,1386,view,2026-04-05T11:56:38Z
335,220,click,2026-04-05T11:57:38Z
335,1416,search,2026-04-05T12:31:38Z
335,1194,click,2026-04-05T12:42:38Z
336,1144,view,2026-02-22T17:02:38Z
336,559,click,2026-02-22T17:37:38Z
336,1138,add_to_cart,2026-02-22T17:40:38Z
336,1349,checkout,2026-02-22T18:19:38Z
336,505,purchase,2026-02-22T18:36:38Z
336,619,checkout,2026-02-22T19:26:38Z
336,279,click,2026-02-22T20:18:38Z
336,226,remove_cart,2026-02-22T20:51:38Z
336,1232,checkout,2026-02-22T21:40:38Z
336,1491,purchase,2026-02-22T21:41:38Z
336,38,view,2026-02-22T22:15:38Z
336,1110,wishlist,2026-02-22T22:48:38Z
336,1341,view,2026-02-22T23:10:38Z
336,248,view,2026-02-22T23:45:38Z
336,395,search,2026-02-22T23:47:38Z
336,1459,purchase,2026-02-23T00:06:38Z
336,69,view,2026-02-23T00:28:38Z
336,1479,click,2026-02-23T01:13:38Z
336,772,view,2026-02-23T01:35:38Z
336,1314,purchase,2026-02-23T01:57:38Z
336,1212,remove_cart,2026-02-23T02:49:38Z
336,378,view,2026-02-23T03:30:38Z
336,484,click,2026-02-23T04:20:38Z
336,842,click,2026-02-23T04:27:38Z
336,622,remove_cart,2026-02-23T05:04:38Z
336,281,remove_cart,2026-02-23T05:06:38Z
336,596,click,2026-02-23T05:17:38Z
336,865,remove_cart,2026-02-23T05:46:38Z
336,1036,search,2026-02-23T05:56:38Z
336,1446,click,2026-02-23T06:06:38Z
336,1073,wishlist,2026-02-23T06:43:38Z
336,326,purchase,2026-02-23T07:09:38Z
336,548,view,2026-02-23T07:39:38Z
336,1414,search,2026-02-23T08:17:38Z
336,154,wishlist,2026-02-23T08:56:38Z
336,10,add_to_cart,2026-02-23T09:21:38Z
336,502,add_to_cart,2026-02-23T09:22:38Z
336,1483,purchase,2026-02-23T09:28:38Z
336,887,search,2026-02-23T10:16:38Z
336,1407,wishlist,2026-02-23T10:43:38Z
336,1466,wishlist,2026-02-23T11:15:38Z
336,860,click,2026-02-23T12:04:38Z
336,1006,remove_cart,2026-02-23T12:27:38Z
336,47,click,2026-02-23T12:41:38Z
336,1278,search,2026-02-23T13:18:38Z
336,118,wishlist,2026-02-23T14:13:38Z
336,1027,search,2026-02-23T14:29:38Z
336,1330,remove_cart,2026-02-23T14:48:38Z
336,555,click,2026-02-23T15:14:38Z
336,1083,wishlist,2026-02-23T15:17:38Z
336,1483,remove_cart,2026-02-23T15:27:38Z
336,267,wishlist,2026-02-23T15:40:38Z
336,464,add_to_cart,2026-02-23T16:35:38Z
336,303,view,2026-02-23T17:06:38Z
336,1490,search,2026-02-23T18:04:38Z
336,522,checkout,2026-02-23T18:29:38Z
336,382,click,2026-02-23T19:28:38Z
336,446,remove_cart,2026-02-23T19:35:38Z
336,744,wishlist,2026-02-23T20:28:38Z
336,657,checkout,2026-02-23T20:45:38Z
336,1033,remove_cart,2026-02-23T20:53:38Z
336,662,view,2026-02-23T21:38:38Z
336,503,purchase,2026-02-23T22:15:38Z
336,75,search,2026-02-23T23:12:38Z
336,556,purchase,2026-02-23T23:36:38Z
336,289,search,2026-02-24T00:30:38Z
337,1087,view,2026-01-28T16:55:38Z
337,1157,click,2026-01-28T17:18:38Z
337,1045,add_to_cart,2026-01-28T17:53:38Z
337,1208,remove_cart,2026-01-28T18:01:38Z
337,32,view,2026-01-28T18:13:38Z
337,785,remove_cart,2026-01-28T18:53:38Z
337,1256,wishlist,2026-01-28T19:18:38Z
337,759,purchase,2026-01-28T19:30:38Z
337,291,remove_cart,2026-01-28T20:22:38Z
337,1410,checkout,2026-01-28T20:50:38Z
337,492,add_to_cart,2026-01-28T20:59:38Z
337,484,remove_cart,2026-01-28T21:34:38Z
337,357,click,2026-01-28T22:26:38Z
337,473,checkout,2026-01-28T22:48:38Z
337,1091,search,2026-01-28T22:56:38Z
337,1244,purchase,2026-01-28T23:36:38Z
337,1301,wishlist,2026-01-28T23:58:38Z
337,1149,checkout,2026-01-29T00:52:38Z
337,275,view,2026-01-29T01:03:38Z
337,931,view,2026-01-29T01:09:38Z
337,1389,checkout,2026-01-29T01:15:38Z
337,267,view,2026-01-29T01:42:38Z
337,37,search,2026-01-29T02:06:38Z
337,792,add_to_cart,2026-01-29T02:54:38Z
337,932,search,2026-01-29T03:12:38Z
337,748,purchase,2026-01-29T04:02:38Z
337,196,purchase,2026-01-29T04:20:38Z
337,506,search,2026-01-29T05:05:38Z
337,445,click,2026-01-29T05:07:38Z
337,1435,add_to_cart,2026-01-29T05:23:38Z
337,1083,click,2026-01-29T06:16:38Z
337,1358,remove_cart,2026-01-29T07:10:38Z
337,1174,remove_cart,2026-01-29T07:40:38Z
337,870,view,2026-01-29T08:37:38Z
337,997,remove_cart,2026-01-29T09:18:38Z
337,988,search,2026-01-29T09:49:38Z
337,106,add_to_cart,2026-01-29T10:38:38Z
337,1356,click,2026-01-29T10:44:38Z
337,4,view,2026-01-29T11:03:38Z
337,513,purchase,2026-01-29T11:36:38Z
337,960,purchase,2026-01-29T12:24:38Z
337,37,add_to_cart,2026-01-29T12:50:38Z
337,1119,click,2026-01-29T13:32:38Z
337,1458,checkout,2026-01-29T14:03:38Z
337,1272,checkout,2026-01-29T14:54:38Z
337,455,wishlist,2026-01-29T15:36:38Z
337,579,purchase,2026-01-29T16:32:38Z
337,665,add_to_cart,2026-01-29T16:41:38Z
337,463,purchase,2026-01-29T17:19:38Z
337,541,add_to_cart,2026-01-29T17:28:38Z
337,1009,add_to_cart,2026-01-29T17:52:38Z
337,372,checkout,2026-01-29T18:21:38Z
337,517,checkout,2026-01-29T18:51:38Z
337,1382,wishlist,2026-01-29T19:20:38Z
337,338,wishlist,2026-01-29T19:24:38Z
337,1068,click,2026-01-29T20:07:38Z
337,191,wishlist,2026-01-29T20:19:38Z
337,578,click,2026-01-29T21:19:38Z
337,72,search,2026-01-29T21:47:38Z
337,776,purchase,2026-01-29T22:33:38Z
337,472,purchase,2026-01-29T23:07:38Z
337,1095,remove_cart,2026-01-29T23:53:38Z
337,1036,checkout,2026-01-30T00:28:38Z
338,33,search,2026-03-12T17:14:38Z
338,1367,view,2026-03-12T18:03:38Z
338,947,click,2026-03-12T18:22:38Z
338,1410,wishlist,2026-03-12T19:20:38Z
338,1359,purchase,2026-03-12T19:44:38Z
338,973,search,2026-03-12T20:13:38Z
338,786,view,2026-03-12T21:10:38Z
338,1208,purchase,2026-03-12T21:54:38Z
338,698,add_to_cart,2026-03-12T22:28:38Z
338,1322,purchase,2026-03-12T22:37:38Z
338,650,view,2026-03-12T22:47:38Z
338,167,search,2026-03-12T23:14:38Z
338,1363,remove_cart,2026-03-13T00:00:38Z
338,594,checkout,2026-03-13T00:38:38Z
338,912,remove_cart,2026-03-13T01:26:38Z
338,1361,checkout,2026-03-13T02:00:38Z
338,1167,click,2026-03-13T02:34:38Z
338,1470,remove_cart,2026-03-13T02:48:38Z
338,161,remove_cart,2026-03-13T03:36:38Z
338,1176,purchase,2026-03-13T04:32:38Z
338,1472,wishlist,2026-03-13T05:12:38Z
338,1306,search,2026-03-13T06:02:38Z
338,1200,wishlist,2026-03-13T06:53:38Z
338,133,add_to_cart,2026-03-13T07:39:38Z
338,1148,click,2026-03-13T08:25:38Z
338,898,wishlist,2026-03-13T09:13:38Z
338,1296,add_to_cart,2026-03-13T09:28:38Z
338,106,wishlist,2026-03-13T10:09:38Z
338,576,click,2026-03-13T10:49:38Z
338,1013,checkout,2026-03-13T11:03:38Z
338,866,checkout,2026-03-13T11:40:38Z
338,1382,add_to_cart,2026-03-13T12:06:38Z
338,1195,purchase,2026-03-13T12:39:38Z
338,724,remove_cart,2026-03-13T13:36:38Z
338,1153,search,2026-03-13T14:26:38Z
338,952,checkout,2026-03-13T15:10:38Z
338,981,click,2026-03-13T15:56:38Z
338,277,add_to_cart,2026-03-13T16:48:38Z
338,1127,view,2026-03-13T16:51:38Z
338,62,click,2026-03-13T16:53:38Z
338,524,click,2026-03-13T17:41:38Z
338,836,add_to_cart,2026-03-13T18:14:38Z
338,119,remove_cart,2026-03-13T18:53:38Z
338,655,remove_cart,2026-03-13T19:05:38Z
338,1001,click,2026-03-13T19:26:38Z
338,697,wishlist,2026-03-13T20:04:38Z
338,1194,click,2026-03-13T20:21:38Z
338,1433,view,2026-03-13T20:58:38Z
338,202,remove_cart,2026-03-13T21:27:38Z
338,1048,view,2026-03-13T22:10:38Z
338,1461,view,2026-03-13T22:11:38Z
338,724,search,2026-03-13T22:52:38Z
338,376,checkout,2026-03-13T23:50:38Z
338,1350,search,2026-03-14T00:01:38Z
338,1380,add_to_cart,2026-03-14T00:32:38Z
338,1476,search,2026-03-14T01:29:38Z
338,716,remove_cart,2026-03-14T01:57:38Z
338,610,add_to_cart,2026-03-14T02:37:38Z
338,92,purchase,2026-03-14T03:32:38Z
338,936,wishlist,2026-03-14T03:40:38Z
338,952,click,2026-03-14T04:18:38Z
338,680,add_to_cart,2026-03-14T05:06:38Z
338,1337,click,2026-03-14T05:18:38Z
338,525,purchase,2026-03-14T06:14:38Z
338,482,purchase,2026-03-14T07:03:38Z
338,885,wishlist,2026-03-14T07:18:38Z
338,1384,checkout,2026-03-14T07:42:38Z
338,992,checkout,2026-03-14T08:26:38Z
338,436,checkout,2026-03-14T08:55:38Z
338,1480,search,2026-03-14T09:53:38Z
338,686,add_to_cart,2026-03-14T10:18:38Z
338,99,checkout,2026-03-14T10:39:38Z
338,143,purchase,2026-03-14T11:22:38Z
338,1452,view,2026-03-14T11:42:38Z
338,189,checkout,2026-03-14T12:21:38Z
339,978,view,2026-04-19T17:21:38Z
339,1290,click,2026-04-19T17:26:38Z
339,1405,add_to_cart,2026-04-19T18:24:38Z
339,374,remove_cart,2026-04-19T19:05:38Z
339,1045,view,2026-04-19T20:01:38Z
339,846,view,2026-04-19T20:52:38Z
339,1181,click,2026-04-19T21:35:38Z
339,542,view,2026-04-19T22:06:38Z
339,1450,remove_cart,2026-04-19T22:32:38Z
339,1019,remove_cart,2026-04-19T23:11:38Z
339,311,search,2026-04-19T23:42:38Z
339,246,click,2026-04-20T00:12:38Z
339,472,add_to_cart,2026-04-20T00:31:38Z
339,867,wishlist,2026-04-20T00:56:38Z
339,104,purchase,2026-04-20T01:47:38Z
339,714,purchase,2026-04-20T01:57:38Z
339,1174,purchase,2026-04-20T02:22:38Z
339,296,wishlist,2026-04-20T03:08:38Z
339,1090,wishlist,2026-04-20T03:29:38Z
339,778,checkout,2026-04-20T04:16:38Z
339,656,checkout,2026-04-20T04:30:38Z
339,1148,view,2026-04-20T05:01:38Z
339,114,click,2026-04-20T05:49:38Z
339,1071,checkout,2026-04-20T06:01:38Z
339,1220,purchase,2026-04-20T06:43:38Z
339,945,search,2026-04-20T07:35:38Z
339,1487,remove_cart,2026-04-20T07:53:38Z
339,1390,remove_cart,2026-04-20T08:41:38Z
339,1393,click,2026-04-20T08:53:38Z
339,534,remove_cart,2026-04-20T08:59:38Z
339,830,purchase,2026-04-20T09:42:38Z
339,1174,purchase,2026-04-20T09:49:38Z
339,904,remove_cart,2026-04-20T10:01:38Z
339,1430,wishlist,2026-04-20T10:27:38Z
339,457,search,2026-04-20T10:44:38Z
339,653,view,2026-04-20T11:22:38Z
340,822,view,2026-01-29T16:48:38Z
340,34,wishlist,2026-01-29T17:02:38Z
340,1336,view,2026-01-29T17:06:38Z
340,412,click,2026-01-29T17:32:38Z
340,298,add_to_cart,2026-01-29T17:57:38Z
340,111,click,2026-01-29T18:48:38Z
340,159,wishlist,2026-01-29T19:32:38Z
340,116,remove_cart,2026-01-29T19:49:38Z
340,947,checkout,2026-01-29T20:22:38Z
340,616,view,2026-01-29T21:18:38Z
340,419,click,2026-01-29T21:24:38Z
340,401,wishlist,2026-01-29T22:13:38Z
340,1294,checkout,2026-01-29T23:01:38Z
340,852,purchase,2026-01-29T23:40:38Z
340,328,wishlist,2026-01-30T00:40:38Z
340,1288,checkout,2026-01-30T01:40:38Z
340,1220,add_to_cart,2026-01-30T02:29:38Z
340,1115,wishlist,2026-01-30T03:07:38Z
340,944,remove_cart,2026-01-30T03:36:38Z
340,126,checkout,2026-01-30T04:21:38Z
340,611,wishlist,2026-01-30T04:45:38Z
340,183,view,2026-01-30T05:16:38Z
340,1204,add_to_cart,2026-01-30T06:01:38Z
340,1232,remove_cart,2026-01-30T06:40:38Z
341,1442,view,2026-04-07T16:41:38Z
341,375,wishlist,2026-04-07T17:17:38Z
341,980,view,2026-04-07T18:10:38Z
341,102,click,2026-04-07T18:11:38Z
341,261,add_to_cart,2026-04-07T18:54:38Z
341,1425,purchase,2026-04-07T19:08:38Z
341,264,click,2026-04-07T19:22:38Z
341,1172,remove_cart,2026-04-07T19:55:38Z
341,537,purchase,2026-04-07T20:26:38Z
341,321,remove_cart,2026-04-07T20:28:38Z
341,890,click,2026-04-07T20:44:38Z
341,737,search,2026-04-07T20:49:38Z
341,172,checkout,2026-04-07T21:20:38Z
341,1245,add_to_cart,2026-04-07T22:08:38Z
341,545,click,2026-04-07T22:42:38Z
341,1281,add_to_cart,2026-04-07T23:27:38Z
341,1480,wishlist,2026-04-07T23:32:38Z
341,848,wishlist,2026-04-08T00:23:38Z
341,893,click,2026-04-08T00:54:38Z
341,1143,wishlist,2026-04-08T01:16:38Z
341,451,add_to_cart,2026-04-08T01:26:38Z
341,266,wishlist,2026-04-08T01:50:38Z
341,1005,wishlist,2026-04-08T02:26:38Z
341,896,view,2026-04-08T03:22:38Z
341,1366,purchase,2026-04-08T03:23:38Z
341,303,add_to_cart,2026-04-08T04:13:38Z
341,457,add_to_cart,2026-04-08T04:52:38Z
341,295,purchase,2026-04-08T05:15:38Z
341,1255,checkout,2026-04-08T05:49:38Z
341,768,checkout,2026-04-08T05:56:38Z
341,1226,purchase,2026-04-08T06:19:38Z
341,993,remove_cart,2026-04-08T06:39:38Z
341,1078,add_to_cart,2026-04-08T07:06:38Z
341,1022,search,2026-04-08T08:01:38Z
341,568,search,2026-04-08T08:28:38Z
341,70,wishlist,2026-04-08T08:49:38Z
341,310,checkout,2026-04-08T09:33:38Z
341,21,purchase,2026-04-08T09:40:38Z
341,724,click,2026-04-08T10:16:38Z
341,1119,view,2026-04-08T10:50:38Z
341,1106,view,2026-04-08T11:50:38Z
341,826,checkout,2026-04-08T12:11:38Z
341,719,search,2026-04-08T13:04:38Z
341,1388,view,2026-04-08T13:52:38Z
341,228,wishlist,2026-04-08T14:27:38Z
341,1085,view,2026-04-08T14:48:38Z
341,4,view,2026-04-08T14:55:38Z
341,1218,remove_cart,2026-04-08T15:27:38Z
341,533,checkout,2026-04-08T16:19:38Z
341,892,search,2026-04-08T16:51:38Z
341,435,click,2026-04-08T17:29:38Z
341,1495,checkout,2026-04-08T18:04:38Z
341,398,remove_cart,2026-04-08T18:29:38Z
341,1299,remove_cart,2026-04-08T19:20:38Z
341,677,search,2026-04-08T19:45:38Z
341,450,purchase,2026-04-08T20:45:38Z
341,910,purchase,2026-04-08T21:05:38Z
341,1176,checkout,2026-04-08T21:23:38Z
341,407,remove_cart,2026-04-08T21:38:38Z
341,303,checkout,2026-04-08T22:15:38Z
341,1419,add_to_cart,2026-04-08T23:06:38Z
341,349,remove_cart,2026-04-09T00:05:38Z
341,153,click,2026-04-09T00:45:38Z
341,372,wishlist,2026-04-09T00:46:38Z
341,595,purchase,2026-04-09T01:18:38Z
341,1309,purchase,2026-04-09T01:54:38Z
341,591,checkout,2026-04-09T02:10:38Z
341,662,wishlist,2026-04-09T02:14:38Z
341,1230,add_to_cart,2026-04-09T02:22:38Z
341,655,search,2026-04-09T02:23:38Z
341,970,view,2026-04-09T02:40:38Z
341,854,add_to_cart,2026-04-09T03:29:38Z
341,980,view,2026-04-09T04:09:38Z
341,1219,remove_cart,2026-04-09T04:20:38Z
341,728,click,2026-04-09T04:38:38Z
341,484,checkout,2026-04-09T05:07:38Z
341,33,remove_cart,2026-04-09T05:32:38Z
341,236,wishlist,2026-04-09T06:10:38Z
341,611,click,2026-04-09T06:39:38Z
342,748,view,2026-03-21T16:50:38Z
342,1258,click,2026-03-21T17:04:38Z
342,1323,add_to_cart,2026-03-21T17:33:38Z
342,1080,remove_cart,2026-03-21T18:07:38Z
342,1074,view,2026-03-21T18:30:38Z
342,614,checkout,2026-03-21T19:22:38Z
342,1341,wishlist,2026-03-21T20:20:38Z
342,239,wishlist,2026-03-21T20:49:38Z
342,1294,purchase,2026-03-21T20:57:38Z
342,541,search,2026-03-21T21:14:38Z
342,892,remove_cart,2026-03-21T21:19:38Z
342,1157,purchase,2026-03-21T22:14:38Z
342,695,wishlist,2026-03-21T22:26:38Z
342,978,checkout,2026-03-21T22:43:38Z
342,569,checkout,2026-03-21T23:14:38Z
342,1312,purchase,2026-03-21T23:43:38Z
342,291,add_to_cart,2026-03-21T23:49:38Z
342,562,purchase,2026-03-22T00:22:38Z
342,757,checkout,2026-03-22T00:51:38Z
342,149,remove_cart,2026-03-22T01:49:38Z
342,1123,click,2026-03-22T02:49:38Z
342,765,checkout,2026-03-22T03:11:38Z
342,1370,checkout,2026-03-22T03:49:38Z
342,1497,purchase,2026-03-22T03:58:38Z
342,1218,add_to_cart,2026-03-22T04:51:38Z
342,59,view,2026-03-22T05:32:38Z
342,1207,view,2026-03-22T05:53:38Z
342,588,view,2026-03-22T06:14:38Z
342,233,wishlist,2026-03-22T07:02:38Z
342,778,checkout,2026-03-22T07:17:38Z
342,747,wishlist,2026-03-22T07:53:38Z
342,661,search,2026-03-22T07:56:38Z
342,459,click,2026-03-22T08:33:38Z
342,379,search,2026-03-22T08:53:38Z
342,258,search,2026-03-22T09:20:38Z
342,276,checkout,2026-03-22T09:27:38Z
342,480,purchase,2026-03-22T10:07:38Z
342,114,purchase,2026-03-22T11:04:38Z
342,485,remove_cart,2026-03-22T11:26:38Z
342,399,purchase,2026-03-22T11:50:38Z
342,968,wishlist,2026-03-22T12:30:38Z
342,1199,wishlist,2026-03-22T13:30:38Z
342,811,view,2026-03-22T14:07:38Z
342,381,add_to_cart,2026-03-22T14:40:38Z
342,827,click,2026-03-22T15:19:38Z
342,1004,view,2026-03-22T15:53:38Z
342,1289,checkout,2026-03-22T16:42:38Z
342,964,wishlist,2026-03-22T17:23:38Z
342,1437,add_to_cart,2026-03-22T18:13:38Z
342,953,checkout,2026-03-22T18:26:38Z
342,98,remove_cart,2026-03-22T18:42:38Z
343,1190,view,2026-02-18T16:37:38Z
343,1056,click,2026-02-18T17:19:38Z
343,507,add_to_cart,2026-02-18T18:06:38Z
343,896,remove_cart,2026-02-18T19:02:38Z
343,789,view,2026-02-18T19:57:38Z
343,1166,remove_cart,2026-02-18T19:59:38Z
343,1167,checkout,2026-02-18T20:42:38Z
343,668,checkout,2026-02-18T21:15:38Z
343,114,wishlist,2026-02-18T21:16:38Z
343,746,search,2026-02-18T21:34:38Z
343,1443,view,2026-02-18T22:03:38Z
343,819,add_to_cart,2026-02-18T22:42:38Z
343,1494,add_to_cart,2026-02-18T23:22:38Z
343,168,view,2026-02-19T00:06:38Z
343,905,view,2026-02-19T01:06:38Z
343,373,purchase,2026-02-19T01:52:38Z
343,729,add_to_cart,2026-02-19T02:18:38Z
343,1059,add_to_cart,2026-02-19T02:47:38Z
343,594,add_to_cart,2026-02-19T03:10:38Z
343,33,remove_cart,2026-02-19T03:26:38Z
343,624,wishlist,2026-02-19T04:06:38Z
343,720,click,2026-02-19T04:54:38Z
343,248,remove_cart,2026-02-19T05:26:38Z
343,906,click,2026-02-19T05:56:38Z
343,1197,wishlist,2026-02-19T06:10:38Z
343,570,checkout,2026-02-19T06:21:38Z
343,186,wishlist,2026-02-19T06:57:38Z
343,71,checkout,2026-02-19T07:40:38Z
343,1014,search,2026-02-19T07:41:38Z
343,646,wishlist,2026-02-19T08:27:38Z
343,1128,purchase,2026-02-19T09:12:38Z
343,401,view,2026-02-19T09:36:38Z
343,1267,remove_cart,2026-02-19T09:58:38Z
343,896,checkout,2026-02-19T10:08:38Z
343,1269,purchase,2026-02-19T11:04:38Z
343,929,wishlist,2026-02-19T11:07:38Z
343,169,view,2026-02-19T11:30:38Z
343,94,purchase,2026-02-19T12:25:38Z
343,851,remove_cart,2026-02-19T13:04:38Z
343,133,checkout,2026-02-19T13:16:38Z
343,219,add_to_cart,2026-02-19T13:51:38Z
343,1122,wishlist,2026-02-19T14:16:38Z
343,922,purchase,2026-02-19T14:52:38Z
343,376,view,2026-02-19T15:45:38Z
343,1067,checkout,2026-02-19T16:41:38Z
343,922,wishlist,2026-02-19T16:56:38Z
343,592,add_to_cart,2026-02-19T17:04:38Z
343,173,add_to_cart,2026-02-19T17:24:38Z
343,212,purchase,2026-02-19T17:55:38Z
343,6,checkout,2026-02-19T18:11:38Z
343,394,remove_cart,2026-02-19T18:56:38Z
343,1084,view,2026-02-19T19:50:38Z
343,442,wishlist,2026-02-19T20:24:38Z
343,1146,view,2026-02-19T20:51:38Z
343,1028,search,2026-02-19T21:35:38Z
343,871,purchase,2026-02-19T22:31:38Z
343,908,click,2026-02-19T22:59:38Z
344,689,view,2026-03-25T16:50:38Z
344,848,click,2026-03-25T17:33:38Z
344,818,add_to_cart,2026-03-25T17:36:38Z
344,985,remove_cart,2026-03-25T18:07:38Z
344,717,view,2026-03-25T18:31:38Z
344,499,wishlist,2026-03-25T19:00:38Z
344,206,wishlist,2026-03-25T19:19:38Z
344,1309,view,2026-03-25T19:40:38Z
344,1350,checkout,2026-03-25T20:11:38Z
344,25,add_to_cart,2026-03-25T20:34:38Z
344,367,search,2026-03-25T20:37:38Z
344,1092,wishlist,2026-03-25T21:22:38Z
344,1287,click,2026-03-25T21:24:38Z
344,667,wishlist,2026-03-25T22:16:38Z
344,433,checkout,2026-03-25T22:26:38Z
344,1032,wishlist,2026-03-25T22:58:38Z
344,737,search,2026-03-25T23:47:38Z
344,306,checkout,2026-03-26T00:28:38Z
344,44,view,2026-03-26T01:02:38Z
344,234,add_to_cart,2026-03-26T01:21:38Z
344,587,view,2026-03-26T02:12:38Z
344,122,click,2026-03-26T02:36:38Z
344,621,checkout,2026-03-26T03:24:38Z
344,832,purchase,2026-03-26T03:32:38Z
344,1072,remove_cart,2026-03-26T03:33:38Z
344,1394,click,2026-03-26T04:01:38Z
344,704,click,2026-03-26T04:07:38Z
344,784,wishlist,2026-03-26T04:48:38Z
344,474,remove_cart,2026-03-26T04:54:38Z
344,1444,search,2026-03-26T04:56:38Z
345,87,view,2026-02-22T16:25:38Z
345,639,wishlist,2026-02-22T16:28:38Z
345,1131,view,2026-02-22T16:50:38Z
345,70,click,2026-02-22T17:10:38Z
345,1135,add_to_cart,2026-02-22T17:52:38Z
345,1283,add_to_cart,2026-02-22T18:01:38Z
345,832,checkout,2026-02-22T18:03:38Z
345,1333,view,2026-02-22T19:03:38Z
345,1244,remove_cart,2026-02-22T19:23:38Z
345,496,search,2026-02-22T20:03:38Z
345,1330,wishlist,2026-02-22T20:31:38Z
345,1426,wishlist,2026-02-22T21:19:38Z
345,1389,view,2026-02-22T22:18:38Z
345,1343,purchase,2026-02-22T23:09:38Z
345,1152,remove_cart,2026-02-22T23:23:38Z
345,600,purchase,2026-02-22T23:49:38Z
345,338,checkout,2026-02-22T23:58:38Z
345,667,search,2026-02-23T00:22:38Z
345,79,click,2026-02-23T00:54:38Z
345,716,purchase,2026-02-23T01:10:38Z
345,608,click,2026-02-23T02:01:38Z
345,558,add_to_cart,2026-02-23T02:18:38Z
345,1439,remove_cart,2026-02-23T02:44:38Z
345,1245,purchase,2026-02-23T03:27:38Z
345,84,view,2026-02-23T04:17:38Z
345,732,view,2026-02-23T04:34:38Z
345,1455,purchase,2026-02-23T05:12:38Z
345,1437,view,2026-02-23T05:30:38Z
345,1295,remove_cart,2026-02-23T06:02:38Z
345,648,add_to_cart,2026-02-23T06:56:38Z
345,21,click,2026-02-23T07:16:38Z
345,897,remove_cart,2026-02-23T07:24:38Z
345,1187,view,2026-02-23T08:01:38Z
345,151,checkout,2026-02-23T08:15:38Z
345,29,checkout,2026-02-23T09:08:38Z
345,816,click,2026-02-23T10:05:38Z
345,1149,remove_cart,2026-02-23T10:40:38Z
346,1284,view,2026-03-22T16:37:38Z
346,603,click,2026-03-22T17:12:38Z
346,1235,add_to_cart,2026-03-22T17:37:38Z
346,1392,checkout,2026-03-22T17:44:38Z
346,1126,purchase,2026-03-22T17:56:38Z
346,112,click,2026-03-22T18:20:38Z
346,517,click,2026-03-22T18:45:38Z
346,838,wishlist,2026-03-22T19:02:38Z
346,758,remove_cart,2026-03-22T19:12:38Z
346,229,checkout,2026-03-22T19:27:38Z
346,716,add_to_cart,2026-03-22T20:23:38Z
346,222,purchase,2026-03-22T20:50:38Z
346,825,add_to_cart,2026-03-22T21:19:38Z
346,353,checkout,2026-03-22T21:45:38Z
346,1197,add_to_cart,2026-03-22T22:36:38Z
346,1021,wishlist,2026-03-22T23:36:38Z
346,574,search,2026-03-23T00:08:38Z
346,1138,wishlist,2026-03-23T00:11:38Z
346,1156,view,2026-03-23T00:52:38Z
346,955,checkout,2026-03-23T01:00:38Z
346,452,purchase,2026-03-23T01:42:38Z
346,690,click,2026-03-23T02:31:38Z
346,869,checkout,2026-03-23T02:38:38Z
346,569,view,2026-03-23T03:36:38Z
346,169,add_to_cart,2026-03-23T04:01:38Z
346,518,search,2026-03-23T04:55:38Z
347,76,view,2026-04-08T16:44:38Z
347,543,click,2026-04-08T17:39:38Z
347,215,add_to_cart,2026-04-08T17:56:38Z
347,380,remove_cart,2026-04-08T18:20:38Z
347,536,view,2026-04-08T18:48:38Z
347,1398,search,2026-04-08T19:11:38Z
347,849,add_to_cart,2026-04-08T19:50:38Z
347,756,search,2026-04-08T20:37:38Z
347,1352,search,2026-04-08T20:43:38Z
347,449,click,2026-04-08T21:37:38Z
347,92,checkout,2026-04-08T22:13:38Z
347,1037,search,2026-04-08T22:52:38Z
347,878,checkout,2026-04-08T23:46:38Z
347,1235,add_to_cart,2026-04-08T23:48:38Z
347,1122,purchase,2026-04-09T00:40:38Z
347,505,purchase,2026-04-09T01:09:38Z
347,667,remove_cart,2026-04-09T02:09:38Z
347,356,add_to_cart,2026-04-09T02:29:38Z
347,854,checkout,2026-04-09T03:12:38Z
347,996,view,2026-04-09T03:58:38Z
347,1385,search,2026-04-09T04:41:38Z
347,895,click,2026-04-09T05:01:38Z
347,554,search,2026-04-09T05:56:38Z
347,349,view,2026-04-09T06:47:38Z
347,254,remove_cart,2026-04-09T07:32:38Z
347,392,purchase,2026-04-09T07:55:38Z
347,667,search,2026-04-09T08:05:38Z
347,790,wishlist,2026-04-09T08:27:38Z
347,405,click,2026-04-09T09:03:38Z
347,882,add_to_cart,2026-04-09T09:56:38Z
347,181,add_to_cart,2026-04-09T10:50:38Z
347,524,purchase,2026-04-09T11:25:38Z
347,1409,click,2026-04-09T12:21:38Z
347,149,wishlist,2026-04-09T12:44:38Z
347,1367,view,2026-04-09T13:21:38Z
347,272,wishlist,2026-04-09T13:39:38Z
347,290,wishlist,2026-04-09T14:29:38Z
347,14,checkout,2026-04-09T14:51:38Z
347,1109,wishlist,2026-04-09T15:17:38Z
347,561,view,2026-04-09T15:50:38Z
347,28,add_to_cart,2026-04-09T16:35:38Z
347,965,checkout,2026-04-09T16:46:38Z
347,802,click,2026-04-09T16:56:38Z
347,629,purchase,2026-04-09T17:10:38Z
347,1360,view,2026-04-09T17:55:38Z
347,1267,add_to_cart,2026-04-09T18:38:38Z
347,1085,purchase,2026-04-09T19:10:38Z
347,509,click,2026-04-09T19:57:38Z
348,925,view,2026-02-26T16:33:38Z
348,500,click,2026-02-26T16:49:38Z
348,839,add_to_cart,2026-02-26T16:59:38Z
348,920,remove_cart,2026-02-26T17:08:38Z
348,1477,view,2026-02-26T17:37:38Z
348,597,remove_cart,2026-02-26T18:06:38Z
348,1259,remove_cart,2026-02-26T19:03:38Z
348,1038,wishlist,2026-02-26T20:02:38Z
348,1300,click,2026-02-26T20:40:38Z
348,789,search,2026-02-26T21:29:38Z
348,1447,checkout,2026-02-26T22:10:38Z
348,603,checkout,2026-02-26T22:59:38Z
348,593,add_to_cart,2026-02-26T23:36:38Z
348,1251,search,2026-02-27T00:15:38Z
348,150,purchase,2026-02-27T01:06:38Z
348,1002,purchase,2026-02-27T01:33:38Z
348,1014,wishlist,2026-02-27T02:14:38Z
348,1491,add_to_cart,2026-02-27T03:10:38Z
348,1034,remove_cart,2026-02-27T03:37:38Z
348,1237,search,2026-02-27T04:23:38Z
348,1407,view,2026-02-27T05:22:38Z
348,829,wishlist,2026-02-27T05:37:38Z
348,900,remove_cart,2026-02-27T06:35:38Z
348,383,purchase,2026-02-27T07:24:38Z
348,155,view,2026-02-27T07:37:38Z
348,1461,remove_cart,2026-02-27T07:45:38Z
348,220,purchase,2026-02-27T08:41:38Z
348,1223,checkout,2026-02-27T09:10:38Z
348,499,view,2026-02-27T09:32:38Z
349,1394,search,2026-04-14T16:58:38Z
349,454,view,2026-04-14T17:33:38Z
349,409,click,2026-04-14T17:46:38Z
349,654,click,2026-04-14T18:28:38Z
349,33,click,2026-04-14T19:01:38Z
349,825,click,2026-04-14T19:27:38Z
349,24,search,2026-04-14T20:02:38Z
349,868,add_to_cart,2026-04-14T20:18:38Z
349,120,add_to_cart,2026-04-14T20:53:38Z
349,1223,click,2026-04-14T21:49:38Z
349,1083,purchase,2026-04-14T22:22:38Z
349,148,wishlist,2026-04-14T22:35:38Z
349,566,click,2026-04-14T22:58:38Z
349,992,purchase,2026-04-14T23:35:38Z
349,993,click,2026-04-14T23:59:38Z
349,178,purchase,2026-04-15T00:16:38Z
349,173,wishlist,2026-04-15T00:54:38Z
349,774,view,2026-04-15T01:38:38Z
349,1025,remove_cart,2026-04-15T01:39:38Z
349,376,remove_cart,2026-04-15T02:34:38Z
349,779,purchase,2026-04-15T03:20:38Z
349,594,wishlist,2026-04-15T03:24:38Z
349,290,remove_cart,2026-04-15T03:27:38Z
349,1338,remove_cart,2026-04-15T04:26:38Z
349,294,add_to_cart,2026-04-15T05:18:38Z
349,1013,search,2026-04-15T06:14:38Z
349,690,add_to_cart,2026-04-15T06:24:38Z
349,1127,click,2026-04-15T07:05:38Z
349,873,add_to_cart,2026-04-15T08:01:38Z
349,502,click,2026-04-15T08:52:38Z
349,852,wishlist,2026-04-15T08:55:38Z
349,124,add_to_cart,2026-04-15T09:00:38Z
349,159,search,2026-04-15T09:03:38Z
349,984,wishlist,2026-04-15T09:59:38Z
349,1335,checkout,2026-04-15T10:59:38Z
349,279,view,2026-04-15T11:25:38Z
349,1156,click,2026-04-15T11:28:38Z
349,725,checkout,2026-04-15T12:10:38Z
349,866,add_to_cart,2026-04-15T13:06:38Z
350,767,view,2026-02-28T17:22:38Z
350,1093,click,2026-02-28T17:26:38Z
350,858,add_to_cart,2026-02-28T17:40:38Z
350,191,remove_cart,2026-02-28T18:16:38Z
350,802,view,2026-02-28T19:05:38Z
350,596,add_to_cart,2026-02-28T19:13:38Z
350,463,view,2026-02-28T19:42:38Z
350,111,checkout,2026-02-28T19:55:38Z
350,575,checkout,2026-02-28T20:01:38Z
350,37,purchase,2026-02-28T20:39:38Z
350,21,purchase,2026-02-28T21:19:38Z
350,107,add_to_cart,2026-02-28T21:21:38Z
350,1362,wishlist,2026-02-28T22:16:38Z
350,815,remove_cart,2026-02-28T22:28:38Z
350,15,view,2026-02-28T22:59:38Z
350,583,add_to_cart,2026-02-28T23:41:38Z
350,1052,checkout,2026-03-01T00:00:38Z
350,1338,wishlist,2026-03-01T00:58:38Z
350,1072,checkout,2026-03-01T01:38:38Z
350,474,add_to_cart,2026-03-01T01:43:38Z
350,468,add_to_cart,2026-03-01T02:13:38Z
350,677,click,2026-03-01T03:10:38Z
350,1221,add_to_cart,2026-03-01T03:20:38Z
350,277,purchase,2026-03-01T03:32:38Z
350,1391,checkout,2026-03-01T04:15:38Z
350,672,add_to_cart,2026-03-01T05:05:38Z
350,230,search,2026-03-01T05:08:38Z
350,1374,search,2026-03-01T05:46:38Z
350,1401,purchase,2026-03-01T06:22:38Z
350,754,search,2026-03-01T06:54:38Z
350,1313,search,2026-03-01T07:10:38Z
350,1100,click,2026-03-01T07:43:38Z
350,638,remove_cart,2026-03-01T08:34:38Z
350,550,wishlist,2026-03-01T09:13:38Z
350,107,checkout,2026-03-01T09:48:38Z
350,1289,view,2026-03-01T10:19:38Z
350,553,add_to_cart,2026-03-01T11:07:38Z
350,819,remove_cart,2026-03-01T11:21:38Z
350,1072,remove_cart,2026-03-01T12:00:38Z
350,718,purchase,2026-03-01T12:31:38Z
350,1331,wishlist,2026-03-01T13:12:38Z
350,35,wishlist,2026-03-01T13:54:38Z
350,689,search,2026-03-01T14:48:38Z
350,1010,purchase,2026-03-01T15:23:38Z
350,28,wishlist,2026-03-01T15:26:38Z
350,952,checkout,2026-03-01T16:14:38Z
350,1191,view,2026-03-01T16:54:38Z
350,386,view,2026-03-01T17:41:38Z
350,297,click,2026-03-01T18:10:38Z
350,160,click,2026-03-01T18:51:38Z
350,743,purchase,2026-03-01T19:41:38Z
350,396,view,2026-03-01T20:00:38Z
350,226,purchase,2026-03-01T20:16:38Z
351,862,view,2026-03-03T17:00:38Z
351,38,click,2026-03-03T17:17:38Z
351,100,add_to_cart,2026-03-03T17:25:38Z
351,640,remove_cart,2026-03-03T17:31:38Z
351,64,view,2026-03-03T17:57:38Z
351,1266,click,2026-03-03T18:54:38Z
351,428,purchase,2026-03-03T19:53:38Z
351,15,wishlist,2026-03-03T20:05:38Z
351,357,remove_cart,2026-03-03T20:16:38Z
351,1407,remove_cart,2026-03-03T20:20:38Z
351,795,purchase,2026-03-03T20:25:38Z
351,792,search,2026-03-03T20:34:38Z
351,465,remove_cart,2026-03-03T21:28:38Z
351,777,purchase,2026-03-03T21:36:38Z
351,108,click,2026-03-03T21:55:38Z
351,216,add_to_cart,2026-03-03T22:08:38Z
351,974,view,2026-03-03T22:13:38Z
351,920,click,2026-03-03T22:58:38Z
351,1193,click,2026-03-03T23:37:38Z
351,953,search,2026-03-03T23:58:38Z
351,685,search,2026-03-04T00:01:38Z
351,1364,click,2026-03-04T00:40:38Z
351,1135,wishlist,2026-03-04T00:42:38Z
351,1454,click,2026-03-04T01:21:38Z
351,682,view,2026-03-04T01:22:38Z
351,904,remove_cart,2026-03-04T02:12:38Z
351,734,purchase,2026-03-04T02:53:38Z
351,855,add_to_cart,2026-03-04T03:45:38Z
351,1225,purchase,2026-03-04T04:09:38Z
351,967,wishlist,2026-03-04T04:15:38Z
351,741,remove_cart,2026-03-04T04:31:38Z
351,225,add_to_cart,2026-03-04T04:48:38Z
351,58,purchase,2026-03-04T05:30:38Z
351,381,add_to_cart,2026-03-04T06:16:38Z
351,201,remove_cart,2026-03-04T06:47:38Z
351,849,view,2026-03-04T07:13:38Z
351,868,wishlist,2026-03-04T08:01:38Z
351,604,view,2026-03-04T08:12:38Z
351,751,add_to_cart,2026-03-04T08:25:38Z
351,909,checkout,2026-03-04T08:54:38Z
351,1361,search,2026-03-04T09:00:38Z
351,90,search,2026-03-04T09:38:38Z
351,176,wishlist,2026-03-04T10:09:38Z
351,393,checkout,2026-03-04T10:31:38Z
351,1461,add_to_cart,2026-03-04T10:40:38Z
351,1398,checkout,2026-03-04T11:36:38Z
351,1388,checkout,2026-03-04T12:21:38Z
351,807,wishlist,2026-03-04T12:32:38Z
351,1080,click,2026-03-04T12:53:38Z
351,1071,checkout,2026-03-04T13:52:38Z
351,1493,click,2026-03-04T14:18:38Z
351,978,purchase,2026-03-04T14:25:38Z
351,233,click,2026-03-04T14:46:38Z
351,529,click,2026-03-04T14:51:38Z
351,539,add_to_cart,2026-03-04T15:38:38Z
351,600,click,2026-03-04T15:49:38Z
351,626,search,2026-03-04T16:13:38Z
351,445,remove_cart,2026-03-04T16:42:38Z
351,1378,click,2026-03-04T17:41:38Z
351,153,purchase,2026-03-04T18:10:38Z
351,1463,checkout,2026-03-04T19:08:38Z
351,1175,search,2026-03-04T19:14:38Z
351,840,view,2026-03-04T19:58:38Z
351,658,remove_cart,2026-03-04T20:37:38Z
351,651,search,2026-03-04T21:35:38Z
351,721,view,2026-03-04T22:10:38Z
351,11,checkout,2026-03-04T22:58:38Z
351,16,purchase,2026-03-04T23:15:38Z
351,186,click,2026-03-04T23:57:38Z
351,183,checkout,2026-03-05T00:23:38Z
351,793,checkout,2026-03-05T00:25:38Z
352,213,view,2026-03-24T16:30:38Z
352,258,click,2026-03-24T17:14:38Z
352,437,add_to_cart,2026-03-24T17:43:38Z
352,454,checkout,2026-03-24T18:18:38Z
352,186,purchase,2026-03-24T19:13:38Z
352,333,click,2026-03-24T19:43:38Z
352,652,view,2026-03-24T19:59:38Z
352,780,checkout,2026-03-24T20:37:38Z
352,865,wishlist,2026-03-24T21:31:38Z
352,63,search,2026-03-24T21:32:38Z
352,131,click,2026-03-24T22:09:38Z
352,266,wishlist,2026-03-24T22:28:38Z
352,118,remove_cart,2026-03-24T23:15:38Z
352,305,checkout,2026-03-24T23:51:38Z
352,252,search,2026-03-24T23:56:38Z
352,574,remove_cart,2026-03-25T00:52:38Z
352,1411,purchase,2026-03-25T01:10:38Z
352,1354,add_to_cart,2026-03-25T01:30:38Z
352,251,click,2026-03-25T02:24:38Z
352,969,search,2026-03-25T03:21:38Z
352,598,wishlist,2026-03-25T04:18:38Z
352,296,remove_cart,2026-03-25T04:46:38Z
352,1082,search,2026-03-25T05:45:38Z
352,469,add_to_cart,2026-03-25T05:54:38Z
352,872,view,2026-03-25T06:36:38Z
352,151,search,2026-03-25T06:45:38Z
353,1047,view,2026-04-09T17:21:38Z
353,820,click,2026-04-09T17:38:38Z
353,460,add_to_cart,2026-04-09T17:42:38Z
353,1224,remove_cart,2026-04-09T18:16:38Z
353,713,view,2026-04-09T19:08:38Z
353,1438,click,2026-04-09T19:49:38Z
353,305,wishlist,2026-04-09T20:29:38Z
353,1412,purchase,2026-04-09T20:47:38Z
353,653,remove_cart,2026-04-09T21:13:38Z
353,1015,add_to_cart,2026-04-09T21:18:38Z
353,527,search,2026-04-09T21:46:38Z
353,479,wishlist,2026-04-09T21:59:38Z
353,554,click,2026-04-09T22:27:38Z
353,881,wishlist,2026-04-09T22:28:38Z
353,663,view,2026-04-09T23:18:38Z
353,197,search,2026-04-09T23:25:38Z
353,1338,purchase,2026-04-09T23:56:38Z
353,459,click,2026-04-10T00:56:38Z
353,871,search,2026-04-10T01:38:38Z
353,216,purchase,2026-04-10T02:19:38Z
353,1113,view,2026-04-10T02:51:38Z
353,991,view,2026-04-10T03:32:38Z
353,1402,remove_cart,2026-04-10T04:09:38Z
353,770,wishlist,2026-04-10T04:38:38Z
353,1142,view,2026-04-10T04:46:38Z
353,562,purchase,2026-04-10T04:47:38Z
353,1380,click,2026-04-10T05:32:38Z
353,570,wishlist,2026-04-10T06:13:38Z
353,628,search,2026-04-10T06:45:38Z
353,488,checkout,2026-04-10T07:01:38Z
353,457,search,2026-04-10T07:46:38Z
353,1338,wishlist,2026-04-10T08:28:38Z
353,885,checkout,2026-04-10T08:44:38Z
353,193,checkout,2026-04-10T08:47:38Z
353,738,remove_cart,2026-04-10T09:20:38Z
353,744,add_to_cart,2026-04-10T10:14:38Z
353,1364,purchase,2026-04-10T10:19:38Z
353,655,checkout,2026-04-10T11:11:38Z
353,9,view,2026-04-10T11:28:38Z
353,38,purchase,2026-04-10T11:59:38Z
353,237,click,2026-04-10T12:58:38Z
353,815,wishlist,2026-04-10T13:38:38Z
353,1320,checkout,2026-04-10T13:56:38Z
353,1271,view,2026-04-10T14:44:38Z
353,1157,wishlist,2026-04-10T14:55:38Z
353,1484,view,2026-04-10T15:16:38Z
353,1227,wishlist,2026-04-10T15:19:38Z
353,1169,wishlist,2026-04-10T15:50:38Z
353,139,add_to_cart,2026-04-10T16:23:38Z
353,1495,search,2026-04-10T16:52:38Z
353,816,add_to_cart,2026-04-10T17:17:38Z
353,421,view,2026-04-10T17:43:38Z
353,158,add_to_cart,2026-04-10T18:02:38Z
353,195,remove_cart,2026-04-10T18:43:38Z
353,710,click,2026-04-10T19:22:38Z
353,1414,search,2026-04-10T19:25:38Z
353,1000,remove_cart,2026-04-10T19:37:38Z
353,1092,view,2026-04-10T20:10:38Z
353,1029,view,2026-04-10T20:36:38Z
353,252,purchase,2026-04-10T20:42:38Z
353,242,add_to_cart,2026-04-10T21:25:38Z
353,1194,checkout,2026-04-10T22:25:38Z
353,286,wishlist,2026-04-10T23:04:38Z
353,329,add_to_cart,2026-04-10T23:54:38Z
353,167,purchase,2026-04-11T00:10:38Z
353,800,add_to_cart,2026-04-11T00:32:38Z
353,281,checkout,2026-04-11T01:04:38Z
353,1414,wishlist,2026-04-11T01:05:38Z
353,705,purchase,2026-04-11T01:39:38Z
353,870,remove_cart,2026-04-11T01:47:38Z
354,238,view,2026-01-21T17:07:38Z
354,189,click,2026-01-21T17:24:38Z
354,572,add_to_cart,2026-01-21T17:37:38Z
354,358,remove_cart,2026-01-21T18:28:38Z
354,1337,view,2026-01-21T19:00:38Z
354,295,checkout,2026-01-21T19:13:38Z
354,1333,purchase,2026-01-21T19:34:38Z
354,1433,checkout,2026-01-21T19:49:38Z
354,521,checkout,2026-01-21T20:45:38Z
354,208,add_to_cart,2026-01-21T21:44:38Z
354,310,search,2026-01-21T22:31:38Z
354,518,view,2026-01-21T23:10:38Z
354,900,add_to_cart,2026-01-21T23:13:38Z
354,986,purchase,2026-01-22T00:11:38Z
354,757,search,2026-01-22T00:19:38Z
354,1265,checkout,2026-01-22T00:24:38Z
354,702,search,2026-01-22T00:34:38Z
354,1357,view,2026-01-22T01:30:38Z
354,279,wishlist,2026-01-22T02:07:38Z
354,1313,wishlist,2026-01-22T02:22:38Z
354,1177,view,2026-01-22T03:18:38Z
354,1412,wishlist,2026-01-22T03:41:38Z
354,1245,checkout,2026-01-22T04:13:38Z
354,605,purchase,2026-01-22T04:39:38Z
354,432,add_to_cart,2026-01-22T05:11:38Z
354,714,checkout,2026-01-22T05:49:38Z
354,456,checkout,2026-01-22T05:59:38Z
354,1395,click,2026-01-22T06:27:38Z
354,1194,click,2026-01-22T06:36:38Z
354,491,add_to_cart,2026-01-22T06:42:38Z
354,209,wishlist,2026-01-22T06:49:38Z
355,1343,view,2026-01-28T16:38:38Z
355,104,click,2026-01-28T16:52:38Z
355,61,add_to_cart,2026-01-28T16:59:38Z
355,673,checkout,2026-01-28T17:30:38Z
355,764,purchase,2026-01-28T17:43:38Z
355,533,view,2026-01-28T17:55:38Z
355,572,remove_cart,2026-01-28T18:32:38Z
355,1499,search,2026-01-28T19:18:38Z
355,433,click,2026-01-28T19:29:38Z
355,1494,add_to_cart,2026-01-28T20:22:38Z
355,468,add_to_cart,2026-01-28T20:34:38Z
355,69,add_to_cart,2026-01-28T21:33:38Z
355,511,checkout,2026-01-28T22:24:38Z
355,1442,wishlist,2026-01-28T23:21:38Z
355,1474,checkout,2026-01-28T23:25:38Z
355,1198,search,2026-01-28T23:39:38Z
355,984,click,2026-01-28T23:55:38Z
355,724,view,2026-01-29T00:29:38Z
355,421,checkout,2026-01-29T01:03:38Z
355,348,checkout,2026-01-29T01:43:38Z
355,229,click,2026-01-29T01:58:38Z
355,1135,remove_cart,2026-01-29T02:51:38Z
355,770,add_to_cart,2026-01-29T03:00:38Z
355,14,view,2026-01-29T03:34:38Z
355,139,purchase,2026-01-29T04:03:38Z
355,1280,wishlist,2026-01-29T04:10:38Z
355,920,purchase,2026-01-29T04:15:38Z
355,1464,search,2026-01-29T04:33:38Z
355,7,purchase,2026-01-29T05:08:38Z
355,1307,purchase,2026-01-29T05:37:38Z
355,897,search,2026-01-29T06:19:38Z
355,253,purchase,2026-01-29T06:54:38Z
355,428,click,2026-01-29T07:09:38Z
355,1375,checkout,2026-01-29T07:13:38Z
355,546,search,2026-01-29T07:50:38Z
355,628,remove_cart,2026-01-29T08:01:38Z
355,632,wishlist,2026-01-29T08:22:38Z
355,1000,view,2026-01-29T08:51:38Z
355,658,view,2026-01-29T08:52:38Z
355,730,purchase,2026-01-29T09:51:38Z
355,1040,wishlist,2026-01-29T10:33:38Z
355,419,add_to_cart,2026-01-29T11:28:38Z
355,1482,search,2026-01-29T12:04:38Z
355,255,click,2026-01-29T12:47:38Z
355,1138,view,2026-01-29T13:30:38Z
355,1336,add_to_cart,2026-01-29T14:07:38Z
355,660,purchase,2026-01-29T14:41:38Z
355,280,view,2026-01-29T15:33:38Z
355,986,search,2026-01-29T16:05:38Z
355,1056,add_to_cart,2026-01-29T16:27:38Z
355,726,checkout,2026-01-29T17:15:38Z
355,144,purchase,2026-01-29T17:45:38Z
355,604,wishlist,2026-01-29T18:13:38Z
355,481,click,2026-01-29T18:34:38Z
355,69,purchase,2026-01-29T19:22:38Z
355,34,checkout,2026-01-29T20:12:38Z
355,853,remove_cart,2026-01-29T20:39:38Z
355,1321,checkout,2026-01-29T20:43:38Z
355,478,remove_cart,2026-01-29T20:57:38Z
355,1174,click,2026-01-29T21:04:38Z
355,883,click,2026-01-29T21:50:38Z
355,1209,click,2026-01-29T21:57:38Z
356,1219,search,2026-03-07T16:24:38Z
356,1004,view,2026-03-07T16:40:38Z
356,1488,click,2026-03-07T16:54:38Z
356,390,click,2026-03-07T17:48:38Z
356,117,search,2026-03-07T18:32:38Z
356,1010,purchase,2026-03-07T19:04:38Z
356,18,click,2026-03-07T19:34:38Z
356,1172,purchase,2026-03-07T20:06:38Z
356,849,purchase,2026-03-07T20:08:38Z
356,1103,click,2026-03-07T21:00:38Z
356,105,add_to_cart,2026-03-07T21:57:38Z
356,760,view,2026-03-07T22:16:38Z
356,977,add_to_cart,2026-03-07T22:19:38Z
356,198,add_to_cart,2026-03-07T23:11:38Z
356,554,remove_cart,2026-03-07T23:23:38Z
356,612,checkout,2026-03-08T00:08:38Z
356,884,add_to_cart,2026-03-08T00:28:38Z
356,980,search,2026-03-08T01:28:38Z
356,738,purchase,2026-03-08T01:38:38Z
356,870,wishlist,2026-03-08T01:42:38Z
356,276,wishlist,2026-03-08T02:36:38Z
356,1468,view,2026-03-08T02:58:38Z
356,904,purchase,2026-03-08T03:23:38Z
356,50,click,2026-03-08T03:32:38Z
356,1492,checkout,2026-03-08T03:43:38Z
356,708,view,2026-03-08T04:23:38Z
356,1355,checkout,2026-03-08T04:59:38Z
356,480,view,2026-03-08T05:54:38Z
356,1438,wishlist,2026-03-08T06:39:38Z
356,1101,wishlist,2026-03-08T06:40:38Z
356,1238,click,2026-03-08T07:17:38Z
356,539,remove_cart,2026-03-08T07:52:38Z
356,892,search,2026-03-08T08:13:38Z
356,915,wishlist,2026-03-08T08:59:38Z
356,1494,click,2026-03-08T09:52:38Z
356,603,checkout,2026-03-08T10:09:38Z
356,645,add_to_cart,2026-03-08T10:12:38Z
356,1303,search,2026-03-08T10:16:38Z
356,174,wishlist,2026-03-08T11:14:38Z
356,1415,wishlist,2026-03-08T12:14:38Z
356,992,wishlist,2026-03-08T12:41:38Z
357,357,view,2026-03-15T16:59:38Z
357,240,click,2026-03-15T17:03:38Z
357,807,add_to_cart,2026-03-15T17:50:38Z
357,1021,checkout,2026-03-15T18:32:38Z
357,648,purchase,2026-03-15T19:24:38Z
357,50,purchase,2026-03-15T19:27:38Z
357,528,click,2026-03-15T19:42:38Z
357,69,click,2026-03-15T20:02:38Z
357,1289,wishlist,2026-03-15T20:50:38Z
357,1291,view,2026-03-15T21:15:38Z
357,1170,checkout,2026-03-15T21:17:38Z
357,522,click,2026-03-15T22:11:38Z
357,736,search,2026-03-15T22:39:38Z
357,528,search,2026-03-15T23:13:38Z
357,28,view,2026-03-15T23:17:38Z
357,602,view,2026-03-16T00:14:38Z
357,600,view,2026-03-16T00:16:38Z
357,735,remove_cart,2026-03-16T00:33:38Z
357,947,search,2026-03-16T01:13:38Z
357,433,remove_cart,2026-03-16T01:47:38Z
357,1097,search,2026-03-16T02:34:38Z
357,349,checkout,2026-03-16T02:57:38Z
357,39,wishlist,2026-03-16T03:24:38Z
357,1130,search,2026-03-16T04:22:38Z
357,578,add_to_cart,2026-03-16T05:18:38Z
357,276,remove_cart,2026-03-16T05:46:38Z
357,865,wishlist,2026-03-16T06:15:38Z
357,395,view,2026-03-16T06:21:38Z
357,964,view,2026-03-16T07:06:38Z
357,163,wishlist,2026-03-16T07:54:38Z
357,230,click,2026-03-16T08:27:38Z
357,219,add_to_cart,2026-03-16T09:10:38Z
357,363,remove_cart,2026-03-16T09:33:38Z
357,1141,wishlist,2026-03-16T09:37:38Z
357,1160,click,2026-03-16T10:01:38Z
357,47,wishlist,2026-03-16T10:40:38Z
357,223,search,2026-03-16T10:56:38Z
357,900,wishlist,2026-03-16T10:58:38Z
357,1019,click,2026-03-16T11:48:38Z
357,1295,search,2026-03-16T11:53:38Z
357,563,remove_cart,2026-03-16T12:37:38Z
357,992,checkout,2026-03-16T13:29:38Z
357,387,remove_cart,2026-03-16T14:26:38Z
357,82,click,2026-03-16T15:07:38Z
357,321,purchase,2026-03-16T15:57:38Z
357,1196,purchase,2026-03-16T16:05:38Z
357,967,checkout,2026-03-16T16:31:38Z
357,742,view,2026-03-16T16:42:38Z
357,205,search,2026-03-16T17:07:38Z
357,521,remove_cart,2026-03-16T17:40:38Z
357,778,search,2026-03-16T17:58:38Z
357,749,remove_cart,2026-03-16T18:17:38Z
357,1400,add_to_cart,2026-03-16T18:34:38Z
357,1361,search,2026-03-16T18:40:38Z
357,1042,purchase,2026-03-16T18:52:38Z
357,181,click,2026-03-16T19:48:38Z
357,910,purchase,2026-03-16T20:44:38Z
357,1399,add_to_cart,2026-03-16T21:02:38Z
357,1010,search,2026-03-16T21:52:38Z
357,1185,add_to_cart,2026-03-16T22:42:38Z
357,1469,checkout,2026-03-16T23:30:38Z
357,190,wishlist,2026-03-17T00:07:38Z
357,614,search,2026-03-17T01:06:38Z
357,11,search,2026-03-17T01:08:38Z
357,696,search,2026-03-17T01:33:38Z
357,830,search,2026-03-17T02:31:38Z
357,1188,purchase,2026-03-17T03:28:38Z
357,593,add_to_cart,2026-03-17T04:10:38Z
357,38,checkout,2026-03-17T04:46:38Z
357,500,checkout,2026-03-17T05:35:38Z
357,1365,checkout,2026-03-17T06:01:38Z
358,522,view,2026-01-23T16:49:38Z
358,1172,click,2026-01-23T17:44:38Z
358,422,add_to_cart,2026-01-23T18:15:38Z
358,1088,remove_cart,2026-01-23T18:44:38Z
358,659,view,2026-01-23T18:47:38Z
358,304,purchase,2026-01-23T19:05:38Z
358,1153,wishlist,2026-01-23T19:13:38Z
358,1102,click,2026-01-23T20:08:38Z
358,868,checkout,2026-01-23T20:16:38Z
358,1103,add_to_cart,2026-01-23T21:11:38Z
358,905,checkout,2026-01-23T21:31:38Z
358,938,remove_cart,2026-01-23T22:23:38Z
358,1422,remove_cart,2026-01-23T22:51:38Z
358,118,remove_cart,2026-01-23T23:40:38Z
358,247,click,2026-01-24T00:18:38Z
358,748,purchase,2026-01-24T01:16:38Z
358,519,add_to_cart,2026-01-24T01:41:38Z
358,1182,add_to_cart,2026-01-24T02:03:38Z
358,919,purchase,2026-01-24T02:11:38Z
358,1187,remove_cart,2026-01-24T03:07:38Z
358,32,checkout,2026-01-24T04:02:38Z
358,917,wishlist,2026-01-24T04:29:38Z
358,240,wishlist,2026-01-24T05:06:38Z
358,768,view,2026-01-24T05:47:38Z
358,436,remove_cart,2026-01-24T06:34:38Z
358,96,remove_cart,2026-01-24T07:06:38Z
358,569,search,2026-01-24T08:01:38Z
358,986,checkout,2026-01-24T08:32:38Z
358,70,click,2026-01-24T08:50:38Z
358,923,wishlist,2026-01-24T09:42:38Z
358,114,checkout,2026-01-24T10:42:38Z
358,38,add_to_cart,2026-01-24T11:06:38Z
358,755,click,2026-01-24T11:30:38Z
358,1266,search,2026-01-24T11:47:38Z
358,1311,search,2026-01-24T11:50:38Z
358,664,wishlist,2026-01-24T12:20:38Z
358,798,add_to_cart,2026-01-24T12:44:38Z
358,530,purchase,2026-01-24T13:16:38Z
358,1126,search,2026-01-24T14:16:38Z
358,690,search,2026-01-24T14:39:38Z
358,1371,wishlist,2026-01-24T15:25:38Z
358,1379,checkout,2026-01-24T15:50:38Z
358,496,remove_cart,2026-01-24T16:04:38Z
358,557,wishlist,2026-01-24T16:49:38Z
358,1452,add_to_cart,2026-01-24T16:50:38Z
358,1158,wishlist,2026-01-24T16:52:38Z
358,21,wishlist,2026-01-24T17:06:38Z
358,964,checkout,2026-01-24T17:17:38Z
358,1082,checkout,2026-01-24T17:26:38Z
358,797,add_to_cart,2026-01-24T17:57:38Z
358,1040,wishlist,2026-01-24T18:41:38Z
358,1470,checkout,2026-01-24T18:45:38Z
358,323,search,2026-01-24T19:39:38Z
358,826,remove_cart,2026-01-24T20:32:38Z
358,840,view,2026-01-24T20:48:38Z
358,1250,remove_cart,2026-01-24T21:40:38Z
358,1303,view,2026-01-24T22:31:38Z
358,952,add_to_cart,2026-01-24T23:21:38Z
358,628,remove_cart,2026-01-25T00:05:38Z
358,354,search,2026-01-25T00:40:38Z
359,1418,view,2026-02-02T16:35:38Z
359,95,wishlist,2026-02-02T16:59:38Z
359,988,view,2026-02-02T17:03:38Z
359,816,click,2026-02-02T17:42:38Z
359,211,add_to_cart,2026-02-02T18:34:38Z
359,459,remove_cart,2026-02-02T18:57:38Z
359,957,checkout,2026-02-02T19:29:38Z
359,570,search,2026-02-02T19:38:38Z
359,861,checkout,2026-02-02T19:45:38Z
359,133,search,2026-02-02T20:22:38Z
359,396,click,2026-02-02T20:47:38Z
359,684,remove_cart,2026-02-02T21:25:38Z
359,1407,view,2026-02-02T22:20:38Z
359,356,checkout,2026-02-02T23:12:38Z
359,361,wishlist,2026-02-02T23:51:38Z
359,203,wishlist,2026-02-02T23:54:38Z
359,152,remove_cart,2026-02-03T00:33:38Z
359,1256,wishlist,2026-02-03T01:01:38Z
359,127,checkout,2026-02-03T01:35:38Z
359,1044,checkout,2026-02-03T02:15:38Z
359,110,add_to_cart,2026-02-03T02:29:38Z
359,95,checkout,2026-02-03T03:12:38Z
359,130,view,2026-02-03T03:46:38Z
359,631,purchase,2026-02-03T04:00:38Z
359,428,view,2026-02-03T04:10:38Z
359,475,checkout,2026-02-03T04:30:38Z
359,886,add_to_cart,2026-02-03T05:24:38Z
359,571,add_to_cart,2026-02-03T06:13:38Z
359,1131,search,2026-02-03T06:20:38Z
359,1427,view,2026-02-03T06:26:38Z
359,1183,remove_cart,2026-02-03T07:10:38Z
359,1251,wishlist,2026-02-03T08:09:38Z
359,1321,click,2026-02-03T08:17:38Z
359,616,add_to_cart,2026-02-03T08:54:38Z
359,539,remove_cart,2026-02-03T09:52:38Z
359,140,view,2026-02-03T10:08:38Z
359,319,click,2026-02-03T10:43:38Z
359,194,checkout,2026-02-03T11:22:38Z
359,732,search,2026-02-03T11:50:38Z
359,169,wishlist,2026-02-03T11:57:38Z
359,387,add_to_cart,2026-02-03T11:59:38Z
359,122,purchase,2026-02-03T12:36:38Z
359,789,wishlist,2026-02-03T13:15:38Z
359,887,remove_cart,2026-02-03T13:59:38Z
359,445,search,2026-02-03T14:09:38Z
359,387,search,2026-02-03T15:02:38Z
359,987,purchase,2026-02-03T15:49:38Z
359,1385,wishlist,2026-02-03T16:46:38Z
359,326,search,2026-02-03T17:43:38Z
359,497,search,2026-02-03T18:08:38Z
359,982,checkout,2026-02-03T18:55:38Z
359,1286,purchase,2026-02-03T19:15:38Z
359,499,wishlist,2026-02-03T19:19:38Z
359,1498,view,2026-02-03T20:12:38Z
359,919,add_to_cart,2026-02-03T21:08:38Z
359,280,checkout,2026-02-03T21:59:38Z
359,1179,click,2026-02-03T22:29:38Z
359,153,purchase,2026-02-03T23:22:38Z
359,733,remove_cart,2026-02-03T23:33:38Z
359,676,view,2026-02-04T00:27:38Z
359,324,wishlist,2026-02-04T00:40:38Z
360,1341,search,2026-02-22T16:40:38Z
360,626,view,2026-02-22T17:21:38Z
360,1440,click,2026-02-22T18:05:38Z
360,955,purchase,2026-02-22T18:50:38Z
360,1144,add_to_cart,2026-02-22T19:16:38Z
360,1449,checkout,2026-02-22T20:05:38Z
360,493,checkout,2026-02-22T20:43:38Z
360,1218,search,2026-02-22T21:39:38Z
360,352,click,2026-02-22T22:31:38Z
360,340,remove_cart,2026-02-22T23:00:38Z
360,527,checkout,2026-02-22T23:31:38Z
360,1103,checkout,2026-02-23T00:22:38Z
360,1263,remove_cart,2026-02-23T01:21:38Z
360,604,click,2026-02-23T01:25:38Z
360,778,view,2026-02-23T01:54:38Z
360,773,add_to_cart,2026-02-23T02:33:38Z
360,375,remove_cart,2026-02-23T02:54:38Z
360,649,search,2026-02-23T03:01:38Z
360,153,checkout,2026-02-23T03:16:38Z
360,38,view,2026-02-23T03:26:38Z
360,541,search,2026-02-23T03:28:38Z
360,17,click,2026-02-23T04:14:38Z
360,210,checkout,2026-02-23T05:06:38Z
360,1219,click,2026-02-23T05:15:38Z
360,1410,search,2026-02-23T05:31:38Z
360,116,purchase,2026-02-23T06:01:38Z
360,747,add_to_cart,2026-02-23T06:29:38Z
360,205,checkout,2026-02-23T07:03:38Z
360,811,search,2026-02-23T07:43:38Z
360,733,purchase,2026-02-23T08:35:38Z
360,162,wishlist,2026-02-23T08:37:38Z
360,429,purchase,2026-02-23T09:01:38Z
360,163,click,2026-02-23T09:44:38Z
360,234,view,2026-02-23T10:41:38Z
360,619,wishlist,2026-02-23T11:14:38Z
360,908,wishlist,2026-02-23T11:40:38Z
360,188,purchase,2026-02-23T12:37:38Z
360,118,purchase,2026-02-23T13:08:38Z
360,1429,view,2026-02-23T13:55:38Z
360,1420,click,2026-02-23T14:38:38Z
360,1162,checkout,2026-02-23T14:56:38Z
360,924,purchase,2026-02-23T15:02:38Z
360,57,wishlist,2026-02-23T15:29:38Z
360,14,checkout,2026-02-23T15:44:38Z
360,1446,add_to_cart,2026-02-23T15:51:38Z
360,929,checkout,2026-02-23T16:05:38Z
360,1220,purchase,2026-02-23T16:21:38Z
361,12,view,2026-01-28T16:28:38Z
361,1353,click,2026-01-28T16:35:38Z
361,593,add_to_cart,2026-01-28T17:32:38Z
361,352,checkout,2026-01-28T18:09:38Z
361,321,purchase,2026-01-28T18:36:38Z
361,1130,click,2026-01-28T19:29:38Z
361,327,add_to_cart,2026-01-28T20:28:38Z
361,1,search,2026-01-28T20:29:38Z
361,428,remove_cart,2026-01-28T20:34:38Z
361,553,remove_cart,2026-01-28T20:56:38Z
361,826,remove_cart,2026-01-28T21:56:38Z
361,1332,view,2026-01-28T22:07:38Z
361,175,wishlist,2026-01-28T23:02:38Z
361,700,search,2026-01-28T23:18:38Z
361,567,view,2026-01-29T00:12:38Z
361,132,checkout,2026-01-29T00:18:38Z
361,67,view,2026-01-29T01:09:38Z
361,108,search,2026-01-29T01:31:38Z
361,647,click,2026-01-29T02:29:38Z
361,144,purchase,2026-01-29T03:29:38Z
361,672,click,2026-01-29T04:06:38Z
361,310,remove_cart,2026-01-29T04:10:38Z
361,1230,checkout,2026-01-29T04:36:38Z
361,1440,purchase,2026-01-29T05:28:38Z
361,1013,search,2026-01-29T06:19:38Z
361,896,checkout,2026-01-29T06:58:38Z
361,671,remove_cart,2026-01-29T07:02:38Z
361,1029,search,2026-01-29T08:01:38Z
361,307,wishlist,2026-01-29T08:26:38Z
361,717,wishlist,2026-01-29T08:57:38Z
361,560,view,2026-01-29T09:51:38Z
361,635,add_to_cart,2026-01-29T10:03:38Z
361,535,remove_cart,2026-01-29T10:59:38Z
361,1210,view,2026-01-29T11:24:38Z
361,1418,search,2026-01-29T12:07:38Z
361,225,remove_cart,2026-01-29T12:56:38Z
361,529,checkout,2026-01-29T13:18:38Z
361,1062,click,2026-01-29T14:06:38Z
361,1022,add_to_cart,2026-01-29T14:38:38Z
361,238,click,2026-01-29T15:29:38Z
361,1143,search,2026-01-29T16:05:38Z
361,114,click,2026-01-29T16:30:38Z
361,44,wishlist,2026-01-29T17:06:38Z
361,1023,click,2026-01-29T17:43:38Z
361,1004,wishlist,2026-01-29T18:06:38Z
361,349,view,2026-01-29T18:42:38Z
361,1124,remove_cart,2026-01-29T19:14:38Z
361,668,remove_cart,2026-01-29T20:09:38Z
361,555,view,2026-01-29T20:26:38Z
361,613,search,2026-01-29T20:32:38Z
362,534,search,2026-03-15T17:02:38Z
362,297,view,2026-03-15T17:52:38Z
362,829,click,2026-03-15T18:40:38Z
362,1289,checkout,2026-03-15T19:31:38Z
362,1104,view,2026-03-15T20:05:38Z
362,710,view,2026-03-15T20:50:38Z
362,673,view,2026-03-15T20:55:38Z
362,898,click,2026-03-15T21:10:38Z
362,363,remove_cart,2026-03-15T22:00:38Z
362,517,remove_cart,2026-03-15T22:33:38Z
362,601,checkout,2026-03-15T22:36:38Z
362,129,add_to_cart,2026-03-15T22:53:38Z
362,1154,remove_cart,2026-03-15T23:40:38Z
362,307,click,2026-03-15T23:59:38Z
362,783,view,2026-03-16T00:28:38Z
362,1339,click,2026-03-16T00:57:38Z
362,879,view,2026-03-16T01:00:38Z
362,543,click,2026-03-16T01:58:38Z
362,738,purchase,2026-03-16T02:26:38Z
362,1376,checkout,2026-03-16T02:36:38Z
362,1333,purchase,2026-03-16T03:15:38Z
362,842,checkout,2026-03-16T03:41:38Z
362,98,click,2026-03-16T04:25:38Z
362,249,wishlist,2026-03-16T04:42:38Z
362,172,checkout,2026-03-16T05:33:38Z
362,60,wishlist,2026-03-16T05:36:38Z
362,29,checkout,2026-03-16T06:04:38Z
362,937,click,2026-03-16T06:49:38Z
362,228,wishlist,2026-03-16T07:38:38Z
362,920,view,2026-03-16T07:39:38Z
362,513,checkout,2026-03-16T08:15:38Z
362,582,add_to_cart,2026-03-16T08:48:38Z
362,936,wishlist,2026-03-16T09:12:38Z
362,1085,remove_cart,2026-03-16T09:19:38Z
362,990,remove_cart,2026-03-16T10:18:38Z
362,94,checkout,2026-03-16T11:10:38Z
362,1000,remove_cart,2026-03-16T11:38:38Z
362,190,add_to_cart,2026-03-16T12:23:38Z
362,363,add_to_cart,2026-03-16T13:15:38Z
362,1201,purchase,2026-03-16T13:35:38Z
362,421,click,2026-03-16T13:52:38Z
362,1213,view,2026-03-16T14:33:38Z
362,743,add_to_cart,2026-03-16T14:41:38Z
362,362,add_to_cart,2026-03-16T15:10:38Z
362,994,wishlist,2026-03-16T15:50:38Z
362,866,purchase,2026-03-16T16:03:38Z
362,575,checkout,2026-03-16T17:02:38Z
362,1073,view,2026-03-16T18:00:38Z
362,1407,click,2026-03-16T18:11:38Z
362,1215,view,2026-03-16T18:34:38Z
362,587,search,2026-03-16T19:26:38Z
362,801,checkout,2026-03-16T20:07:38Z
362,362,view,2026-03-16T20:13:38Z
362,830,add_to_cart,2026-03-16T20:35:38Z
362,1090,add_to_cart,2026-03-16T20:39:38Z
362,197,purchase,2026-03-16T21:06:38Z
362,1146,view,2026-03-16T22:02:38Z
362,733,view,2026-03-16T22:12:38Z
362,1348,checkout,2026-03-16T23:05:38Z
362,144,view,2026-03-16T23:56:38Z
362,1330,remove_cart,2026-03-17T00:52:38Z
362,97,add_to_cart,2026-03-17T01:38:38Z
362,494,remove_cart,2026-03-17T02:24:38Z
362,464,checkout,2026-03-17T02:28:38Z
362,691,wishlist,2026-03-17T03:28:38Z
362,1276,wishlist,2026-03-17T04:25:38Z
362,253,click,2026-03-17T04:46:38Z
362,776,remove_cart,2026-03-17T05:15:38Z
362,1445,click,2026-03-17T05:43:38Z
362,1173,remove_cart,2026-03-17T05:53:38Z
362,712,remove_cart,2026-03-17T06:50:38Z
362,395,remove_cart,2026-03-17T07:50:38Z
362,112,remove_cart,2026-03-17T08:45:38Z
362,737,add_to_cart,2026-03-17T09:35:38Z
362,770,purchase,2026-03-17T10:31:38Z
362,296,checkout,2026-03-17T10:44:38Z
362,304,view,2026-03-17T11:24:38Z
363,95,view,2026-03-09T16:46:38Z
363,1126,wishlist,2026-03-09T17:38:38Z
363,41,view,2026-03-09T18:37:38Z
363,1259,click,2026-03-09T19:02:38Z
363,38,add_to_cart,2026-03-09T19:20:38Z
363,949,checkout,2026-03-09T19:56:38Z
363,1331,purchase,2026-03-09T20:49:38Z
363,199,checkout,2026-03-09T21:48:38Z
363,589,purchase,2026-03-09T22:29:38Z
363,115,click,2026-03-09T23:18:38Z
363,10,view,2026-03-09T23:59:38Z
363,661,remove_cart,2026-03-10T00:24:38Z
363,589,search,2026-03-10T00:57:38Z
363,1458,purchase,2026-03-10T01:52:38Z
363,12,purchase,2026-03-10T01:54:38Z
363,127,search,2026-03-10T02:22:38Z
363,642,purchase,2026-03-10T03:07:38Z
363,1452,remove_cart,2026-03-10T03:08:38Z
363,79,checkout,2026-03-10T04:05:38Z
363,1158,remove_cart,2026-03-10T04:23:38Z
363,764,purchase,2026-03-10T04:54:38Z
363,579,view,2026-03-10T05:13:38Z
363,1251,checkout,2026-03-10T06:10:38Z
363,645,view,2026-03-10T06:51:38Z
363,539,purchase,2026-03-10T06:55:38Z
363,260,checkout,2026-03-10T06:56:38Z
363,1085,checkout,2026-03-10T07:38:38Z
363,933,view,2026-03-10T07:49:38Z
363,755,remove_cart,2026-03-10T08:06:38Z
363,9,click,2026-03-10T08:19:38Z
363,1292,view,2026-03-10T08:40:38Z
364,1277,view,2026-04-13T17:20:38Z
364,672,click,2026-04-13T17:55:38Z
364,1006,add_to_cart,2026-04-13T18:54:38Z
364,612,checkout,2026-04-13T19:16:38Z
364,430,purchase,2026-04-13T19:47:38Z
364,580,view,2026-04-13T20:22:38Z
364,630,add_to_cart,2026-04-13T20:54:38Z
364,328,view,2026-04-13T21:19:38Z
364,667,add_to_cart,2026-04-13T21:52:38Z
364,336,view,2026-04-13T22:21:38Z
364,459,wishlist,2026-04-13T22:42:38Z
364,759,add_to_cart,2026-04-13T22:43:38Z
364,739,add_to_cart,2026-04-13T23:18:38Z
364,758,click,2026-04-13T23:39:38Z
364,387,view,2026-04-13T23:47:38Z
364,518,wishlist,2026-04-13T23:58:38Z
364,189,checkout,2026-04-14T00:04:38Z
364,1045,checkout,2026-04-14T00:40:38Z
364,708,checkout,2026-04-14T01:24:38Z
364,741,view,2026-04-14T02:11:38Z
364,1275,click,2026-04-14T02:25:38Z
364,1087,click,2026-04-14T03:22:38Z
364,1051,search,2026-04-14T03:28:38Z
364,190,view,2026-04-14T03:51:38Z
364,261,search,2026-04-14T03:58:38Z
364,7,view,2026-04-14T04:44:38Z
364,1295,checkout,2026-04-14T05:01:38Z
364,766,view,2026-04-14T05:19:38Z
364,877,click,2026-04-14T05:41:38Z
364,316,purchase,2026-04-14T05:55:38Z
364,1434,checkout,2026-04-14T06:22:38Z
364,784,add_to_cart,2026-04-14T07:13:38Z
364,464,search,2026-04-14T07:42:38Z
364,1253,checkout,2026-04-14T08:36:38Z
364,1162,purchase,2026-04-14T08:39:38Z
364,758,add_to_cart,2026-04-14T09:23:38Z
364,418,add_to_cart,2026-04-14T10:18:38Z
364,105,view,2026-04-14T10:43:38Z
364,407,wishlist,2026-04-14T11:10:38Z
364,93,remove_cart,2026-04-14T12:02:38Z
364,305,checkout,2026-04-14T12:08:38Z
364,253,search,2026-04-14T13:02:38Z
364,421,purchase,2026-04-14T13:33:38Z
364,178,search,2026-04-14T14:13:38Z
364,641,add_to_cart,2026-04-14T14:55:38Z
364,455,click,2026-04-14T15:32:38Z
364,1185,remove_cart,2026-04-14T15:57:38Z
364,389,search,2026-04-14T16:53:38Z
364,426,remove_cart,2026-04-14T17:13:38Z
364,1389,remove_cart,2026-04-14T17:36:38Z
364,1348,purchase,2026-04-14T17:42:38Z
364,646,search,2026-04-14T18:40:38Z
364,862,search,2026-04-14T19:04:38Z
364,65,click,2026-04-14T19:28:38Z
364,602,wishlist,2026-04-14T19:35:38Z
364,477,remove_cart,2026-04-14T20:20:38Z
364,917,click,2026-04-14T20:55:38Z
364,842,checkout,2026-04-14T21:52:38Z
364,1380,purchase,2026-04-14T22:08:38Z
364,407,view,2026-04-14T22:17:38Z
364,319,view,2026-04-14T22:35:38Z
364,455,purchase,2026-04-14T22:51:38Z
364,1355,purchase,2026-04-14T22:58:38Z
364,298,remove_cart,2026-04-14T22:59:38Z
364,1251,wishlist,2026-04-14T23:01:38Z
364,34,add_to_cart,2026-04-14T23:33:38Z
364,50,search,2026-04-14T23:34:38Z
364,1119,search,2026-04-14T23:50:38Z
364,778,remove_cart,2026-04-15T00:50:38Z
364,621,remove_cart,2026-04-15T01:23:38Z
365,313,view,2026-04-14T17:04:38Z
365,88,click,2026-04-14T17:29:38Z
365,329,add_to_cart,2026-04-14T18:17:38Z
365,645,remove_cart,2026-04-14T18:47:38Z
365,1037,view,2026-04-14T19:18:38Z
365,415,remove_cart,2026-04-14T19:46:38Z
365,60,remove_cart,2026-04-14T20:19:38Z
365,995,wishlist,2026-04-14T20:33:38Z
365,119,purchase,2026-04-14T21:07:38Z
365,389,add_to_cart,2026-04-14T21:20:38Z
365,943,view,2026-04-14T21:57:38Z
365,1247,view,2026-04-14T22:03:38Z
365,951,add_to_cart,2026-04-14T22:22:38Z
365,1293,checkout,2026-04-14T22:26:38Z
365,204,checkout,2026-04-14T22:50:38Z
365,214,remove_cart,2026-04-14T22:59:38Z
365,1039,view,2026-04-14T23:36:38Z
365,386,remove_cart,2026-04-15T00:30:38Z
365,1081,remove_cart,2026-04-15T01:00:38Z
365,1329,add_to_cart,2026-04-15T01:33:38Z
365,868,click,2026-04-15T02:30:38Z
365,29,remove_cart,2026-04-15T02:31:38Z
365,818,remove_cart,2026-04-15T03:21:38Z
365,327,click,2026-04-15T04:18:38Z
365,97,checkout,2026-04-15T04:56:38Z
365,335,search,2026-04-15T05:43:38Z
365,1115,wishlist,2026-04-15T05:54:38Z
365,661,search,2026-04-15T06:19:38Z
365,1119,view,2026-04-15T06:47:38Z
365,921,click,2026-04-15T07:31:38Z
365,1293,add_to_cart,2026-04-15T07:42:38Z
365,1364,search,2026-04-15T07:49:38Z
365,907,checkout,2026-04-15T08:28:38Z
365,253,view,2026-04-15T08:42:38Z
365,128,view,2026-04-15T09:18:38Z
365,1145,purchase,2026-04-15T09:35:38Z
365,1119,view,2026-04-15T10:15:38Z
365,1486,wishlist,2026-04-15T11:12:38Z
365,1087,search,2026-04-15T11:29:38Z
365,1175,checkout,2026-04-15T12:05:38Z
365,557,view,2026-04-15T12:58:38Z
365,523,purchase,2026-04-15T13:11:38Z
365,652,remove_cart,2026-04-15T14:09:38Z
365,1418,remove_cart,2026-04-15T15:08:38Z
365,1300,checkout,2026-04-15T16:07:38Z
365,123,add_to_cart,2026-04-15T16:32:38Z
365,444,add_to_cart,2026-04-15T16:39:38Z
365,1033,click,2026-04-15T17:22:38Z
365,1441,view,2026-04-15T17:50:38Z
366,656,view,2026-02-25T16:26:38Z
366,1311,wishlist,2026-02-25T17:26:38Z
366,1184,view,2026-02-25T18:05:38Z
366,1302,click,2026-02-25T18:36:38Z
366,622,add_to_cart,2026-02-25T19:20:38Z
366,50,purchase,2026-02-25T20:01:38Z
366,1139,checkout,2026-02-25T20:48:38Z
366,1440,view,2026-02-25T21:42:38Z
366,1074,purchase,2026-02-25T22:11:38Z
366,1316,add_to_cart,2026-02-25T23:11:38Z
366,494,wishlist,2026-02-25T23:57:38Z
366,260,checkout,2026-02-26T00:04:38Z
366,1078,remove_cart,2026-02-26T00:52:38Z
366,589,checkout,2026-02-26T00:54:38Z
366,656,click,2026-02-26T01:16:38Z
366,1304,checkout,2026-02-26T01:51:38Z
366,1294,click,2026-02-26T02:07:38Z
366,1464,checkout,2026-02-26T02:20:38Z
366,343,click,2026-02-26T02:39:38Z
366,979,click,2026-02-26T03:33:38Z
366,282,wishlist,2026-02-26T03:58:38Z
366,1217,search,2026-02-26T04:29:38Z
366,517,search,2026-02-26T05:16:38Z
366,228,purchase,2026-02-26T05:29:38Z
366,326,checkout,2026-02-26T06:04:38Z
366,1480,checkout,2026-02-26T06:19:38Z
366,1330,view,2026-02-26T06:42:38Z
366,891,checkout,2026-02-26T07:09:38Z
366,1082,add_to_cart,2026-02-26T07:12:38Z
366,29,search,2026-02-26T08:05:38Z
366,562,checkout,2026-02-26T08:39:38Z
366,28,remove_cart,2026-02-26T08:56:38Z
366,906,click,2026-02-26T09:18:38Z
366,833,checkout,2026-02-26T09:37:38Z
366,240,remove_cart,2026-02-26T09:46:38Z
366,1357,checkout,2026-02-26T10:19:38Z
366,876,wishlist,2026-02-26T11:13:38Z
366,257,wishlist,2026-02-26T11:54:38Z
366,704,wishlist,2026-02-26T12:52:38Z
366,539,search,2026-02-26T13:02:38Z
366,865,wishlist,2026-02-26T13:38:38Z
366,358,remove_cart,2026-02-26T14:08:38Z
366,1244,add_to_cart,2026-02-26T14:45:38Z
366,332,view,2026-02-26T15:15:38Z
366,861,add_to_cart,2026-02-26T16:01:38Z
366,556,checkout,2026-02-26T16:41:38Z
366,1365,view,2026-02-26T17:09:38Z
367,533,view,2026-04-07T17:12:38Z
367,467,wishlist,2026-04-07T17:19:38Z
367,336,view,2026-04-07T17:53:38Z
367,1469,click,2026-04-07T18:22:38Z
367,478,add_to_cart,2026-04-07T19:22:38Z
367,1101,remove_cart,2026-04-07T20:05:38Z
367,1262,purchase,2026-04-07T20:21:38Z
367,416,add_to_cart,2026-04-07T21:13:38Z
367,318,remove_cart,2026-04-07T21:22:38Z
367,518,wishlist,2026-04-07T22:04:38Z
367,1027,remove_cart,2026-04-07T22:46:38Z
367,1154,remove_cart,2026-04-07T22:58:38Z
367,883,remove_cart,2026-04-07T23:56:38Z
367,465,click,2026-04-08T00:00:38Z
367,764,wishlist,2026-04-08T00:26:38Z
367,1314,checkout,2026-04-08T00:44:38Z
367,640,view,2026-04-08T01:20:38Z
367,1335,purchase,2026-04-08T01:52:38Z
367,626,click,2026-04-08T02:38:38Z
367,299,add_to_cart,2026-04-08T03:05:38Z
367,1284,checkout,2026-04-08T03:20:38Z
368,108,view,2026-04-19T16:25:38Z
368,159,click,2026-04-19T17:12:38Z
368,877,add_to_cart,2026-04-19T17:22:38Z
368,585,remove_cart,2026-04-19T17:49:38Z
368,800,view,2026-04-19T18:44:38Z
368,889,view,2026-04-19T19:22:38Z
368,1239,click,2026-04-19T19:41:38Z
368,172,view,2026-04-19T20:18:38Z
368,1224,view,2026-04-19T20:22:38Z
368,804,click,2026-04-19T20:50:38Z
368,1364,wishlist,2026-04-19T21:44:38Z
368,696,wishlist,2026-04-19T22:04:38Z
368,1476,search,2026-04-19T23:04:38Z
368,112,purchase,2026-04-19T23:07:38Z
368,1063,click,2026-04-19T23:38:38Z
368,820,search,2026-04-20T00:33:38Z
368,1006,add_to_cart,2026-04-20T01:15:38Z
368,1333,search,2026-04-20T02:11:38Z
368,9,add_to_cart,2026-04-20T03:03:38Z
368,1463,wishlist,2026-04-20T03:15:38Z
368,1363,add_to_cart,2026-04-20T03:37:38Z
368,405,checkout,2026-04-20T04:21:38Z
368,407,view,2026-04-20T04:53:38Z
368,844,add_to_cart,2026-04-20T05:00:38Z
368,819,remove_cart,2026-04-20T05:24:38Z
368,917,click,2026-04-20T05:27:38Z
368,1090,view,2026-04-20T06:08:38Z
368,135,remove_cart,2026-04-20T06:57:38Z
368,1014,click,2026-04-20T07:50:38Z
368,1371,click,2026-04-20T08:04:38Z
368,1310,search,2026-04-20T08:05:38Z
368,69,add_to_cart,2026-04-20T08:28:38Z
368,553,view,2026-04-20T08:55:38Z
368,939,add_to_cart,2026-04-20T09:05:38Z
368,527,remove_cart,2026-04-20T10:04:38Z
368,1179,purchase,2026-04-20T10:24:38Z
368,1376,search,2026-04-20T11:13:38Z
368,288,remove_cart,2026-04-20T11:35:38Z
368,1405,remove_cart,2026-04-20T12:19:38Z
368,656,wishlist,2026-04-20T12:23:38Z
368,1023,purchase,2026-04-20T12:42:38Z
368,540,checkout,2026-04-20T13:26:38Z
368,843,click,2026-04-20T13:32:38Z
369,1174,view,2026-03-30T17:07:38Z
369,722,wishlist,2026-03-30T18:04:38Z
369,1469,view,2026-03-30T18:17:38Z
369,1126,click,2026-03-30T19:11:38Z
369,1477,add_to_cart,2026-03-30T19:46:38Z
369,736,checkout,2026-03-30T20:08:38Z
369,649,checkout,2026-03-30T21:08:38Z
369,534,add_to_cart,2026-03-30T21:12:38Z
369,706,click,2026-03-30T21:56:38Z
369,1085,wishlist,2026-03-30T22:07:38Z
369,468,add_to_cart,2026-03-30T22:56:38Z
369,203,view,2026-03-30T23:48:38Z
369,561,remove_cart,2026-03-31T00:48:38Z
369,1350,purchase,2026-03-31T00:50:38Z
369,275,purchase,2026-03-31T01:31:38Z
369,1444,checkout,2026-03-31T02:01:38Z
369,1318,search,2026-03-31T02:20:38Z
369,467,search,2026-03-31T02:35:38Z
369,1439,add_to_cart,2026-03-31T03:13:38Z
369,1391,search,2026-03-31T03:36:38Z
370,1022,view,2026-02-11T17:21:38Z
370,1318,click,2026-02-11T18:06:38Z
370,579,add_to_cart,2026-02-11T18:53:38Z
370,1449,remove_cart,2026-02-11T19:50:38Z
370,605,view,2026-02-11T19:54:38Z
370,266,checkout,2026-02-11T20:24:38Z
370,1304,search,2026-02-11T21:05:38Z
370,562,remove_cart,2026-02-11T21:52:38Z
370,1045,checkout,2026-02-11T22:02:38Z
370,606,purchase,2026-02-11T22:45:38Z
370,21,click,2026-02-11T23:22:38Z
370,1286,remove_cart,2026-02-11T23:51:38Z
370,66,click,2026-02-11T23:53:38Z
370,598,checkout,2026-02-12T00:29:38Z
370,1257,search,2026-02-12T00:41:38Z
370,1168,add_to_cart,2026-02-12T01:19:38Z
370,777,purchase,2026-02-12T01:24:38Z
370,249,search,2026-02-12T01:33:38Z
370,260,add_to_cart,2026-02-12T02:06:38Z
370,1037,remove_cart,2026-02-12T02:29:38Z
370,963,wishlist,2026-02-12T03:08:38Z
370,369,view,2026-02-12T04:07:38Z
370,1213,search,2026-02-12T04:41:38Z
370,702,click,2026-02-12T04:42:38Z
370,1155,wishlist,2026-02-12T05:13:38Z
370,1083,click,2026-02-12T05:37:38Z
370,542,search,2026-02-12T05:52:38Z
370,776,wishlist,2026-02-12T06:50:38Z
370,1333,wishlist,2026-02-12T06:58:38Z
370,457,add_to_cart,2026-02-12T07:48:38Z
370,544,search,2026-02-12T08:02:38Z
370,1468,search,2026-02-12T08:06:38Z
370,55,checkout,2026-02-12T08:51:38Z
370,1336,view,2026-02-12T09:18:38Z
370,491,purchase,2026-02-12T09:23:38Z
370,1329,wishlist,2026-02-12T10:03:38Z
370,661,search,2026-02-12T10:19:38Z
370,1344,checkout,2026-02-12T10:54:38Z
370,668,search,2026-02-12T11:49:38Z
370,968,view,2026-02-12T12:37:38Z
370,1492,purchase,2026-02-12T13:22:38Z
370,1072,click,2026-02-12T13:32:38Z
370,1305,add_to_cart,2026-02-12T13:37:38Z
370,147,click,2026-02-12T14:28:38Z
370,632,add_to_cart,2026-02-12T14:54:38Z
370,1352,add_to_cart,2026-02-12T15:01:38Z
370,525,click,2026-02-12T15:22:38Z
370,1016,search,2026-02-12T16:12:38Z
370,952,purchase,2026-02-12T17:02:38Z
371,120,view,2026-02-20T16:54:38Z
371,58,click,2026-02-20T17:18:38Z
371,52,add_to_cart,2026-02-20T17:47:38Z
371,760,checkout,2026-02-20T18:27:38Z
371,1478,purchase,2026-02-20T19:09:38Z
371,824,view,2026-02-20T19:50:38Z
371,1370,add_to_cart,2026-02-20T20:15:38Z
371,909,purchase,2026-02-20T20:27:38Z
371,523,remove_cart,2026-02-20T20:39:38Z
371,876,purchase,2026-02-20T20:48:38Z
371,314,wishlist,2026-02-20T21:17:38Z
371,1016,view,2026-02-20T22:07:38Z
371,1006,view,2026-02-20T22:24:38Z
371,1052,view,2026-02-20T22:55:38Z
371,1238,purchase,2026-02-20T23:24:38Z
371,1359,checkout,2026-02-20T23:56:38Z
371,1435,wishlist,2026-02-21T00:07:38Z
371,1207,purchase,2026-02-21T00:47:38Z
371,400,remove_cart,2026-02-21T01:41:38Z
371,223,remove_cart,2026-02-21T02:18:38Z
371,568,search,2026-02-21T02:42:38Z
371,1391,search,2026-02-21T02:49:38Z
371,743,purchase,2026-02-21T03:22:38Z
371,1165,checkout,2026-02-21T04:08:38Z
371,340,add_to_cart,2026-02-21T04:42:38Z
371,301,remove_cart,2026-02-21T05:34:38Z
371,859,view,2026-02-21T05:41:38Z
371,647,wishlist,2026-02-21T05:48:38Z
371,987,wishlist,2026-02-21T05:59:38Z
371,1113,search,2026-02-21T06:28:38Z
371,740,checkout,2026-02-21T06:35:38Z
371,459,wishlist,2026-02-21T07:23:38Z
371,145,purchase,2026-02-21T07:37:38Z
371,467,checkout,2026-02-21T08:14:38Z
371,1363,click,2026-02-21T09:05:38Z
371,612,purchase,2026-02-21T09:47:38Z
371,785,checkout,2026-02-21T10:09:38Z
371,867,click,2026-02-21T10:49:38Z
371,952,click,2026-02-21T11:44:38Z
371,1292,remove_cart,2026-02-21T12:08:38Z
371,231,view,2026-02-21T12:18:38Z
371,42,view,2026-02-21T13:10:38Z
371,1022,view,2026-02-21T13:21:38Z
371,1358,remove_cart,2026-02-21T13:41:38Z
371,1069,wishlist,2026-02-21T14:38:38Z
371,11,checkout,2026-02-21T14:42:38Z
371,1304,wishlist,2026-02-21T14:50:38Z
371,466,add_to_cart,2026-02-21T15:11:38Z
371,1331,view,2026-02-21T16:07:38Z
371,196,remove_cart,2026-02-21T16:20:38Z
371,442,view,2026-02-21T16:42:38Z
371,785,checkout,2026-02-21T17:36:38Z
371,1496,purchase,2026-02-21T17:47:38Z
371,1179,checkout,2026-02-21T18:28:38Z
371,1020,add_to_cart,2026-02-21T19:14:38Z
371,789,search,2026-02-21T19:58:38Z
371,810,add_to_cart,2026-02-21T20:10:38Z
371,399,checkout,2026-02-21T20:31:38Z
371,713,click,2026-02-21T20:36:38Z
371,533,add_to_cart,2026-02-21T21:19:38Z
372,1345,view,2026-03-24T16:31:38Z
372,911,click,2026-03-24T16:33:38Z
372,914,add_to_cart,2026-03-24T16:54:38Z
372,395,remove_cart,2026-03-24T17:33:38Z
372,199,view,2026-03-24T18:20:38Z
372,1334,search,2026-03-24T19:16:38Z
372,1340,search,2026-03-24T19:33:38Z
372,236,search,2026-03-24T20:25:38Z
372,554,remove_cart,2026-03-24T21:08:38Z
372,1177,wishlist,2026-03-24T21:52:38Z
372,1297,remove_cart,2026-03-24T22:04:38Z
372,415,search,2026-03-24T22:47:38Z
372,1177,search,2026-03-24T22:48:38Z
372,1010,add_to_cart,2026-03-24T23:38:38Z
372,153,checkout,2026-03-25T00:21:38Z
372,469,wishlist,2026-03-25T00:50:38Z
372,679,remove_cart,2026-03-25T01:24:38Z
372,911,view,2026-03-25T02:06:38Z
372,1381,view,2026-03-25T02:27:38Z
372,1110,click,2026-03-25T03:25:38Z
372,182,add_to_cart,2026-03-25T03:48:38Z
372,63,click,2026-03-25T04:39:38Z
372,1338,purchase,2026-03-25T04:45:38Z
372,268,remove_cart,2026-03-25T05:14:38Z
372,728,view,2026-03-25T05:45:38Z
372,569,click,2026-03-25T06:03:38Z
372,880,wishlist,2026-03-25T06:30:38Z
372,836,click,2026-03-25T07:10:38Z
372,941,remove_cart,2026-03-25T07:57:38Z
372,20,remove_cart,2026-03-25T08:48:38Z
372,682,click,2026-03-25T09:35:38Z
372,554,view,2026-03-25T10:21:38Z
372,4,purchase,2026-03-25T10:39:38Z
372,380,click,2026-03-25T10:40:38Z
372,762,remove_cart,2026-03-25T11:22:38Z
372,776,wishlist,2026-03-25T11:52:38Z
372,759,search,2026-03-25T12:22:38Z
372,1316,remove_cart,2026-03-25T13:17:38Z
372,938,remove_cart,2026-03-25T13:41:38Z
372,286,purchase,2026-03-25T14:28:38Z
372,617,checkout,2026-03-25T14:59:38Z
372,121,click,2026-03-25T15:48:38Z
372,888,wishlist,2026-03-25T15:49:38Z
372,44,wishlist,2026-03-25T16:29:38Z
372,500,add_to_cart,2026-03-25T16:45:38Z
372,609,view,2026-03-25T17:25:38Z
372,1440,remove_cart,2026-03-25T18:14:38Z
372,637,add_to_cart,2026-03-25T18:22:38Z
372,48,checkout,2026-03-25T19:03:38Z
372,201,remove_cart,2026-03-25T19:57:38Z
372,685,remove_cart,2026-03-25T20:51:38Z
372,948,purchase,2026-03-25T21:46:38Z
372,26,purchase,2026-03-25T22:40:38Z
372,607,wishlist,2026-03-25T22:54:38Z
372,1222,add_to_cart,2026-03-25T23:29:38Z
372,1453,view,2026-03-26T00:01:38Z
372,856,click,2026-03-26T00:42:38Z
372,415,add_to_cart,2026-03-26T01:20:38Z
372,1179,view,2026-03-26T02:20:38Z
372,721,remove_cart,2026-03-26T02:28:38Z
372,229,view,2026-03-26T02:59:38Z
372,816,view,2026-03-26T03:27:38Z
372,1237,click,2026-03-26T03:53:38Z
372,888,view,2026-03-26T04:08:38Z
372,680,checkout,2026-03-26T04:12:38Z
372,243,view,2026-03-26T04:30:38Z
372,1346,click,2026-03-26T05:00:38Z
372,1247,checkout,2026-03-26T05:29:38Z
373,1218,search,2026-01-23T16:29:38Z
373,584,view,2026-01-23T17:06:38Z
373,908,click,2026-01-23T17:33:38Z
373,1274,view,2026-01-23T18:10:38Z
373,100,remove_cart,2026-01-23T18:54:38Z
373,1262,checkout,2026-01-23T19:12:38Z
373,142,remove_cart,2026-01-23T20:05:38Z
373,1240,add_to_cart,2026-01-23T20:15:38Z
373,1051,purchase,2026-01-23T20:17:38Z
373,1059,checkout,2026-01-23T20:52:38Z
373,961,search,2026-01-23T21:38:38Z
373,1154,checkout,2026-01-23T22:33:38Z
373,444,add_to_cart,2026-01-23T22:50:38Z
373,1274,checkout,2026-01-23T23:13:38Z
373,803,remove_cart,2026-01-23T23:47:38Z
373,916,remove_cart,2026-01-23T23:59:38Z
373,1029,search,2026-01-24T00:58:38Z
373,480,add_to_cart,2026-01-24T01:43:38Z
373,74,view,2026-01-24T02:39:38Z
373,665,checkout,2026-01-24T02:44:38Z
373,682,search,2026-01-24T03:16:38Z
373,237,wishlist,2026-01-24T03:18:38Z
373,443,purchase,2026-01-24T04:13:38Z
373,311,remove_cart,2026-01-24T04:42:38Z
373,671,click,2026-01-24T04:47:38Z
373,1499,remove_cart,2026-01-24T05:16:38Z
373,37,click,2026-01-24T05:34:38Z
373,1096,add_to_cart,2026-01-24T06:33:38Z
373,831,add_to_cart,2026-01-24T06:52:38Z
373,1316,search,2026-01-24T07:31:38Z
373,492,click,2026-01-24T08:13:38Z
373,861,checkout,2026-01-24T08:19:38Z
373,1164,wishlist,2026-01-24T08:23:38Z
373,1311,search,2026-01-24T09:06:38Z
373,444,add_to_cart,2026-01-24T09:49:38Z
373,1168,click,2026-01-24T10:13:38Z
373,483,remove_cart,2026-01-24T10:54:38Z
373,176,checkout,2026-01-24T11:29:38Z
373,1339,purchase,2026-01-24T11:37:38Z
373,218,click,2026-01-24T12:01:38Z
373,495,click,2026-01-24T12:47:38Z
373,1189,remove_cart,2026-01-24T13:39:38Z
373,565,view,2026-01-24T13:41:38Z
373,99,checkout,2026-01-24T14:20:38Z
373,626,search,2026-01-24T14:48:38Z
373,537,search,2026-01-24T15:27:38Z
373,711,view,2026-01-24T16:17:38Z
374,202,view,2026-02-09T16:44:38Z
374,457,click,2026-02-09T17:23:38Z
374,523,add_to_cart,2026-02-09T18:03:38Z
374,319,checkout,2026-02-09T19:02:38Z
374,1147,purchase,2026-02-09T19:34:38Z
374,1441,click,2026-02-09T20:30:38Z
374,1405,click,2026-02-09T21:10:38Z
374,1096,add_to_cart,2026-02-09T21:38:38Z
374,1278,view,2026-02-09T21:40:38Z
374,103,remove_cart,2026-02-09T22:24:38Z
374,1071,remove_cart,2026-02-09T23:17:38Z
374,597,click,2026-02-10T00:15:38Z
374,166,search,2026-02-10T01:11:38Z
374,1309,remove_cart,2026-02-10T02:09:38Z
374,1480,remove_cart,2026-02-10T03:05:38Z
374,211,remove_cart,2026-02-10T03:12:38Z
374,956,checkout,2026-02-10T04:01:38Z
374,1248,add_to_cart,2026-02-10T04:55:38Z
374,5,search,2026-02-10T05:06:38Z
374,961,remove_cart,2026-02-10T06:03:38Z
374,62,view,2026-02-10T06:39:38Z
374,1063,wishlist,2026-02-10T07:27:38Z
374,315,wishlist,2026-02-10T08:03:38Z
374,24,search,2026-02-10T08:47:38Z
374,1327,search,2026-02-10T09:27:38Z
374,1458,checkout,2026-02-10T09:59:38Z
374,992,wishlist,2026-02-10T10:44:38Z
374,14,add_to_cart,2026-02-10T11:03:38Z
374,121,view,2026-02-10T11:18:38Z
374,749,purchase,2026-02-10T11:24:38Z
374,1065,click,2026-02-10T12:12:38Z
374,917,remove_cart,2026-02-10T12:18:38Z
374,1144,wishlist,2026-02-10T12:56:38Z
374,312,remove_cart,2026-02-10T13:08:38Z
374,623,search,2026-02-10T13:48:38Z
374,541,checkout,2026-02-10T14:15:38Z
374,554,click,2026-02-10T14:55:38Z
374,1037,wishlist,2026-02-10T15:51:38Z
374,744,purchase,2026-02-10T16:03:38Z
374,1173,click,2026-02-10T16:42:38Z
374,21,view,2026-02-10T16:48:38Z
374,827,add_to_cart,2026-02-10T17:44:38Z
374,538,purchase,2026-02-10T17:58:38Z
374,908,add_to_cart,2026-02-10T18:08:38Z
374,970,checkout,2026-02-10T18:53:38Z
374,671,view,2026-02-10T19:28:38Z
374,1391,search,2026-02-10T20:23:38Z
374,1037,add_to_cart,2026-02-10T20:51:38Z
374,1264,add_to_cart,2026-02-10T21:07:38Z
374,760,wishlist,2026-02-10T21:55:38Z
374,1422,search,2026-02-10T22:08:38Z
374,1103,search,2026-02-10T22:25:38Z
374,494,add_to_cart,2026-02-10T22:31:38Z
374,248,view,2026-02-10T22:39:38Z
374,695,wishlist,2026-02-10T23:21:38Z
374,1233,checkout,2026-02-10T23:47:38Z
374,205,search,2026-02-11T00:37:38Z
374,211,wishlist,2026-02-11T01:33:38Z
374,1118,purchase,2026-02-11T02:13:38Z
374,509,wishlist,2026-02-11T02:37:38Z
374,420,add_to_cart,2026-02-11T03:35:38Z
374,29,checkout,2026-02-11T03:59:38Z
374,1014,purchase,2026-02-11T04:39:38Z
375,342,view,2026-04-04T16:43:38Z
375,655,click,2026-04-04T17:36:38Z
375,1396,add_to_cart,2026-04-04T17:46:38Z
375,452,remove_cart,2026-04-04T18:32:38Z
375,571,view,2026-04-04T18:42:38Z
375,1431,purchase,2026-04-04T18:59:38Z
375,419,add_to_cart,2026-04-04T19:06:38Z
375,989,wishlist,2026-04-04T19:58:38Z
375,896,remove_cart,2026-04-04T20:19:38Z
375,14,add_to_cart,2026-04-04T20:55:38Z
375,457,checkout,2026-04-04T21:08:38Z
375,26,wishlist,2026-04-04T21:10:38Z
375,531,remove_cart,2026-04-04T21:56:38Z
375,668,wishlist,2026-04-04T22:46:38Z
375,625,view,2026-04-04T23:44:38Z
375,600,add_to_cart,2026-04-05T00:24:38Z
375,1391,view,2026-04-05T00:55:38Z
375,777,add_to_cart,2026-04-05T01:29:38Z
375,712,add_to_cart,2026-04-05T01:53:38Z
375,369,checkout,2026-04-05T02:41:38Z
375,926,purchase,2026-04-05T03:37:38Z
375,877,view,2026-04-05T04:27:38Z
375,1311,add_to_cart,2026-04-05T05:08:38Z
375,1038,wishlist,2026-04-05T06:04:38Z
375,446,checkout,2026-04-05T06:51:38Z
375,1073,remove_cart,2026-04-05T06:53:38Z
375,722,view,2026-04-05T07:17:38Z
375,1386,add_to_cart,2026-04-05T08:10:38Z
375,295,add_to_cart,2026-04-05T08:37:38Z
375,1448,purchase,2026-04-05T09:37:38Z
375,943,click,2026-04-05T10:04:38Z
375,42,wishlist,2026-04-05T10:59:38Z
375,758,click,2026-04-05T11:05:38Z
375,278,purchase,2026-04-05T12:00:38Z
375,51,checkout,2026-04-05T12:48:38Z
376,196,view,2026-03-23T17:12:38Z
376,585,wishlist,2026-03-23T18:06:38Z
376,909,view,2026-03-23T19:06:38Z
376,692,click,2026-03-23T19:37:38Z
376,778,add_to_cart,2026-03-23T20:26:38Z
376,999,remove_cart,2026-03-23T20:40:38Z
376,901,click,2026-03-23T20:56:38Z
376,1076,checkout,2026-03-23T20:57:38Z
376,1414,view,2026-03-23T21:53:38Z
376,1037,wishlist,2026-03-23T22:09:38Z
376,1195,add_to_cart,2026-03-23T22:44:38Z
376,361,click,2026-03-23T23:36:38Z
376,457,add_to_cart,2026-03-24T00:18:38Z
376,677,remove_cart,2026-03-24T01:10:38Z
376,745,checkout,2026-03-24T01:55:38Z
376,1322,purchase,2026-03-24T02:44:38Z
376,797,checkout,2026-03-24T03:35:38Z
376,591,search,2026-03-24T04:27:38Z
376,325,wishlist,2026-03-24T04:35:38Z
376,786,wishlist,2026-03-24T05:35:38Z
376,314,add_to_cart,2026-03-24T05:46:38Z
376,1346,view,2026-03-24T06:21:38Z
376,575,purchase,2026-03-24T07:12:38Z
376,526,remove_cart,2026-03-24T08:06:38Z
376,270,search,2026-03-24T08:58:38Z
376,430,remove_cart,2026-03-24T09:06:38Z
376,154,view,2026-03-24T09:35:38Z
376,1493,remove_cart,2026-03-24T09:38:38Z
376,1214,remove_cart,2026-03-24T10:15:38Z
376,1227,purchase,2026-03-24T10:54:38Z
376,153,search,2026-03-24T11:16:38Z
376,1348,view,2026-03-24T11:41:38Z
376,1476,purchase,2026-03-24T12:15:38Z
376,289,add_to_cart,2026-03-24T12:55:38Z
376,299,click,2026-03-24T13:20:38Z
376,627,remove_cart,2026-03-24T13:21:38Z
376,1039,add_to_cart,2026-03-24T13:53:38Z
376,1015,wishlist,2026-03-24T14:38:38Z
376,118,click,2026-03-24T15:27:38Z
376,1334,purchase,2026-03-24T15:54:38Z
376,26,purchase,2026-03-24T16:35:38Z
376,1226,wishlist,2026-03-24T17:00:38Z
376,1333,wishlist,2026-03-24T17:42:38Z
376,361,remove_cart,2026-03-24T18:41:38Z
376,71,wishlist,2026-03-24T19:22:38Z
376,615,remove_cart,2026-03-24T20:02:38Z
376,439,click,2026-03-24T20:11:38Z
376,1121,wishlist,2026-03-24T20:22:38Z
376,1124,view,2026-03-24T21:06:38Z
376,64,remove_cart,2026-03-24T21:55:38Z
376,8,click,2026-03-24T22:01:38Z
376,579,checkout,2026-03-24T22:08:38Z
376,419,add_to_cart,2026-03-24T23:07:38Z
376,501,remove_cart,2026-03-24T23:09:38Z
376,61,remove_cart,2026-03-24T23:42:38Z
376,1357,wishlist,2026-03-25T00:18:38Z
376,558,search,2026-03-25T00:35:38Z
376,1000,purchase,2026-03-25T01:27:38Z
376,232,add_to_cart,2026-03-25T02:17:38Z
376,884,purchase,2026-03-25T02:29:38Z
376,854,checkout,2026-03-25T03:01:38Z
376,1145,purchase,2026-03-25T03:57:38Z
376,149,purchase,2026-03-25T04:47:38Z
376,1033,click,2026-03-25T05:31:38Z
376,624,view,2026-03-25T06:23:38Z
376,609,purchase,2026-03-25T06:56:38Z
376,1211,purchase,2026-03-25T06:59:38Z
376,1000,checkout,2026-03-25T07:36:38Z
376,770,wishlist,2026-03-25T08:26:38Z
377,1138,search,2026-03-17T16:30:38Z
377,1139,view,2026-03-17T16:38:38Z
377,68,click,2026-03-17T17:27:38Z
377,1077,click,2026-03-17T18:19:38Z
377,948,checkout,2026-03-17T18:37:38Z
377,188,add_to_cart,2026-03-17T19:16:38Z
377,252,purchase,2026-03-17T19:23:38Z
377,731,add_to_cart,2026-03-17T19:48:38Z
377,794,checkout,2026-03-17T20:08:38Z
377,118,view,2026-03-17T20:22:38Z
377,436,add_to_cart,2026-03-17T21:06:38Z
377,148,click,2026-03-17T21:15:38Z
377,233,checkout,2026-03-17T21:49:38Z
377,35,checkout,2026-03-17T22:40:38Z
377,1441,search,2026-03-17T22:52:38Z
377,288,purchase,2026-03-17T23:48:38Z
377,645,checkout,2026-03-18T00:43:38Z
377,163,click,2026-03-18T01:39:38Z
377,342,wishlist,2026-03-18T02:19:38Z
377,448,view,2026-03-18T02:46:38Z
377,536,view,2026-03-18T03:41:38Z
377,705,click,2026-03-18T04:06:38Z
377,929,add_to_cart,2026-03-18T05:02:38Z
377,812,add_to_cart,2026-03-18T05:59:38Z
377,1161,click,2026-03-18T06:35:38Z
377,1178,click,2026-03-18T06:36:38Z
377,199,wishlist,2026-03-18T06:51:38Z
377,143,view,2026-03-18T06:53:38Z
377,1350,checkout,2026-03-18T07:32:38Z
377,664,add_to_cart,2026-03-18T08:21:38Z
377,813,click,2026-03-18T08:36:38Z
377,400,add_to_cart,2026-03-18T08:46:38Z
377,441,view,2026-03-18T08:51:38Z
377,362,checkout,2026-03-18T08:54:38Z
377,1159,view,2026-03-18T09:49:38Z
377,1223,click,2026-03-18T10:43:38Z
377,154,search,2026-03-18T10:44:38Z
377,1262,search,2026-03-18T11:09:38Z
377,1443,remove_cart,2026-03-18T11:15:38Z
377,826,purchase,2026-03-18T12:08:38Z
377,954,view,2026-03-18T13:08:38Z
377,1006,checkout,2026-03-18T13:18:38Z
377,1296,add_to_cart,2026-03-18T13:21:38Z
377,100,search,2026-03-18T13:45:38Z
377,420,view,2026-03-18T14:13:38Z
377,494,wishlist,2026-03-18T14:28:38Z
377,56,purchase,2026-03-18T14:52:38Z
377,1455,click,2026-03-18T15:18:38Z
377,271,add_to_cart,2026-03-18T15:45:38Z
377,74,wishlist,2026-03-18T15:50:38Z
377,1181,search,2026-03-18T16:44:38Z
377,245,search,2026-03-18T17:09:38Z
378,744,view,2026-03-19T17:19:38Z
378,153,click,2026-03-19T18:02:38Z
378,1494,add_to_cart,2026-03-19T18:54:38Z
378,206,checkout,2026-03-19T19:16:38Z
378,454,purchase,2026-03-19T19:30:38Z
378,1212,add_to_cart,2026-03-19T19:32:38Z
378,416,remove_cart,2026-03-19T20:01:38Z
378,1202,view,2026-03-19T20:57:38Z
378,1,add_to_cart,2026-03-19T21:16:38Z
378,192,checkout,2026-03-19T21:36:38Z
378,1162,purchase,2026-03-19T21:58:38Z
378,692,remove_cart,2026-03-19T22:25:38Z
378,1154,purchase,2026-03-19T22:41:38Z
378,787,view,2026-03-19T22:56:38Z
378,1060,purchase,2026-03-19T23:39:38Z
378,570,wishlist,2026-03-20T00:10:38Z
378,1240,purchase,2026-03-20T00:25:38Z
378,656,click,2026-03-20T01:03:38Z
378,24,view,2026-03-20T01:48:38Z
378,1132,view,2026-03-20T02:39:38Z
378,803,search,2026-03-20T02:46:38Z
378,773,add_to_cart,2026-03-20T03:30:38Z
378,90,checkout,2026-03-20T03:54:38Z
378,636,click,2026-03-20T04:40:38Z
378,494,remove_cart,2026-03-20T05:14:38Z
378,802,click,2026-03-20T05:32:38Z
378,37,wishlist,2026-03-20T05:33:38Z
378,524,purchase,2026-03-20T06:10:38Z
378,739,wishlist,2026-03-20T07:06:38Z
378,589,search,2026-03-20T07:31:38Z
378,201,add_to_cart,2026-03-20T07:35:38Z
378,1323,click,2026-03-20T08:24:38Z
378,438,view,2026-03-20T08:33:38Z
378,195,add_to_cart,2026-03-20T08:34:38Z
378,216,remove_cart,2026-03-20T08:57:38Z
378,33,view,2026-03-20T09:23:38Z
378,997,click,2026-03-20T10:18:38Z
378,935,wishlist,2026-03-20T10:21:38Z
378,1185,wishlist,2026-03-20T10:29:38Z
378,946,add_to_cart,2026-03-20T10:54:38Z
378,726,checkout,2026-03-20T11:35:38Z
378,822,view,2026-03-20T11:53:38Z
378,802,click,2026-03-20T12:50:38Z
378,298,add_to_cart,2026-03-20T13:33:38Z
378,1238,search,2026-03-20T13:46:38Z
378,871,remove_cart,2026-03-20T14:09:38Z
378,338,checkout,2026-03-20T15:00:38Z
378,8,view,2026-03-20T15:10:38Z
378,1139,search,2026-03-20T16:05:38Z
378,62,checkout,2026-03-20T16:11:38Z
378,1380,purchase,2026-03-20T16:36:38Z
379,772,view,2026-03-21T16:54:38Z
379,605,wishlist,2026-03-21T17:43:38Z
379,518,view,2026-03-21T17:49:38Z
379,293,click,2026-03-21T18:08:38Z
379,1456,add_to_cart,2026-03-21T18:55:38Z
379,1406,checkout,2026-03-21T19:03:38Z
379,691,checkout,2026-03-21T19:22:38Z
379,608,purchase,2026-03-21T19:27:38Z
379,755,wishlist,2026-03-21T20:05:38Z
379,1147,wishlist,2026-03-21T20:06:38Z
379,298,view,2026-03-21T20:10:38Z
379,1473,view,2026-03-21T20:38:38Z
379,964,wishlist,2026-03-21T20:58:38Z
379,870,purchase,2026-03-21T21:19:38Z
379,920,search,2026-03-21T21:28:38Z
379,521,add_to_cart,2026-03-21T22:06:38Z
379,1289,purchase,2026-03-21T22:33:38Z
379,1250,click,2026-03-21T22:36:38Z
379,1067,view,2026-03-21T23:13:38Z
379,663,add_to_cart,2026-03-21T23:30:38Z
379,1069,view,2026-03-22T00:12:38Z
379,1454,click,2026-03-22T00:29:38Z
379,609,remove_cart,2026-03-22T01:12:38Z
379,309,checkout,2026-03-22T01:15:38Z
379,13,purchase,2026-03-22T01:42:38Z
379,231,checkout,2026-03-22T02:01:38Z
379,877,checkout,2026-03-22T02:05:38Z
379,356,view,2026-03-22T02:16:38Z
379,688,wishlist,2026-03-22T02:27:38Z
379,415,wishlist,2026-03-22T03:26:38Z
379,522,click,2026-03-22T03:39:38Z
379,863,click,2026-03-22T04:08:38Z
379,1119,add_to_cart,2026-03-22T04:20:38Z
379,1180,view,2026-03-22T05:19:38Z
379,142,wishlist,2026-03-22T05:39:38Z
379,545,checkout,2026-03-22T06:03:38Z
379,796,view,2026-03-22T06:10:38Z
379,1258,purchase,2026-03-22T06:39:38Z
379,1126,view,2026-03-22T07:02:38Z
379,338,search,2026-03-22T07:38:38Z
379,385,click,2026-03-22T08:07:38Z
380,1252,search,2026-03-24T17:11:38Z
380,832,view,2026-03-24T17:59:38Z
380,1292,click,2026-03-24T18:39:38Z
380,1113,click,2026-03-24T18:41:38Z
380,1199,add_to_cart,2026-03-24T19:33:38Z
380,1354,remove_cart,2026-03-24T20:15:38Z
380,224,wishlist,2026-03-24T20:43:38Z
380,125,add_to_cart,2026-03-24T21:35:38Z
380,792,remove_cart,2026-03-24T21:54:38Z
380,838,search,2026-03-24T22:41:38Z
380,532,checkout,2026-03-24T23:06:38Z
380,729,checkout,2026-03-24T23:42:38Z
380,678,remove_cart,2026-03-24T23:53:38Z
380,536,view,2026-03-25T00:29:38Z
380,1394,wishlist,2026-03-25T00:33:38Z
380,627,click,2026-03-25T01:15:38Z
380,1175,purchase,2026-03-25T02:06:38Z
380,960,add_to_cart,2026-03-25T02:29:38Z
380,1189,view,2026-03-25T03:26:38Z
380,885,add_to_cart,2026-03-25T03:59:38Z
380,296,click,2026-03-25T04:00:38Z
380,686,wishlist,2026-03-25T04:41:38Z
380,489,click,2026-03-25T04:58:38Z
380,1400,add_to_cart,2026-03-25T05:19:38Z
380,23,wishlist,2026-03-25T05:29:38Z
380,1378,purchase,2026-03-25T05:41:38Z
380,1156,remove_cart,2026-03-25T06:03:38Z
380,251,click,2026-03-25T06:38:38Z
380,715,view,2026-03-25T07:28:38Z
380,421,add_to_cart,2026-03-25T08:02:38Z
380,694,view,2026-03-25T08:57:38Z
380,887,purchase,2026-03-25T08:58:38Z
380,31,checkout,2026-03-25T09:13:38Z
380,109,purchase,2026-03-25T10:05:38Z
380,1080,purchase,2026-03-25T10:41:38Z
380,215,search,2026-03-25T10:43:38Z
380,973,remove_cart,2026-03-25T11:24:38Z
380,823,checkout,2026-03-25T12:15:38Z
380,1411,add_to_cart,2026-03-25T13:00:38Z
380,1325,click,2026-03-25T13:38:38Z
380,36,click,2026-03-25T14:26:38Z
380,1003,wishlist,2026-03-25T14:27:38Z
380,939,click,2026-03-25T15:05:38Z
380,725,view,2026-03-25T15:44:38Z
380,628,checkout,2026-03-25T16:03:38Z
380,1448,wishlist,2026-03-25T17:03:38Z
380,894,search,2026-03-25T17:05:38Z
380,634,click,2026-03-25T18:02:38Z
380,932,purchase,2026-03-25T18:35:38Z
380,425,remove_cart,2026-03-25T19:06:38Z
380,239,search,2026-03-25T19:22:38Z
380,764,wishlist,2026-03-25T20:10:38Z
380,870,remove_cart,2026-03-25T20:42:38Z
380,946,wishlist,2026-03-25T21:21:38Z
380,773,add_to_cart,2026-03-25T21:58:38Z
380,838,add_to_cart,2026-03-25T22:46:38Z
380,1467,purchase,2026-03-25T22:57:38Z
380,343,checkout,2026-03-25T23:11:38Z
380,1002,search,2026-03-25T23:26:38Z
381,1300,search,2026-04-14T17:06:38Z
381,162,view,2026-04-14T17:46:38Z
381,1366,click,2026-04-14T18:23:38Z
381,838,view,2026-04-14T18:44:38Z
381,658,remove_cart,2026-04-14T19:33:38Z
381,544,click,2026-04-14T20:33:38Z
381,479,click,2026-04-14T21:17:38Z
381,44,search,2026-04-14T21:30:38Z
381,1062,checkout,2026-04-14T21:56:38Z
381,1183,purchase,2026-04-14T22:06:38Z
381,1424,checkout,2026-04-14T22:31:38Z
381,1297,click,2026-04-14T23:13:38Z
381,726,remove_cart,2026-04-14T23:16:38Z
381,212,click,2026-04-14T23:54:38Z
381,16,checkout,2026-04-15T00:45:38Z
381,549,add_to_cart,2026-04-15T01:29:38Z
381,487,add_to_cart,2026-04-15T02:25:38Z
381,493,remove_cart,2026-04-15T03:13:38Z
381,1493,checkout,2026-04-15T03:30:38Z
381,511,purchase,2026-04-15T04:00:38Z
381,447,view,2026-04-15T04:05:38Z
381,539,click,2026-04-15T04:39:38Z
381,154,purchase,2026-04-15T04:58:38Z
381,1381,purchase,2026-04-15T05:21:38Z
381,245,checkout,2026-04-15T06:07:38Z
381,1151,remove_cart,2026-04-15T06:55:38Z
381,255,add_to_cart,2026-04-15T07:22:38Z
381,588,click,2026-04-15T07:29:38Z
381,350,checkout,2026-04-15T07:54:38Z
381,420,view,2026-04-15T08:23:38Z
381,1104,search,2026-04-15T08:53:38Z
381,469,checkout,2026-04-15T09:50:38Z
381,248,wishlist,2026-04-15T10:10:38Z
381,663,search,2026-04-15T11:03:38Z
381,856,wishlist,2026-04-15T11:54:38Z
381,398,search,2026-04-15T12:23:38Z
381,201,click,2026-04-15T13:05:38Z
381,1094,remove_cart,2026-04-15T13:38:38Z
381,361,wishlist,2026-04-15T14:16:38Z
381,474,remove_cart,2026-04-15T14:42:38Z
381,1488,checkout,2026-04-15T15:23:38Z
381,1118,view,2026-04-15T15:24:38Z
381,1124,search,2026-04-15T15:39:38Z
381,256,purchase,2026-04-15T15:42:38Z
381,1368,search,2026-04-15T16:18:38Z
381,1039,wishlist,2026-04-15T16:49:38Z
381,765,click,2026-04-15T17:15:38Z
381,1064,remove_cart,2026-04-15T17:16:38Z
381,1389,view,2026-04-15T18:13:38Z
381,141,search,2026-04-15T19:11:38Z
381,1375,view,2026-04-15T20:00:38Z
381,583,add_to_cart,2026-04-15T20:19:38Z
381,1466,remove_cart,2026-04-15T21:11:38Z
381,1080,add_to_cart,2026-04-15T21:47:38Z
381,135,add_to_cart,2026-04-15T22:15:38Z
381,538,checkout,2026-04-15T22:29:38Z
381,1117,remove_cart,2026-04-15T22:32:38Z
381,889,checkout,2026-04-15T22:46:38Z
381,537,purchase,2026-04-15T22:52:38Z
381,192,purchase,2026-04-15T23:37:38Z
381,925,click,2026-04-15T23:50:38Z
381,311,add_to_cart,2026-04-16T00:39:38Z
381,15,purchase,2026-04-16T01:13:38Z
381,14,search,2026-04-16T01:35:38Z
381,1316,purchase,2026-04-16T01:36:38Z
381,1163,purchase,2026-04-16T01:54:38Z
381,166,click,2026-04-16T02:36:38Z
381,1004,remove_cart,2026-04-16T02:55:38Z
382,978,search,2026-03-18T17:09:38Z
382,1149,view,2026-03-18T17:22:38Z
382,834,click,2026-03-18T18:07:38Z
382,479,click,2026-03-18T18:21:38Z
382,270,checkout,2026-03-18T19:03:38Z
382,999,add_to_cart,2026-03-18T19:44:38Z
382,154,click,2026-03-18T20:20:38Z
382,426,wishlist,2026-03-18T20:43:38Z
382,1410,add_to_cart,2026-03-18T21:07:38Z
382,359,purchase,2026-03-18T21:10:38Z
382,815,click,2026-03-18T21:23:38Z
382,836,checkout,2026-03-18T21:28:38Z
382,489,view,2026-03-18T22:10:38Z
382,637,purchase,2026-03-18T22:43:38Z
382,1487,click,2026-03-18T23:42:38Z
382,1068,checkout,2026-03-19T00:31:38Z
382,28,checkout,2026-03-19T00:57:38Z
382,1010,add_to_cart,2026-03-19T01:30:38Z
382,30,search,2026-03-19T02:09:38Z
382,848,checkout,2026-03-19T02:20:38Z
382,1043,search,2026-03-19T02:54:38Z
382,694,click,2026-03-19T02:55:38Z
382,1204,view,2026-03-19T03:11:38Z
382,985,click,2026-03-19T03:38:38Z
382,1088,click,2026-03-19T03:50:38Z
382,1249,purchase,2026-03-19T04:19:38Z
382,1328,purchase,2026-03-19T04:58:38Z
382,1299,wishlist,2026-03-19T05:56:38Z
382,119,purchase,2026-03-19T06:45:38Z
382,377,add_to_cart,2026-03-19T07:36:38Z
382,1059,checkout,2026-03-19T08:18:38Z
382,872,click,2026-03-19T08:36:38Z
382,1216,wishlist,2026-03-19T08:52:38Z
382,864,wishlist,2026-03-19T09:08:38Z
382,358,add_to_cart,2026-03-19T09:24:38Z
382,343,view,2026-03-19T09:53:38Z
382,1048,search,2026-03-19T10:46:38Z
382,1391,remove_cart,2026-03-19T10:53:38Z
382,885,click,2026-03-19T11:15:38Z
382,107,add_to_cart,2026-03-19T11:30:38Z
382,1132,remove_cart,2026-03-19T12:02:38Z
382,1391,view,2026-03-19T12:07:38Z
382,1007,search,2026-03-19T12:32:38Z
382,568,view,2026-03-19T12:38:38Z
382,309,click,2026-03-19T13:33:38Z
382,604,view,2026-03-19T13:50:38Z
383,1151,search,2026-04-06T16:25:38Z
383,860,view,2026-04-06T16:38:38Z
383,584,click,2026-04-06T16:47:38Z
383,1032,checkout,2026-04-06T17:07:38Z
383,381,wishlist,2026-04-06T17:33:38Z
383,919,purchase,2026-04-06T18:26:38Z
383,144,remove_cart,2026-04-06T19:11:38Z
383,454,checkout,2026-04-06T20:11:38Z
383,926,add_to_cart,2026-04-06T21:03:38Z
383,52,checkout,2026-04-06T21:30:38Z
383,386,remove_cart,2026-04-06T22:19:38Z
383,136,wishlist,2026-04-06T23:00:38Z
383,1142,purchase,2026-04-06T23:27:38Z
383,737,view,2026-04-06T23:55:38Z
383,153,checkout,2026-04-07T00:14:38Z
383,1124,remove_cart,2026-04-07T00:52:38Z
383,450,search,2026-04-07T01:34:38Z
383,1451,remove_cart,2026-04-07T02:00:38Z
383,506,purchase,2026-04-07T02:44:38Z
383,761,checkout,2026-04-07T03:32:38Z
383,176,remove_cart,2026-04-07T04:22:38Z
383,454,search,2026-04-07T04:45:38Z
383,928,wishlist,2026-04-07T05:16:38Z
383,1016,checkout,2026-04-07T06:02:38Z
383,283,wishlist,2026-04-07T06:39:38Z
383,1035,search,2026-04-07T07:01:38Z
383,151,purchase,2026-04-07T07:28:38Z
383,598,purchase,2026-04-07T07:57:38Z
383,1159,search,2026-04-07T08:32:38Z
383,1269,add_to_cart,2026-04-07T08:45:38Z
383,578,remove_cart,2026-04-07T08:48:38Z
383,547,add_to_cart,2026-04-07T09:06:38Z
383,374,wishlist,2026-04-07T09:07:38Z
383,799,wishlist,2026-04-07T10:01:38Z
383,128,checkout,2026-04-07T10:42:38Z
383,982,add_to_cart,2026-04-07T10:50:38Z
383,682,add_to_cart,2026-04-07T11:30:38Z
383,816,click,2026-04-07T12:29:38Z
383,7,click,2026-04-07T13:16:38Z
383,1477,purchase,2026-04-07T13:45:38Z
383,332,remove_cart,2026-04-07T13:59:38Z
383,457,search,2026-04-07T14:00:38Z
383,439,view,2026-04-07T14:20:38Z
383,185,checkout,2026-04-07T14:37:38Z
383,1252,add_to_cart,2026-04-07T15:05:38Z
383,1498,view,2026-04-07T15:38:38Z
383,654,remove_cart,2026-04-07T15:59:38Z
383,1074,click,2026-04-07T16:00:38Z
384,7,view,2026-04-06T17:21:38Z
384,1016,click,2026-04-06T18:17:38Z
384,1486,add_to_cart,2026-04-06T19:12:38Z
384,1029,remove_cart,2026-04-06T20:00:38Z
384,1280,view,2026-04-06T20:14:38Z
384,164,purchase,2026-04-06T20:58:38Z
384,1275,purchase,2026-04-06T21:07:38Z
384,341,search,2026-04-06T21:10:38Z
384,752,checkout,2026-04-06T22:01:38Z
384,736,search,2026-04-06T22:13:38Z
384,827,view,2026-04-06T22:18:38Z
384,747,wishlist,2026-04-06T22:47:38Z
384,973,wishlist,2026-04-06T23:08:38Z
384,775,search,2026-04-06T23:42:38Z
384,305,purchase,2026-04-07T00:23:38Z
384,1404,click,2026-04-07T00:24:38Z
384,7,checkout,2026-04-07T01:07:38Z
384,122,wishlist,2026-04-07T01:33:38Z
384,981,wishlist,2026-04-07T01:54:38Z
384,1469,purchase,2026-04-07T02:28:38Z
384,105,search,2026-04-07T02:36:38Z
384,59,remove_cart,2026-04-07T02:37:38Z
384,778,remove_cart,2026-04-07T03:37:38Z
384,1381,click,2026-04-07T04:04:38Z
384,703,click,2026-04-07T04:47:38Z
384,903,purchase,2026-04-07T04:53:38Z
384,43,remove_cart,2026-04-07T05:19:38Z
384,598,add_to_cart,2026-04-07T05:38:38Z
384,1231,wishlist,2026-04-07T06:03:38Z
384,1209,checkout,2026-04-07T06:48:38Z
384,174,click,2026-04-07T07:21:38Z
384,472,search,2026-04-07T07:35:38Z
384,1270,remove_cart,2026-04-07T08:31:38Z
384,939,checkout,2026-04-07T08:53:38Z
384,742,wishlist,2026-04-07T09:48:38Z
384,35,search,2026-04-07T10:14:38Z
384,391,remove_cart,2026-04-07T10:50:38Z
384,370,search,2026-04-07T11:40:38Z
384,764,remove_cart,2026-04-07T11:42:38Z
384,1075,purchase,2026-04-07T11:58:38Z
384,1290,add_to_cart,2026-04-07T12:51:38Z
384,1443,search,2026-04-07T13:30:38Z
384,820,remove_cart,2026-04-07T14:08:38Z
384,103,remove_cart,2026-04-07T14:55:38Z
384,955,click,2026-04-07T15:28:38Z
384,1139,wishlist,2026-04-07T16:02:38Z
385,1310,view,2026-03-14T16:41:38Z
385,396,click,2026-03-14T16:43:38Z
385,457,add_to_cart,2026-03-14T17:10:38Z
385,1079,checkout,2026-03-14T17:30:38Z
385,533,purchase,2026-03-14T17:59:38Z
385,283,wishlist,2026-03-14T18:06:38Z
385,1155,remove_cart,2026-03-14T18:14:38Z
385,922,purchase,2026-03-14T19:10:38Z
385,338,view,2026-03-14T20:06:38Z
385,1244,add_to_cart,2026-03-14T20:48:38Z
385,46,purchase,2026-03-14T21:45:38Z
385,442,search,2026-03-14T22:04:38Z
385,335,click,2026-03-14T22:48:38Z
385,405,click,2026-03-14T23:39:38Z
385,1461,search,2026-03-15T00:34:38Z
385,901,wishlist,2026-03-15T00:56:38Z
385,84,view,2026-03-15T01:55:38Z
385,702,checkout,2026-03-15T02:07:38Z
385,1141,remove_cart,2026-03-15T02:32:38Z
385,512,checkout,2026-03-15T02:41:38Z
385,1313,view,2026-03-15T03:06:38Z
385,714,purchase,2026-03-15T03:33:38Z
386,1430,search,2026-02-11T16:51:38Z
386,1326,view,2026-02-11T16:56:38Z
386,759,click,2026-02-11T17:40:38Z
386,108,click,2026-02-11T18:31:38Z
386,484,search,2026-02-11T18:38:38Z
386,933,remove_cart,2026-02-11T19:10:38Z
386,997,checkout,2026-02-11T19:35:38Z
386,1188,wishlist,2026-02-11T20:27:38Z
386,264,purchase,2026-02-11T21:15:38Z
386,1232,add_to_cart,2026-02-11T21:33:38Z
386,447,remove_cart,2026-02-11T22:04:38Z
386,1207,checkout,2026-02-11T22:10:38Z
386,643,remove_cart,2026-02-11T22:41:38Z
386,925,wishlist,2026-02-11T23:31:38Z
386,271,click,2026-02-12T00:23:38Z
386,1239,view,2026-02-12T01:17:38Z
386,541,search,2026-02-12T01:39:38Z
386,335,view,2026-02-12T02:39:38Z
386,611,search,2026-02-12T03:37:38Z
386,1083,purchase,2026-02-12T04:13:38Z
386,1205,add_to_cart,2026-02-12T04:38:38Z
386,1171,checkout,2026-02-12T05:04:38Z
386,483,search,2026-02-12T05:12:38Z
386,998,remove_cart,2026-02-12T05:37:38Z
386,1119,search,2026-02-12T06:27:38Z
386,1037,remove_cart,2026-02-12T07:21:38Z
386,17,remove_cart,2026-02-12T08:00:38Z
386,869,checkout,2026-02-12T08:34:38Z
386,162,purchase,2026-02-12T09:11:38Z
386,1105,search,2026-02-12T09:19:38Z
386,1197,purchase,2026-02-12T09:40:38Z
386,1485,view,2026-02-12T10:28:38Z
386,109,search,2026-02-12T11:08:38Z
386,597,search,2026-02-12T11:59:38Z
386,572,search,2026-02-12T12:29:38Z
386,110,add_to_cart,2026-02-12T12:59:38Z
386,742,checkout,2026-02-12T13:08:38Z
386,704,search,2026-02-12T13:26:38Z
386,1149,add_to_cart,2026-02-12T13:57:38Z
386,125,remove_cart,2026-02-12T14:02:38Z
386,943,wishlist,2026-02-12T14:19:38Z
386,974,add_to_cart,2026-02-12T14:55:38Z
386,113,search,2026-02-12T15:53:38Z
386,186,checkout,2026-02-12T16:14:38Z
386,254,purchase,2026-02-12T16:54:38Z
386,15,search,2026-02-12T17:19:38Z
386,1119,purchase,2026-02-12T17:48:38Z
386,64,add_to_cart,2026-02-12T18:24:38Z
387,1226,view,2026-03-10T16:56:38Z
387,1412,click,2026-03-10T17:35:38Z
387,1385,add_to_cart,2026-03-10T17:43:38Z
387,39,remove_cart,2026-03-10T18:41:38Z
387,1336,view,2026-03-10T19:17:38Z
387,1014,wishlist,2026-03-10T19:52:38Z
387,1,checkout,2026-03-10T20:22:38Z
387,61,checkout,2026-03-10T20:45:38Z
387,1180,click,2026-03-10T20:58:38Z
387,1231,purchase,2026-03-10T21:52:38Z
387,807,add_to_cart,2026-03-10T22:13:38Z
387,1254,checkout,2026-03-10T23:07:38Z
387,624,checkout,2026-03-10T23:52:38Z
387,502,remove_cart,2026-03-11T00:45:38Z
387,982,click,2026-03-11T01:34:38Z
387,1063,checkout,2026-03-11T01:39:38Z
387,833,remove_cart,2026-03-11T01:51:38Z
387,901,remove_cart,2026-03-11T02:38:38Z
387,827,remove_cart,2026-03-11T02:43:38Z
387,464,purchase,2026-03-11T03:34:38Z
387,1094,remove_cart,2026-03-11T03:48:38Z
387,22,click,2026-03-11T04:04:38Z
387,840,purchase,2026-03-11T04:14:38Z
387,1403,add_to_cart,2026-03-11T04:34:38Z
387,56,remove_cart,2026-03-11T04:54:38Z
387,813,search,2026-03-11T05:20:38Z
387,567,wishlist,2026-03-11T06:12:38Z
387,63,checkout,2026-03-11T06:41:38Z
387,808,wishlist,2026-03-11T06:56:38Z
387,509,search,2026-03-11T07:14:38Z
387,1331,search,2026-03-11T07:51:38Z
387,212,wishlist,2026-03-11T08:10:38Z
387,1337,add_to_cart,2026-03-11T08:17:38Z
387,349,checkout,2026-03-11T08:42:38Z
388,157,view,2026-02-09T17:17:38Z
388,362,click,2026-02-09T18:02:38Z
388,1088,add_to_cart,2026-02-09T18:58:38Z
388,512,checkout,2026-02-09T19:38:38Z
388,522,purchase,2026-02-09T20:36:38Z
388,19,add_to_cart,2026-02-09T21:11:38Z
388,1381,view,2026-02-09T22:02:38Z
388,39,add_to_cart,2026-02-09T22:55:38Z
388,790,wishlist,2026-02-09T23:11:38Z
388,592,wishlist,2026-02-09T23:13:38Z
388,1075,wishlist,2026-02-09T23:39:38Z
388,858,remove_cart,2026-02-10T00:19:38Z
388,164,view,2026-02-10T00:22:38Z
388,448,add_to_cart,2026-02-10T01:19:38Z
388,648,purchase,2026-02-10T01:25:38Z
388,616,add_to_cart,2026-02-10T02:17:38Z
388,252,view,2026-02-10T02:35:38Z
388,935,wishlist,2026-02-10T03:16:38Z
388,1413,wishlist,2026-02-10T03:49:38Z
388,298,search,2026-02-10T04:34:38Z
388,1060,checkout,2026-02-10T05:02:38Z
388,191,remove_cart,2026-02-10T05:57:38Z
388,920,add_to_cart,2026-02-10T06:28:38Z
389,495,search,2026-02-05T17:14:38Z
389,490,view,2026-02-05T17:29:38Z
389,674,click,2026-02-05T18:23:38Z
389,1261,remove_cart,2026-02-05T19:17:38Z
389,317,search,2026-02-05T20:15:38Z
389,1130,view,2026-02-05T20:21:38Z
389,657,search,2026-02-05T20:38:38Z
389,775,checkout,2026-02-05T21:04:38Z
389,1470,click,2026-02-05T21:31:38Z
389,1179,add_to_cart,2026-02-05T22:28:38Z
389,1498,wishlist,2026-02-05T22:32:38Z
389,134,remove_cart,2026-02-05T22:51:38Z
389,160,view,2026-02-05T23:05:38Z
389,1304,search,2026-02-05T23:10:38Z
389,504,checkout,2026-02-06T00:07:38Z
389,836,add_to_cart,2026-02-06T00:48:38Z
389,288,wishlist,2026-02-06T01:41:38Z
389,1300,purchase,2026-02-06T01:58:38Z
389,1436,remove_cart,2026-02-06T02:22:38Z
389,880,wishlist,2026-02-06T02:41:38Z
389,1350,click,2026-02-06T02:50:38Z
389,1110,view,2026-02-06T03:05:38Z
389,843,search,2026-02-06T03:53:38Z
389,356,checkout,2026-02-06T04:37:38Z
389,620,remove_cart,2026-02-06T04:54:38Z
389,1233,view,2026-02-06T04:59:38Z
389,1045,add_to_cart,2026-02-06T05:45:38Z
389,615,click,2026-02-06T06:43:38Z
389,684,purchase,2026-02-06T07:36:38Z
389,1312,purchase,2026-02-06T07:58:38Z
389,369,search,2026-02-06T08:51:38Z
389,1465,wishlist,2026-02-06T09:32:38Z
389,1092,remove_cart,2026-02-06T09:41:38Z
389,1325,remove_cart,2026-02-06T10:33:38Z
389,1421,view,2026-02-06T11:05:38Z
389,509,click,2026-02-06T11:59:38Z
389,932,search,2026-02-06T12:45:38Z
389,150,wishlist,2026-02-06T13:40:38Z
389,527,purchase,2026-02-06T14:28:38Z
389,1378,view,2026-02-06T14:58:38Z
389,181,search,2026-02-06T15:38:38Z
389,767,wishlist,2026-02-06T15:40:38Z
389,534,add_to_cart,2026-02-06T16:23:38Z
389,709,view,2026-02-06T17:12:38Z
389,552,wishlist,2026-02-06T18:02:38Z
389,720,remove_cart,2026-02-06T18:48:38Z
389,122,click,2026-02-06T18:57:38Z
389,48,remove_cart,2026-02-06T19:37:38Z
389,197,remove_cart,2026-02-06T19:44:38Z
389,1213,wishlist,2026-02-06T20:34:38Z
389,1310,checkout,2026-02-06T20:48:38Z
389,673,checkout,2026-02-06T20:58:38Z
389,3,purchase,2026-02-06T21:49:38Z
389,647,purchase,2026-02-06T21:57:38Z
389,634,search,2026-02-06T22:22:38Z
389,1221,purchase,2026-02-06T23:11:38Z
389,262,search,2026-02-06T23:29:38Z
389,657,view,2026-02-07T00:14:38Z
389,35,search,2026-02-07T00:58:38Z
389,338,view,2026-02-07T01:36:38Z
389,1178,purchase,2026-02-07T01:43:38Z
389,98,wishlist,2026-02-07T02:43:38Z
389,1017,checkout,2026-02-07T03:19:38Z
389,701,purchase,2026-02-07T03:20:38Z
389,56,purchase,2026-02-07T03:58:38Z
389,557,view,2026-02-07T04:14:38Z
389,1276,purchase,2026-02-07T04:26:38Z
389,796,add_to_cart,2026-02-07T05:23:38Z
389,678,add_to_cart,2026-02-07T05:25:38Z
389,1453,wishlist,2026-02-07T06:15:38Z
389,710,wishlist,2026-02-07T07:01:38Z
389,303,remove_cart,2026-02-07T07:54:38Z
390,1020,view,2026-02-14T17:01:38Z
390,788,wishlist,2026-02-14T17:25:38Z
390,707,view,2026-02-14T18:16:38Z
390,907,click,2026-02-14T19:03:38Z
390,1417,add_to_cart,2026-02-14T19:38:38Z
390,470,purchase,2026-02-14T20:32:38Z
390,1189,purchase,2026-02-14T21:11:38Z
390,147,search,2026-02-14T21:25:38Z
390,1397,view,2026-02-14T22:03:38Z
390,1105,wishlist,2026-02-14T22:09:38Z
390,912,wishlist,2026-02-14T22:58:38Z
390,383,checkout,2026-02-14T23:32:38Z
390,1159,view,2026-02-15T00:16:38Z
390,369,wishlist,2026-02-15T00:47:38Z
390,913,purchase,2026-02-15T01:26:38Z
390,1397,purchase,2026-02-15T01:27:38Z
390,1234,click,2026-02-15T02:03:38Z
390,741,remove_cart,2026-02-15T02:56:38Z
390,1301,search,2026-02-15T03:22:38Z
390,924,view,2026-02-15T04:16:38Z
390,860,search,2026-02-15T04:38:38Z
390,655,add_to_cart,2026-02-15T05:21:38Z
390,958,remove_cart,2026-02-15T06:02:38Z
390,429,view,2026-02-15T07:00:38Z
390,204,add_to_cart,2026-02-15T07:29:38Z
390,1066,checkout,2026-02-15T07:52:38Z
390,673,checkout,2026-02-15T08:45:38Z
390,1188,view,2026-02-15T09:36:38Z
390,271,view,2026-02-15T10:19:38Z
390,700,view,2026-02-15T10:51:38Z
390,517,add_to_cart,2026-02-15T10:54:38Z
390,1199,remove_cart,2026-02-15T11:45:38Z
390,948,view,2026-02-15T12:42:38Z
390,1190,search,2026-02-15T12:56:38Z
390,817,view,2026-02-15T13:37:38Z
390,1092,search,2026-02-15T14:36:38Z
390,1014,search,2026-02-15T15:07:38Z
390,344,purchase,2026-02-15T15:47:38Z
390,611,view,2026-02-15T15:57:38Z
390,551,search,2026-02-15T16:50:38Z
390,979,view,2026-02-15T17:34:38Z
390,208,purchase,2026-02-15T18:15:38Z
390,1109,checkout,2026-02-15T18:21:38Z
390,139,view,2026-02-15T18:29:38Z
390,402,add_to_cart,2026-02-15T18:33:38Z
390,369,remove_cart,2026-02-15T19:05:38Z
390,809,click,2026-02-15T19:53:38Z
390,257,search,2026-02-15T20:53:38Z
390,1308,remove_cart,2026-02-15T20:59:38Z
390,1357,remove_cart,2026-02-15T21:26:38Z
390,991,remove_cart,2026-02-15T21:44:38Z
390,1001,click,2026-02-15T21:46:38Z
390,375,purchase,2026-02-15T22:09:38Z
390,861,checkout,2026-02-15T22:31:38Z
390,1436,wishlist,2026-02-15T22:40:38Z
390,508,view,2026-02-15T23:15:38Z
390,395,click,2026-02-15T23:59:38Z
390,11,view,2026-02-16T00:41:38Z
390,792,click,2026-02-16T01:29:38Z
390,1075,click,2026-02-16T02:10:38Z
390,186,purchase,2026-02-16T02:22:38Z
390,1165,wishlist,2026-02-16T02:33:38Z
390,1009,view,2026-02-16T02:37:38Z
390,785,search,2026-02-16T02:42:38Z
390,1425,remove_cart,2026-02-16T03:28:38Z
390,78,search,2026-02-16T03:42:38Z
390,608,remove_cart,2026-02-16T03:44:38Z
390,1359,add_to_cart,2026-02-16T04:20:38Z
390,815,purchase,2026-02-16T04:27:38Z
390,435,checkout,2026-02-16T04:36:38Z
390,616,add_to_cart,2026-02-16T05:31:38Z
390,517,remove_cart,2026-02-16T06:25:38Z
390,237,search,2026-02-16T06:56:38Z
390,99,view,2026-02-16T07:21:38Z
390,881,remove_cart,2026-02-16T07:25:38Z
390,486,checkout,2026-02-16T08:07:38Z
391,524,search,2026-02-20T16:27:38Z
391,1113,view,2026-02-20T16:35:38Z
391,81,click,2026-02-20T16:43:38Z
391,330,view,2026-02-20T17:13:38Z
391,1354,view,2026-02-20T17:46:38Z
391,1272,search,2026-02-20T18:17:38Z
391,215,view,2026-02-20T19:04:38Z
391,125,click,2026-02-20T19:34:38Z
391,801,wishlist,2026-02-20T20:24:38Z
391,1307,search,2026-02-20T20:54:38Z
391,678,remove_cart,2026-02-20T21:42:38Z
391,747,wishlist,2026-02-20T22:12:38Z
391,44,checkout,2026-02-20T22:50:38Z
391,1499,purchase,2026-02-20T23:42:38Z
391,1288,purchase,2026-02-21T00:08:38Z
391,1492,checkout,2026-02-21T01:04:38Z
391,1207,wishlist,2026-02-21T01:45:38Z
391,1002,search,2026-02-21T02:35:38Z
391,43,click,2026-02-21T03:29:38Z
391,990,purchase,2026-02-21T04:17:38Z
391,1467,search,2026-02-21T04:52:38Z
391,333,remove_cart,2026-02-21T05:13:38Z
391,89,purchase,2026-02-21T06:03:38Z
391,647,view,2026-02-21T06:22:38Z
391,542,purchase,2026-02-21T06:35:38Z
391,541,purchase,2026-02-21T06:37:38Z
391,949,add_to_cart,2026-02-21T06:39:38Z
391,49,view,2026-02-21T06:40:38Z
391,960,add_to_cart,2026-02-21T07:06:38Z
391,537,wishlist,2026-02-21T07:28:38Z
391,415,checkout,2026-02-21T07:51:38Z
391,596,remove_cart,2026-02-21T08:43:38Z
391,432,click,2026-02-21T09:11:38Z
391,166,add_to_cart,2026-02-21T09:33:38Z
391,289,click,2026-02-21T10:04:38Z
391,395,purchase,2026-02-21T10:08:38Z
391,336,wishlist,2026-02-21T10:41:38Z
391,359,click,2026-02-21T11:12:38Z
391,1404,remove_cart,2026-02-21T11:27:38Z
391,60,purchase,2026-02-21T12:23:38Z
391,529,view,2026-02-21T13:14:38Z
391,1416,view,2026-02-21T13:49:38Z
391,1423,remove_cart,2026-02-21T14:46:38Z
391,341,click,2026-02-21T14:53:38Z
391,43,wishlist,2026-02-21T15:26:38Z
391,1438,search,2026-02-21T15:46:38Z
391,815,purchase,2026-02-21T15:50:38Z
391,952,wishlist,2026-02-21T16:34:38Z
391,190,checkout,2026-02-21T16:43:38Z
391,912,click,2026-02-21T16:52:38Z
391,829,click,2026-02-21T17:37:38Z
392,1088,view,2026-04-06T16:59:38Z
392,195,click,2026-04-06T17:57:38Z
392,1351,add_to_cart,2026-04-06T18:52:38Z
392,930,checkout,2026-04-06T19:48:38Z
392,879,purchase,2026-04-06T20:15:38Z
392,753,purchase,2026-04-06T21:14:38Z
392,684,add_to_cart,2026-04-06T21:20:38Z
392,857,add_to_cart,2026-04-06T22:20:38Z
392,1339,checkout,2026-04-06T22:33:38Z
392,149,checkout,2026-04-06T22:41:38Z
392,14,view,2026-04-06T23:10:38Z
392,841,remove_cart,2026-04-06T23:45:38Z
392,859,remove_cart,2026-04-07T00:03:38Z
392,596,search,2026-04-07T00:10:38Z
392,482,checkout,2026-04-07T01:07:38Z
392,1243,wishlist,2026-04-07T02:03:38Z
392,1125,search,2026-04-07T02:31:38Z
392,1303,wishlist,2026-04-07T02:44:38Z
392,381,checkout,2026-04-07T03:03:38Z
392,651,wishlist,2026-04-07T03:15:38Z
392,778,checkout,2026-04-07T03:44:38Z
392,988,checkout,2026-04-07T04:30:38Z
392,1173,purchase,2026-04-07T05:14:38Z
392,795,wishlist,2026-04-07T05:20:38Z
392,460,remove_cart,2026-04-07T05:23:38Z
392,1333,add_to_cart,2026-04-07T06:06:38Z
392,984,purchase,2026-04-07T06:49:38Z
392,543,view,2026-04-07T06:56:38Z
392,1260,view,2026-04-07T07:53:38Z
392,1324,wishlist,2026-04-07T08:39:38Z
392,901,view,2026-04-07T09:23:38Z
392,1320,click,2026-04-07T09:46:38Z
392,1250,click,2026-04-07T10:26:38Z
392,1367,remove_cart,2026-04-07T11:13:38Z
392,458,purchase,2026-04-07T11:23:38Z
392,629,view,2026-04-07T12:05:38Z
392,1007,checkout,2026-04-07T13:04:38Z
392,1470,add_to_cart,2026-04-07T13:26:38Z
392,1438,remove_cart,2026-04-07T13:31:38Z
392,1308,click,2026-04-07T13:55:38Z
392,1403,wishlist,2026-04-07T14:39:38Z
392,1035,purchase,2026-04-07T14:54:38Z
392,806,search,2026-04-07T15:00:38Z
392,1400,add_to_cart,2026-04-07T16:00:38Z
392,380,view,2026-04-07T16:28:38Z
392,1474,click,2026-04-07T16:49:38Z
392,110,remove_cart,2026-04-07T17:15:38Z
392,1180,purchase,2026-04-07T17:17:38Z
392,172,view,2026-04-07T17:40:38Z
392,410,purchase,2026-04-07T17:57:38Z
392,1163,search,2026-04-07T18:50:38Z
392,512,purchase,2026-04-07T19:17:38Z
392,1081,wishlist,2026-04-07T19:45:38Z
393,1261,view,2026-01-21T16:51:38Z
393,510,click,2026-01-21T17:32:38Z
393,998,add_to_cart,2026-01-21T17:51:38Z
393,604,remove_cart,2026-01-21T18:01:38Z
393,1437,view,2026-01-21T18:59:38Z
393,1442,search,2026-01-21T19:06:38Z
393,794,remove_cart,2026-01-21T19:36:38Z
393,1100,add_to_cart,2026-01-21T19:43:38Z
393,595,checkout,2026-01-21T20:31:38Z
393,1265,purchase,2026-01-21T20:33:38Z
393,1024,remove_cart,2026-01-21T20:52:38Z
393,1235,search,2026-01-21T21:01:38Z
393,801,purchase,2026-01-21T21:10:38Z
393,619,purchase,2026-01-21T21:57:38Z
393,1238,checkout,2026-01-21T21:59:38Z
393,688,add_to_cart,2026-01-21T22:37:38Z
393,1377,click,2026-01-21T23:04:38Z
393,1454,add_to_cart,2026-01-21T23:40:38Z
393,640,view,2026-01-22T00:16:38Z
393,1078,wishlist,2026-01-22T00:33:38Z
393,287,add_to_cart,2026-01-22T00:58:38Z
393,422,checkout,2026-01-22T01:29:38Z
393,384,purchase,2026-01-22T01:36:38Z
394,1373,view,2026-02-12T16:31:38Z
394,1148,click,2026-02-12T17:21:38Z
394,953,add_to_cart,2026-02-12T18:20:38Z
394,825,checkout,2026-02-12T18:46:38Z
394,545,purchase,2026-02-12T19:01:38Z
394,214,view,2026-02-12T19:18:38Z
394,517,checkout,2026-02-12T20:14:38Z
394,958,search,2026-02-12T21:13:38Z
394,1465,remove_cart,2026-02-12T21:35:38Z
394,265,add_to_cart,2026-02-12T22:30:38Z
394,1252,search,2026-02-12T22:56:38Z
394,679,remove_cart,2026-02-12T23:30:38Z
394,1214,click,2026-02-12T23:57:38Z
394,977,add_to_cart,2026-02-13T00:02:38Z
394,945,wishlist,2026-02-13T00:07:38Z
394,761,click,2026-02-13T00:23:38Z
394,1134,add_to_cart,2026-02-13T01:04:38Z
394,534,search,2026-02-13T01:25:38Z
394,1458,checkout,2026-02-13T01:27:38Z
394,1282,wishlist,2026-02-13T01:28:38Z
394,901,view,2026-02-13T01:51:38Z
394,682,search,2026-02-13T02:35:38Z
394,852,view,2026-02-13T03:07:38Z
394,1096,remove_cart,2026-02-13T03:27:38Z
394,611,checkout,2026-02-13T04:01:38Z
394,1118,click,2026-02-13T04:16:38Z
394,367,purchase,2026-02-13T04:24:38Z
394,96,checkout,2026-02-13T04:52:38Z
394,482,checkout,2026-02-13T05:27:38Z
394,1243,purchase,2026-02-13T05:50:38Z
394,362,search,2026-02-13T06:25:38Z
394,525,add_to_cart,2026-02-13T07:24:38Z
394,588,wishlist,2026-02-13T07:33:38Z
394,32,click,2026-02-13T07:58:38Z
394,747,purchase,2026-02-13T08:55:38Z
394,221,purchase,2026-02-13T09:15:38Z
394,1434,checkout,2026-02-13T09:43:38Z
394,835,wishlist,2026-02-13T10:03:38Z
394,537,click,2026-02-13T10:55:38Z
394,1321,click,2026-02-13T11:02:38Z
394,1340,click,2026-02-13T11:05:38Z
395,456,view,2026-03-13T17:18:38Z
395,1313,click,2026-03-13T17:55:38Z
395,1394,add_to_cart,2026-03-13T18:38:38Z
395,163,remove_cart,2026-03-13T19:35:38Z
395,347,view,2026-03-13T20:16:38Z
395,642,purchase,2026-03-13T21:08:38Z
395,1147,search,2026-03-13T21:27:38Z
395,203,view,2026-03-13T22:11:38Z
395,973,add_to_cart,2026-03-13T22:41:38Z
395,907,click,2026-03-13T22:50:38Z
395,216,checkout,2026-03-13T23:35:38Z
395,1326,wishlist,2026-03-14T00:00:38Z
395,1233,wishlist,2026-03-14T00:13:38Z
395,1210,view,2026-03-14T01:07:38Z
395,924,click,2026-03-14T01:51:38Z
395,999,search,2026-03-14T02:09:38Z
395,1078,search,2026-03-14T02:10:38Z
395,394,view,2026-03-14T02:53:38Z
395,1102,view,2026-03-14T03:44:38Z
395,1160,add_to_cart,2026-03-14T03:55:38Z
395,825,view,2026-03-14T04:51:38Z
395,199,search,2026-03-14T05:44:38Z
395,1139,remove_cart,2026-03-14T06:05:38Z
395,317,search,2026-03-14T06:08:38Z
395,862,purchase,2026-03-14T06:38:38Z
395,260,search,2026-03-14T06:59:38Z
396,928,view,2026-02-25T16:58:38Z
396,1075,wishlist,2026-02-25T17:07:38Z
396,346,view,2026-02-25T17:08:38Z
396,1127,click,2026-02-25T17:24:38Z
396,789,add_to_cart,2026-02-25T18:21:38Z
396,366,wishlist,2026-02-25T18:48:38Z
396,28,remove_cart,2026-02-25T18:51:38Z
396,1188,view,2026-02-25T19:15:38Z
396,247,view,2026-02-25T19:58:38Z
396,1432,view,2026-02-25T19:59:38Z
396,1,purchase,2026-02-25T20:00:38Z
396,400,wishlist,2026-02-25T21:00:38Z
396,315,checkout,2026-02-25T21:35:38Z
396,1073,remove_cart,2026-02-25T22:31:38Z
396,329,checkout,2026-02-25T23:12:38Z
396,391,add_to_cart,2026-02-25T23:16:38Z
396,145,view,2026-02-25T23:46:38Z
396,1111,view,2026-02-26T00:41:38Z
396,869,click,2026-02-26T01:39:38Z
396,420,add_to_cart,2026-02-26T01:50:38Z
396,1327,checkout,2026-02-26T02:15:38Z
396,232,remove_cart,2026-02-26T02:26:38Z
396,142,wishlist,2026-02-26T02:44:38Z
396,1428,wishlist,2026-02-26T03:39:38Z
396,1150,click,2026-02-26T04:17:38Z
396,6,view,2026-02-26T04:46:38Z
396,275,add_to_cart,2026-02-26T05:16:38Z
396,1423,add_to_cart,2026-02-26T06:10:38Z
396,317,search,2026-02-26T07:05:38Z
396,681,remove_cart,2026-02-26T07:19:38Z
396,1196,purchase,2026-02-26T07:39:38Z
396,800,add_to_cart,2026-02-26T08:25:38Z
396,1194,purchase,2026-02-26T09:01:38Z
396,1342,checkout,2026-02-26T09:43:38Z
396,664,search,2026-02-26T10:23:38Z
396,182,wishlist,2026-02-26T11:02:38Z
396,289,view,2026-02-26T11:42:38Z
396,737,purchase,2026-02-26T11:58:38Z
396,1075,wishlist,2026-02-26T12:53:38Z
396,305,wishlist,2026-02-26T13:23:38Z
396,820,purchase,2026-02-26T13:40:38Z
396,1057,purchase,2026-02-26T14:22:38Z
396,891,click,2026-02-26T15:19:38Z
396,1229,click,2026-02-26T16:02:38Z
396,658,view,2026-02-26T16:25:38Z
396,426,checkout,2026-02-26T16:49:38Z
396,1304,view,2026-02-26T17:34:38Z
396,839,add_to_cart,2026-02-26T18:12:38Z
396,1474,click,2026-02-26T18:30:38Z
396,1386,view,2026-02-26T19:21:38Z
396,878,search,2026-02-26T19:26:38Z
396,672,checkout,2026-02-26T20:03:38Z
396,87,add_to_cart,2026-02-26T20:45:38Z
396,1221,add_to_cart,2026-02-26T21:15:38Z
396,673,click,2026-02-26T21:33:38Z
396,1109,search,2026-02-26T22:33:38Z
396,146,click,2026-02-26T23:25:38Z
396,1283,click,2026-02-26T23:56:38Z
396,573,add_to_cart,2026-02-27T00:29:38Z
396,1057,wishlist,2026-02-27T01:20:38Z
396,991,search,2026-02-27T01:55:38Z
396,528,search,2026-02-27T02:33:38Z
396,91,view,2026-02-27T03:27:38Z
396,377,add_to_cart,2026-02-27T03:54:38Z
396,1107,remove_cart,2026-02-27T04:17:38Z
396,1011,view,2026-02-27T05:14:38Z
396,115,add_to_cart,2026-02-27T05:16:38Z
396,936,view,2026-02-27T05:39:38Z
396,1168,view,2026-02-27T05:45:38Z
396,431,checkout,2026-02-27T06:04:38Z
396,659,wishlist,2026-02-27T06:33:38Z
396,1264,add_to_cart,2026-02-27T07:16:38Z
397,1429,view,2026-03-08T17:15:38Z
397,766,wishlist,2026-03-08T18:04:38Z
397,1304,view,2026-03-08T19:00:38Z
397,1025,click,2026-03-08T19:27:38Z
397,1439,add_to_cart,2026-03-08T19:29:38Z
397,1229,search,2026-03-08T19:57:38Z
397,213,view,2026-03-08T19:58:38Z
397,1338,wishlist,2026-03-08T20:43:38Z
397,433,click,2026-03-08T20:52:38Z
397,313,remove_cart,2026-03-08T21:47:38Z
397,384,search,2026-03-08T22:33:38Z
397,1323,search,2026-03-08T23:13:38Z
397,991,search,2026-03-09T00:04:38Z
397,278,view,2026-03-09T00:05:38Z
397,1172,wishlist,2026-03-09T00:13:38Z
397,1333,view,2026-03-09T00:39:38Z
397,285,checkout,2026-03-09T01:37:38Z
397,552,search,2026-03-09T02:22:38Z
397,1273,remove_cart,2026-03-09T02:26:38Z
397,969,wishlist,2026-03-09T03:18:38Z
397,327,checkout,2026-03-09T04:16:38Z
397,982,search,2026-03-09T04:51:38Z
397,939,checkout,2026-03-09T05:10:38Z
397,112,remove_cart,2026-03-09T05:26:38Z
397,901,purchase,2026-03-09T05:48:38Z
397,1099,add_to_cart,2026-03-09T06:31:38Z
397,194,view,2026-03-09T07:11:38Z
397,1467,view,2026-03-09T07:14:38Z
398,1313,search,2026-02-25T16:40:38Z
398,630,view,2026-02-25T17:10:38Z
398,1383,click,2026-02-25T17:51:38Z
398,30,click,2026-02-25T18:24:38Z
398,276,search,2026-02-25T19:21:38Z
398,316,view,2026-02-25T20:05:38Z
398,32,add_to_cart,2026-02-25T20:18:38Z
398,1155,wishlist,2026-02-25T21:08:38Z
398,706,checkout,2026-02-25T22:05:38Z
398,440,checkout,2026-02-25T22:21:38Z
398,1337,remove_cart,2026-02-25T22:57:38Z
398,1027,add_to_cart,2026-02-25T23:57:38Z
398,705,checkout,2026-02-26T00:22:38Z
398,1491,checkout,2026-02-26T00:46:38Z
398,285,wishlist,2026-02-26T01:09:38Z
398,848,wishlist,2026-02-26T01:42:38Z
398,1108,wishlist,2026-02-26T02:07:38Z
398,1485,wishlist,2026-02-26T02:09:38Z
398,788,remove_cart,2026-02-26T02:58:38Z
398,977,search,2026-02-26T03:31:38Z
398,821,add_to_cart,2026-02-26T04:14:38Z
398,1045,search,2026-02-26T05:10:38Z
398,460,checkout,2026-02-26T05:18:38Z
398,111,view,2026-02-26T05:22:38Z
398,722,add_to_cart,2026-02-26T05:44:38Z
398,1313,search,2026-02-26T06:10:38Z
398,511,search,2026-02-26T06:32:38Z
398,911,purchase,2026-02-26T06:51:38Z
398,1199,wishlist,2026-02-26T07:00:38Z
398,1284,search,2026-02-26T07:41:38Z
398,933,search,2026-02-26T08:00:38Z
398,243,view,2026-02-26T08:19:38Z
398,73,search,2026-02-26T08:43:38Z
398,790,wishlist,2026-02-26T09:26:38Z
398,402,purchase,2026-02-26T10:15:38Z
398,876,checkout,2026-02-26T10:18:38Z
398,217,wishlist,2026-02-26T11:00:38Z
398,214,click,2026-02-26T11:34:38Z
398,248,remove_cart,2026-02-26T12:16:38Z
398,1321,purchase,2026-02-26T12:51:38Z
398,746,checkout,2026-02-26T13:46:38Z
398,1155,wishlist,2026-02-26T14:07:38Z
398,365,search,2026-02-26T14:18:38Z
398,392,click,2026-02-26T15:01:38Z
398,1327,purchase,2026-02-26T15:58:38Z
398,157,add_to_cart,2026-02-26T16:17:38Z
398,947,checkout,2026-02-26T17:12:38Z
398,1065,click,2026-02-26T17:18:38Z
398,222,view,2026-02-26T18:14:38Z
398,1428,remove_cart,2026-02-26T18:43:38Z
398,397,checkout,2026-02-26T19:02:38Z
398,541,remove_cart,2026-02-26T19:06:38Z
398,1215,view,2026-02-26T20:02:38Z
398,318,wishlist,2026-02-26T20:41:38Z
398,529,checkout,2026-02-26T20:48:38Z
398,852,purchase,2026-02-26T21:32:38Z
398,518,search,2026-02-26T22:03:38Z
398,627,purchase,2026-02-26T22:44:38Z
398,1428,checkout,2026-02-26T23:09:38Z
398,1036,purchase,2026-02-26T23:55:38Z
398,801,remove_cart,2026-02-27T00:01:38Z
398,1079,click,2026-02-27T00:46:38Z
398,941,checkout,2026-02-27T01:38:38Z
398,1490,remove_cart,2026-02-27T01:58:38Z
399,600,view,2026-02-11T16:57:38Z
399,167,click,2026-02-11T17:10:38Z
399,1267,add_to_cart,2026-02-11T18:01:38Z
399,1300,checkout,2026-02-11T18:28:38Z
399,333,purchase,2026-02-11T18:49:38Z
399,1422,click,2026-02-11T19:47:38Z
399,1156,checkout,2026-02-11T20:41:38Z
399,57,view,2026-02-11T21:22:38Z
399,1359,wishlist,2026-02-11T21:35:38Z
399,860,click,2026-02-11T21:44:38Z
399,653,view,2026-02-11T22:08:38Z
399,128,checkout,2026-02-11T22:28:38Z
399,1287,add_to_cart,2026-02-11T23:27:38Z
399,689,search,2026-02-12T00:27:38Z
399,905,wishlist,2026-02-12T01:02:38Z
399,658,remove_cart,2026-02-12T01:39:38Z
399,193,wishlist,2026-02-12T02:16:38Z
399,1057,add_to_cart,2026-02-12T02:43:38Z
399,72,click,2026-02-12T02:58:38Z
399,496,checkout,2026-02-12T03:32:38Z
399,430,checkout,2026-02-12T04:28:38Z
399,1066,click,2026-02-12T05:19:38Z
399,1191,purchase,2026-02-12T05:42:38Z
399,351,search,2026-02-12T05:49:38Z
399,536,purchase,2026-02-12T06:38:38Z
399,1469,wishlist,2026-02-12T07:16:38Z
399,362,add_to_cart,2026-02-12T07:29:38Z
399,1058,wishlist,2026-02-12T08:14:38Z
399,371,view,2026-02-12T09:02:38Z
399,654,search,2026-02-12T09:25:38Z
399,209,checkout,2026-02-12T09:30:38Z
399,1433,remove_cart,2026-02-12T09:42:38Z
399,426,checkout,2026-02-12T10:00:38Z
399,580,wishlist,2026-02-12T10:07:38Z
399,844,add_to_cart,2026-02-12T10:40:38Z
399,1016,purchase,2026-02-12T10:49:38Z
399,421,view,2026-02-12T10:59:38Z
399,526,click,2026-02-12T11:29:38Z
399,1075,view,2026-02-12T11:38:38Z
399,779,click,2026-02-12T11:41:38Z
400,476,view,2026-01-29T16:47:38Z
400,608,click,2026-01-29T17:41:38Z
400,426,add_to_cart,2026-01-29T17:59:38Z
400,574,remove_cart,2026-01-29T18:13:38Z
400,851,view,2026-01-29T18:57:38Z
400,1331,view,2026-01-29T19:09:38Z
400,504,remove_cart,2026-01-29T19:23:38Z
400,569,wishlist,2026-01-29T19:49:38Z
400,827,click,2026-01-29T20:35:38Z
400,1121,add_to_cart,2026-01-29T21:13:38Z
400,351,checkout,2026-01-29T21:16:38Z
400,194,wishlist,2026-01-29T21:26:38Z
400,1479,wishlist,2026-01-29T22:13:38Z
400,1389,click,2026-01-29T22:31:38Z
400,196,purchase,2026-01-29T22:54:38Z
400,1331,checkout,2026-01-29T23:03:38Z
400,781,purchase,2026-01-29T23:46:38Z
400,540,wishlist,2026-01-29T23:49:38Z
400,745,search,2026-01-30T00:24:38Z
400,106,add_to_cart,2026-01-30T00:49:38Z
401,589,search,2026-04-01T16:44:38Z
401,964,view,2026-04-01T17:26:38Z
401,346,click,2026-04-01T17:36:38Z
401,655,search,2026-04-01T17:39:38Z
401,486,wishlist,2026-04-01T18:31:38Z
401,831,view,2026-04-01T19:20:38Z
401,463,click,2026-04-01T19:28:38Z
401,546,view,2026-04-01T19:29:38Z
401,1088,wishlist,2026-04-01T20:11:38Z
401,746,add_to_cart,2026-04-01T20:42:38Z
401,549,add_to_cart,2026-04-01T20:55:38Z
401,1008,view,2026-04-01T21:28:38Z
401,767,view,2026-04-01T22:17:38Z
401,1362,remove_cart,2026-04-01T22:53:38Z
401,685,purchase,2026-04-01T23:08:38Z
401,823,wishlist,2026-04-01T23:31:38Z
401,760,purchase,2026-04-02T00:04:38Z
401,316,click,2026-04-02T00:38:38Z
401,430,search,2026-04-02T01:35:38Z
401,1086,checkout,2026-04-02T01:55:38Z
401,1148,remove_cart,2026-04-02T02:33:38Z
401,708,view,2026-04-02T02:36:38Z
401,1458,wishlist,2026-04-02T03:08:38Z
401,415,purchase,2026-04-02T04:01:38Z
401,1278,view,2026-04-02T04:31:38Z
401,1290,add_to_cart,2026-04-02T04:57:38Z
401,1184,remove_cart,2026-04-02T04:58:38Z
401,623,search,2026-04-02T04:59:38Z
401,759,search,2026-04-02T05:29:38Z
401,932,view,2026-04-02T05:36:38Z
401,683,wishlist,2026-04-02T05:37:38Z
401,803,remove_cart,2026-04-02T06:21:38Z
401,662,wishlist,2026-04-02T07:12:38Z
401,815,view,2026-04-02T07:54:38Z
401,813,wishlist,2026-04-02T08:29:38Z
401,1458,checkout,2026-04-02T09:25:38Z
401,414,add_to_cart,2026-04-02T09:36:38Z
401,373,add_to_cart,2026-04-02T09:55:38Z
401,492,view,2026-04-02T10:12:38Z
401,818,view,2026-04-02T10:16:38Z
401,132,purchase,2026-04-02T11:01:38Z
401,77,click,2026-04-02T11:57:38Z
401,1155,remove_cart,2026-04-02T12:52:38Z
401,207,checkout,2026-04-02T13:46:38Z
401,496,purchase,2026-04-02T14:11:38Z
401,161,wishlist,2026-04-02T14:49:38Z
401,617,click,2026-04-02T15:44:38Z
401,102,add_to_cart,2026-04-02T16:38:38Z
401,815,add_to_cart,2026-04-02T17:14:38Z
401,296,click,2026-04-02T17:23:38Z
401,1135,purchase,2026-04-02T17:34:38Z
401,248,remove_cart,2026-04-02T18:18:38Z
401,1466,search,2026-04-02T18:19:38Z
401,589,add_to_cart,2026-04-02T19:00:38Z
401,280,wishlist,2026-04-02T19:20:38Z
401,1218,add_to_cart,2026-04-02T19:37:38Z
401,589,add_to_cart,2026-04-02T19:48:38Z
401,305,purchase,2026-04-02T19:50:38Z
401,270,purchase,2026-04-02T20:35:38Z
401,56,view,2026-04-02T20:36:38Z
402,1079,search,2026-03-26T16:51:38Z
402,351,view,2026-03-26T17:30:38Z
402,1351,click,2026-03-26T18:05:38Z
402,1357,add_to_cart,2026-03-26T18:22:38Z
402,126,purchase,2026-03-26T18:44:38Z
402,197,checkout,2026-03-26T19:21:38Z
402,472,purchase,2026-03-26T19:43:38Z
402,661,add_to_cart,2026-03-26T20:22:38Z
402,1303,remove_cart,2026-03-26T20:30:38Z
402,377,checkout,2026-03-26T20:57:38Z
402,1427,search,2026-03-26T21:55:38Z
402,1000,search,2026-03-26T22:22:38Z
402,115,remove_cart,2026-03-26T22:41:38Z
402,1188,checkout,2026-03-26T23:11:38Z
402,770,wishlist,2026-03-26T23:25:38Z
402,564,click,2026-03-27T00:23:38Z
402,388,view,2026-03-27T00:59:38Z
402,953,view,2026-03-27T01:41:38Z
402,111,view,2026-03-27T02:20:38Z
402,487,remove_cart,2026-03-27T02:36:38Z
402,264,remove_cart,2026-03-27T02:40:38Z
402,250,checkout,2026-03-27T02:53:38Z
402,963,wishlist,2026-03-27T03:21:38Z
402,142,add_to_cart,2026-03-27T03:48:38Z
402,406,checkout,2026-03-27T04:36:38Z
402,1204,remove_cart,2026-03-27T04:48:38Z
403,1226,view,2026-03-13T17:14:38Z
403,1117,wishlist,2026-03-13T17:57:38Z
403,964,view,2026-03-13T18:34:38Z
403,923,click,2026-03-13T19:20:38Z
403,932,add_to_cart,2026-03-13T20:16:38Z
403,1488,purchase,2026-03-13T20:51:38Z
403,616,add_to_cart,2026-03-13T21:36:38Z
403,320,purchase,2026-03-13T22:09:38Z
403,886,click,2026-03-13T22:27:38Z
403,328,add_to_cart,2026-03-13T23:06:38Z
403,329,add_to_cart,2026-03-13T23:18:38Z
403,1070,purchase,2026-03-13T23:31:38Z
403,1025,click,2026-03-13T23:44:38Z
403,1479,wishlist,2026-03-13T23:56:38Z
403,692,add_to_cart,2026-03-14T00:10:38Z
403,297,view,2026-03-14T00:35:38Z
403,57,checkout,2026-03-14T01:19:38Z
403,87,search,2026-03-14T02:18:38Z
403,613,click,2026-03-14T02:36:38Z
403,638,click,2026-03-14T02:47:38Z
403,329,wishlist,2026-03-14T03:47:38Z
403,318,add_to_cart,2026-03-14T04:25:38Z
403,758,search,2026-03-14T05:17:38Z
403,1384,remove_cart,2026-03-14T05:46:38Z
403,1363,view,2026-03-14T06:20:38Z
403,1447,purchase,2026-03-14T06:57:38Z
403,1429,purchase,2026-03-14T07:55:38Z
403,573,wishlist,2026-03-14T07:58:38Z
403,321,remove_cart,2026-03-14T08:57:38Z
404,1317,search,2026-01-31T16:35:38Z
404,571,view,2026-01-31T17:05:38Z
404,722,click,2026-01-31T17:13:38Z
404,701,purchase,2026-01-31T18:08:38Z
404,1466,purchase,2026-01-31T18:22:38Z
404,1319,checkout,2026-01-31T18:55:38Z
404,1279,wishlist,2026-01-31T19:46:38Z
404,1249,click,2026-01-31T20:33:38Z
404,497,view,2026-01-31T20:55:38Z
404,1309,view,2026-01-31T21:33:38Z
404,1150,search,2026-01-31T21:55:38Z
404,1169,checkout,2026-01-31T22:19:38Z
404,1042,wishlist,2026-01-31T22:23:38Z
404,977,add_to_cart,2026-01-31T22:46:38Z
404,373,add_to_cart,2026-01-31T23:01:38Z
404,12,purchase,2026-01-31T23:02:38Z
404,1146,checkout,2026-01-31T23:03:38Z
404,144,remove_cart,2026-01-31T23:59:38Z
404,622,remove_cart,2026-02-01T00:38:38Z
404,1396,search,2026-02-01T01:04:38Z
404,956,checkout,2026-02-01T01:23:38Z
404,1270,wishlist,2026-02-01T01:34:38Z
404,1122,click,2026-02-01T01:52:38Z
404,752,purchase,2026-02-01T02:40:38Z
404,744,remove_cart,2026-02-01T03:36:38Z
404,1307,view,2026-02-01T04:12:38Z
404,280,remove_cart,2026-02-01T04:49:38Z
404,1353,add_to_cart,2026-02-01T05:19:38Z
404,354,view,2026-02-01T06:07:38Z
404,267,wishlist,2026-02-01T07:00:38Z
404,1301,wishlist,2026-02-01T07:52:38Z
404,1282,search,2026-02-01T08:50:38Z
404,227,click,2026-02-01T09:41:38Z
404,754,view,2026-02-01T10:39:38Z
404,841,wishlist,2026-02-01T11:27:38Z
404,622,add_to_cart,2026-02-01T12:09:38Z
404,866,click,2026-02-01T12:19:38Z
404,862,remove_cart,2026-02-01T12:48:38Z
404,1326,view,2026-02-01T13:39:38Z
404,642,search,2026-02-01T13:43:38Z
404,991,remove_cart,2026-02-01T14:03:38Z
404,411,view,2026-02-01T14:19:38Z
404,547,remove_cart,2026-02-01T15:12:38Z
404,592,add_to_cart,2026-02-01T16:06:38Z
404,407,wishlist,2026-02-01T16:55:38Z
404,881,add_to_cart,2026-02-01T16:57:38Z
404,1488,wishlist,2026-02-01T17:15:38Z
404,836,purchase,2026-02-01T17:24:38Z
404,452,click,2026-02-01T17:43:38Z
404,121,search,2026-02-01T18:39:38Z
404,146,purchase,2026-02-01T19:10:38Z
404,1457,wishlist,2026-02-01T19:20:38Z
404,246,search,2026-02-01T19:33:38Z
404,134,view,2026-02-01T20:12:38Z
404,843,wishlist,2026-02-01T20:56:38Z
404,62,purchase,2026-02-01T21:38:38Z
404,1489,wishlist,2026-02-01T21:54:38Z
404,382,click,2026-02-01T22:42:38Z
404,335,add_to_cart,2026-02-01T23:06:38Z
404,1202,remove_cart,2026-02-01T23:24:38Z
404,898,checkout,2026-02-01T23:43:38Z
404,891,checkout,2026-02-01T23:47:38Z
404,1283,checkout,2026-02-02T00:29:38Z
404,578,remove_cart,2026-02-02T00:48:38Z
405,477,view,2026-02-14T17:03:38Z
405,956,click,2026-02-14T17:06:38Z
405,62,add_to_cart,2026-02-14T17:49:38Z
405,1074,remove_cart,2026-02-14T18:19:38Z
405,82,view,2026-02-14T18:25:38Z
405,76,click,2026-02-14T19:12:38Z
405,603,click,2026-02-14T19:21:38Z
405,19,search,2026-02-14T19:55:38Z
405,1242,wishlist,2026-02-14T20:21:38Z
405,215,search,2026-02-14T20:30:38Z
405,1043,click,2026-02-14T21:18:38Z
405,1468,checkout,2026-02-14T21:38:38Z
405,573,view,2026-02-14T21:40:38Z
405,143,search,2026-02-14T22:18:38Z
405,1481,view,2026-02-14T23:01:38Z
405,348,view,2026-02-14T23:30:38Z
405,147,purchase,2026-02-15T00:15:38Z
405,1168,search,2026-02-15T01:14:38Z
405,581,add_to_cart,2026-02-15T01:16:38Z
405,1461,purchase,2026-02-15T01:18:38Z
405,116,remove_cart,2026-02-15T01:37:38Z
405,267,search,2026-02-15T01:43:38Z
405,939,click,2026-02-15T01:47:38Z
405,563,view,2026-02-15T02:30:38Z
405,60,purchase,2026-02-15T02:35:38Z
405,20,wishlist,2026-02-15T02:59:38Z
405,747,purchase,2026-02-15T03:05:38Z
405,649,checkout,2026-02-15T03:41:38Z
405,851,view,2026-02-15T04:06:38Z
405,882,view,2026-02-15T04:56:38Z
406,238,view,2026-03-05T16:40:38Z
406,1070,click,2026-03-05T16:57:38Z
406,708,add_to_cart,2026-03-05T17:12:38Z
406,148,checkout,2026-03-05T18:12:38Z
406,826,purchase,2026-03-05T18:34:38Z
406,720,view,2026-03-05T19:11:38Z
406,1474,click,2026-03-05T19:29:38Z
406,938,add_to_cart,2026-03-05T20:29:38Z
406,1404,checkout,2026-03-05T20:33:38Z
406,702,add_to_cart,2026-03-05T20:38:38Z
406,796,purchase,2026-03-05T21:13:38Z
406,686,click,2026-03-05T21:20:38Z
406,163,click,2026-03-05T21:28:38Z
406,1485,remove_cart,2026-03-05T21:40:38Z
406,198,checkout,2026-03-05T22:35:38Z
406,758,search,2026-03-05T22:49:38Z
406,230,purchase,2026-03-05T23:06:38Z
406,216,view,2026-03-05T23:32:38Z
406,22,remove_cart,2026-03-05T23:53:38Z
406,1022,search,2026-03-06T00:38:38Z
406,713,add_to_cart,2026-03-06T00:59:38Z
406,1432,purchase,2026-03-06T01:07:38Z
406,410,view,2026-03-06T01:39:38Z
406,153,checkout,2026-03-06T02:37:38Z
406,15,add_to_cart,2026-03-06T02:47:38Z
406,660,checkout,2026-03-06T02:57:38Z
406,1328,view,2026-03-06T03:32:38Z
406,1484,search,2026-03-06T03:53:38Z
406,41,add_to_cart,2026-03-06T04:13:38Z
406,71,remove_cart,2026-03-06T05:00:38Z
406,1215,remove_cart,2026-03-06T05:44:38Z
406,472,add_to_cart,2026-03-06T06:05:38Z
406,80,purchase,2026-03-06T06:32:38Z
406,31,click,2026-03-06T07:16:38Z
406,153,purchase,2026-03-06T08:07:38Z
406,1445,click,2026-03-06T08:57:38Z
406,121,search,2026-03-06T09:47:38Z
406,1219,view,2026-03-06T10:39:38Z
406,1473,click,2026-03-06T10:50:38Z
406,227,checkout,2026-03-06T11:36:38Z
406,1436,add_to_cart,2026-03-06T12:19:38Z
406,1067,add_to_cart,2026-03-06T12:53:38Z
406,627,checkout,2026-03-06T13:48:38Z
406,1455,click,2026-03-06T14:10:38Z
406,308,search,2026-03-06T14:50:38Z
406,1303,wishlist,2026-03-06T15:07:38Z
406,1450,purchase,2026-03-06T15:27:38Z
406,91,wishlist,2026-03-06T16:20:38Z
407,1321,view,2026-02-27T16:39:38Z
407,982,click,2026-02-27T16:51:38Z
407,1091,add_to_cart,2026-02-27T17:07:38Z
407,1454,remove_cart,2026-02-27T18:07:38Z
407,1281,view,2026-02-27T18:35:38Z
407,896,remove_cart,2026-02-27T19:29:38Z
407,129,search,2026-02-27T20:05:38Z
407,685,click,2026-02-27T20:08:38Z
407,351,click,2026-02-27T20:58:38Z
407,960,add_to_cart,2026-02-27T21:43:38Z
407,556,add_to_cart,2026-02-27T22:36:38Z
407,873,purchase,2026-02-27T22:38:38Z
407,1020,checkout,2026-02-27T23:09:38Z
407,790,purchase,2026-02-27T23:52:38Z
407,1040,checkout,2026-02-28T00:22:38Z
407,1011,click,2026-02-28T00:23:38Z
407,1416,view,2026-02-28T00:56:38Z
407,111,add_to_cart,2026-02-28T01:13:38Z
407,735,purchase,2026-02-28T01:54:38Z
407,1423,click,2026-02-28T02:40:38Z
407,199,purchase,2026-02-28T02:53:38Z
407,1181,wishlist,2026-02-28T03:23:38Z
407,1151,add_to_cart,2026-02-28T03:27:38Z
407,510,add_to_cart,2026-02-28T04:10:38Z
407,172,remove_cart,2026-02-28T04:35:38Z
407,336,remove_cart,2026-02-28T05:17:38Z
407,914,view,2026-02-28T05:23:38Z
407,667,add_to_cart,2026-02-28T06:01:38Z
407,288,click,2026-02-28T06:45:38Z
408,1397,view,2026-01-27T16:26:38Z
408,858,click,2026-01-27T17:02:38Z
408,867,add_to_cart,2026-01-27T17:40:38Z
408,227,remove_cart,2026-01-27T18:30:38Z
408,41,view,2026-01-27T18:36:38Z
408,1380,search,2026-01-27T18:37:38Z
408,56,purchase,2026-01-27T19:17:38Z
408,1342,add_to_cart,2026-01-27T20:00:38Z
408,991,checkout,2026-01-27T20:26:38Z
408,844,purchase,2026-01-27T21:15:38Z
408,1083,view,2026-01-27T22:05:38Z
408,424,remove_cart,2026-01-27T22:20:38Z
408,1195,purchase,2026-01-27T23:13:38Z
408,802,wishlist,2026-01-27T23:16:38Z
408,829,remove_cart,2026-01-28T00:01:38Z
408,18,checkout,2026-01-28T00:29:38Z
408,41,wishlist,2026-01-28T00:52:38Z
408,76,view,2026-01-28T01:34:38Z
408,100,wishlist,2026-01-28T02:28:38Z
408,447,view,2026-01-28T03:04:38Z
408,1282,view,2026-01-28T03:31:38Z
408,99,add_to_cart,2026-01-28T03:55:38Z
408,760,view,2026-01-28T04:18:38Z
408,605,remove_cart,2026-01-28T05:18:38Z
408,160,search,2026-01-28T06:10:38Z
408,139,search,2026-01-28T07:00:38Z
408,433,add_to_cart,2026-01-28T07:17:38Z
408,804,remove_cart,2026-01-28T07:22:38Z
408,27,view,2026-01-28T07:46:38Z
408,1302,add_to_cart,2026-01-28T08:25:38Z
408,818,view,2026-01-28T08:54:38Z
408,241,click,2026-01-28T09:32:38Z
408,636,click,2026-01-28T10:20:38Z
408,1011,purchase,2026-01-28T10:47:38Z
408,30,search,2026-01-28T11:27:38Z
408,192,purchase,2026-01-28T11:36:38Z
408,572,checkout,2026-01-28T12:05:38Z
408,980,click,2026-01-28T12:13:38Z
408,682,remove_cart,2026-01-28T12:42:38Z
408,1420,wishlist,2026-01-28T12:44:38Z
408,386,view,2026-01-28T13:02:38Z
408,1315,checkout,2026-01-28T13:24:38Z
408,216,purchase,2026-01-28T14:12:38Z
408,913,wishlist,2026-01-28T15:05:38Z
409,364,search,2026-01-27T17:20:38Z
409,660,view,2026-01-27T18:00:38Z
409,1467,click,2026-01-27T18:04:38Z
409,1145,purchase,2026-01-27T18:57:38Z
409,406,remove_cart,2026-01-27T19:00:38Z
409,870,view,2026-01-27T19:14:38Z
409,1138,checkout,2026-01-27T19:33:38Z
409,738,remove_cart,2026-01-27T20:02:38Z
409,753,remove_cart,2026-01-27T20:33:38Z
409,666,purchase,2026-01-27T21:23:38Z
409,647,click,2026-01-27T22:20:38Z
409,1355,purchase,2026-01-27T22:37:38Z
409,414,checkout,2026-01-27T22:56:38Z
409,3,add_to_cart,2026-01-27T23:28:38Z
409,117,click,2026-01-27T23:39:38Z
409,92,checkout,2026-01-28T00:14:38Z
409,1009,view,2026-01-28T00:28:38Z
409,5,click,2026-01-28T01:23:38Z
409,511,click,2026-01-28T01:24:38Z
409,12,add_to_cart,2026-01-28T02:16:38Z
409,491,add_to_cart,2026-01-28T03:11:38Z
409,199,search,2026-01-28T04:10:38Z
409,1224,remove_cart,2026-01-28T04:11:38Z
409,951,view,2026-01-28T04:48:38Z
409,1443,wishlist,2026-01-28T05:20:38Z
409,821,wishlist,2026-01-28T05:28:38Z
409,1153,remove_cart,2026-01-28T05:34:38Z
409,812,view,2026-01-28T06:06:38Z
409,545,search,2026-01-28T06:26:38Z
409,458,view,2026-01-28T06:44:38Z
409,1376,search,2026-01-28T07:32:38Z
409,154,remove_cart,2026-01-28T08:18:38Z
409,290,remove_cart,2026-01-28T09:00:38Z
409,346,add_to_cart,2026-01-28T09:45:38Z
409,910,checkout,2026-01-28T10:30:38Z
409,215,add_to_cart,2026-01-28T10:58:38Z
409,551,view,2026-01-28T11:20:38Z
409,1484,view,2026-01-28T11:31:38Z
409,369,remove_cart,2026-01-28T11:33:38Z
409,845,search,2026-01-28T12:28:38Z
409,679,wishlist,2026-01-28T13:15:38Z
409,187,add_to_cart,2026-01-28T14:13:38Z
410,1108,view,2026-02-11T16:47:38Z
410,821,wishlist,2026-02-11T17:20:38Z
410,513,view,2026-02-11T18:18:38Z
410,1280,click,2026-02-11T19:14:38Z
410,445,add_to_cart,2026-02-11T19:51:38Z
410,1199,purchase,2026-02-11T20:34:38Z
410,722,checkout,2026-02-11T20:52:38Z
410,1243,purchase,2026-02-11T21:49:38Z
410,88,click,2026-02-11T22:24:38Z
410,1109,add_to_cart,2026-02-11T22:39:38Z
410,903,search,2026-02-11T23:15:38Z
410,1309,remove_cart,2026-02-11T23:21:38Z
410,523,search,2026-02-11T23:41:38Z
410,1467,purchase,2026-02-12T00:28:38Z
410,1385,purchase,2026-02-12T01:11:38Z
410,475,checkout,2026-02-12T02:09:38Z
410,1320,remove_cart,2026-02-12T02:59:38Z
410,127,view,2026-02-12T03:39:38Z
410,696,wishlist,2026-02-12T04:08:38Z
410,959,purchase,2026-02-12T04:58:38Z
410,804,search,2026-02-12T05:27:38Z
410,1083,purchase,2026-02-12T05:34:38Z
410,523,purchase,2026-02-12T06:16:38Z
410,1173,add_to_cart,2026-02-12T07:02:38Z
410,325,view,2026-02-12T07:03:38Z
410,1216,search,2026-02-12T08:03:38Z
410,998,add_to_cart,2026-02-12T08:45:38Z
410,416,wishlist,2026-02-12T08:56:38Z
410,1484,search,2026-02-12T09:22:38Z
410,143,click,2026-02-12T09:43:38Z
410,874,add_to_cart,2026-02-12T09:51:38Z
410,10,checkout,2026-02-12T10:17:38Z
410,182,remove_cart,2026-02-12T10:20:38Z
410,875,view,2026-02-12T10:45:38Z
410,1274,wishlist,2026-02-12T11:18:38Z
410,1388,checkout,2026-02-12T11:51:38Z
410,636,add_to_cart,2026-02-12T12:37:38Z
410,757,add_to_cart,2026-02-12T13:25:38Z
410,1132,remove_cart,2026-02-12T13:49:38Z
410,1181,add_to_cart,2026-02-12T14:38:38Z
410,676,purchase,2026-02-12T15:14:38Z
410,1308,search,2026-02-12T15:59:38Z
410,1350,view,2026-02-12T16:40:38Z
410,604,search,2026-02-12T17:27:38Z
410,1412,wishlist,2026-02-12T17:29:38Z
410,1177,purchase,2026-02-12T18:26:38Z
410,1080,remove_cart,2026-02-12T18:39:38Z
410,520,purchase,2026-02-12T19:27:38Z
410,1235,remove_cart,2026-02-12T19:52:38Z
410,246,view,2026-02-12T20:26:38Z
410,1244,search,2026-02-12T20:45:38Z
410,282,remove_cart,2026-02-12T20:48:38Z
410,678,remove_cart,2026-02-12T21:39:38Z
410,1408,purchase,2026-02-12T21:51:38Z
410,158,purchase,2026-02-12T22:47:38Z
410,413,wishlist,2026-02-12T23:30:38Z
410,35,view,2026-02-13T00:01:38Z
410,1231,checkout,2026-02-13T00:59:38Z
410,87,click,2026-02-13T01:39:38Z
410,1080,search,2026-02-13T02:25:38Z
410,871,checkout,2026-02-13T02:59:38Z
410,736,view,2026-02-13T03:04:38Z
410,1456,view,2026-02-13T03:37:38Z
410,489,purchase,2026-02-13T04:36:38Z
410,653,search,2026-02-13T05:28:38Z
411,1323,search,2026-03-28T17:01:38Z
411,516,view,2026-03-28T17:49:38Z
411,560,click,2026-03-28T18:12:38Z
411,428,click,2026-03-28T18:45:38Z
411,1017,purchase,2026-03-28T19:35:38Z
411,1333,click,2026-03-28T19:55:38Z
411,1451,checkout,2026-03-28T20:44:38Z
411,717,search,2026-03-28T20:54:38Z
411,632,view,2026-03-28T21:24:38Z
411,273,purchase,2026-03-28T21:58:38Z
411,410,view,2026-03-28T22:51:38Z
411,1379,wishlist,2026-03-28T23:44:38Z
411,1457,view,2026-03-29T00:26:38Z
411,1042,view,2026-03-29T00:55:38Z
411,915,remove_cart,2026-03-29T01:24:38Z
411,2,wishlist,2026-03-29T01:46:38Z
411,658,view,2026-03-29T02:36:38Z
411,653,purchase,2026-03-29T03:24:38Z
411,1305,checkout,2026-03-29T04:15:38Z
411,123,remove_cart,2026-03-29T05:01:38Z
411,927,purchase,2026-03-29T05:27:38Z
411,797,purchase,2026-03-29T05:41:38Z
411,371,click,2026-03-29T05:59:38Z
411,576,search,2026-03-29T06:30:38Z
412,890,view,2026-03-05T17:16:38Z
412,459,click,2026-03-05T18:04:38Z
412,1262,add_to_cart,2026-03-05T18:14:38Z
412,895,checkout,2026-03-05T18:35:38Z
412,1452,purchase,2026-03-05T19:02:38Z
412,564,click,2026-03-05T19:44:38Z
412,542,add_to_cart,2026-03-05T20:29:38Z
412,618,purchase,2026-03-05T20:56:38Z
412,909,wishlist,2026-03-05T21:01:38Z
412,921,add_to_cart,2026-03-05T21:46:38Z
412,1015,wishlist,2026-03-05T22:34:38Z
412,124,checkout,2026-03-05T22:47:38Z
412,534,remove_cart,2026-03-05T22:52:38Z
412,164,remove_cart,2026-03-05T22:54:38Z
412,523,checkout,2026-03-05T23:37:38Z
412,774,click,2026-03-06T00:16:38Z
412,1487,search,2026-03-06T00:18:38Z
412,1492,view,2026-03-06T00:22:38Z
412,845,add_to_cart,2026-03-06T00:43:38Z
412,1387,purchase,2026-03-06T01:41:38Z
412,1230,wishlist,2026-03-06T02:41:38Z
412,259,remove_cart,2026-03-06T03:35:38Z
412,511,checkout,2026-03-06T04:09:38Z
412,981,checkout,2026-03-06T04:40:38Z
412,534,remove_cart,2026-03-06T05:02:38Z
413,965,search,2026-04-02T16:42:38Z
413,249,view,2026-04-02T17:31:38Z
413,706,click,2026-04-02T17:50:38Z
413,396,click,2026-04-02T18:47:38Z
413,1350,checkout,2026-04-02T19:05:38Z
413,262,view,2026-04-02T19:55:38Z
413,730,add_to_cart,2026-04-02T20:22:38Z
413,371,remove_cart,2026-04-02T20:44:38Z
413,1368,purchase,2026-04-02T21:43:38Z
413,742,remove_cart,2026-04-02T22:14:38Z
413,931,remove_cart,2026-04-02T22:26:38Z
413,516,wishlist,2026-04-02T23:15:38Z
413,530,wishlist,2026-04-02T23:59:38Z
413,625,view,2026-04-03T00:14:38Z
413,920,purchase,2026-04-03T00:53:38Z
413,734,wishlist,2026-04-03T01:33:38Z
413,818,wishlist,2026-04-03T01:49:38Z
413,348,search,2026-04-03T02:30:38Z
413,101,add_to_cart,2026-04-03T03:14:38Z
413,69,search,2026-04-03T03:43:38Z
414,815,view,2026-03-18T16:54:38Z
414,1033,wishlist,2026-03-18T17:17:38Z
414,1452,view,2026-03-18T18:14:38Z
414,412,click,2026-03-18T18:59:38Z
414,1355,add_to_cart,2026-03-18T19:39:38Z
414,1152,view,2026-03-18T19:44:38Z
414,1416,checkout,2026-03-18T20:09:38Z
414,914,add_to_cart,2026-03-18T21:03:38Z
414,492,view,2026-03-18T21:21:38Z
414,1481,wishlist,2026-03-18T22:19:38Z
414,1064,add_to_cart,2026-03-18T23:15:38Z
414,724,checkout,2026-03-18T23:20:38Z
414,1335,purchase,2026-03-18T23:38:38Z
414,51,search,2026-03-18T23:53:38Z
414,1194,add_to_cart,2026-03-19T00:46:38Z
414,1469,checkout,2026-03-19T01:44:38Z
414,652,purchase,2026-03-19T02:20:38Z
414,362,search,2026-03-19T02:38:38Z
414,320,search,2026-03-19T02:42:38Z
414,1097,search,2026-03-19T03:35:38Z
414,1432,view,2026-03-19T03:55:38Z
414,1076,remove_cart,2026-03-19T04:28:38Z
414,1483,remove_cart,2026-03-19T05:13:38Z
414,1459,view,2026-03-19T05:48:38Z
414,409,checkout,2026-03-19T06:14:38Z
414,357,search,2026-03-19T06:57:38Z
414,630,checkout,2026-03-19T07:08:38Z
414,954,checkout,2026-03-19T08:00:38Z
414,719,click,2026-03-19T08:08:38Z
414,935,checkout,2026-03-19T08:44:38Z
414,1100,purchase,2026-03-19T09:15:38Z
414,833,click,2026-03-19T09:37:38Z
414,827,click,2026-03-19T10:31:38Z
414,1002,add_to_cart,2026-03-19T10:36:38Z
414,971,purchase,2026-03-19T11:01:38Z
414,1081,click,2026-03-19T11:17:38Z
414,130,checkout,2026-03-19T11:30:38Z
414,1431,search,2026-03-19T11:32:38Z
414,155,purchase,2026-03-19T12:30:38Z
414,871,click,2026-03-19T12:56:38Z
414,1472,remove_cart,2026-03-19T13:52:38Z
415,1382,search,2026-02-24T16:42:38Z
415,814,view,2026-02-24T17:25:38Z
415,1484,click,2026-02-24T18:05:38Z
415,806,remove_cart,2026-02-24T18:36:38Z
415,156,add_to_cart,2026-02-24T19:36:38Z
415,640,add_to_cart,2026-02-24T19:48:38Z
415,1289,checkout,2026-02-24T20:25:38Z
415,528,add_to_cart,2026-02-24T20:34:38Z
415,1336,checkout,2026-02-24T21:00:38Z
415,87,remove_cart,2026-02-24T21:29:38Z
415,804,checkout,2026-02-24T21:36:38Z
415,1307,checkout,2026-02-24T21:42:38Z
415,1364,search,2026-02-24T22:16:38Z
415,1249,wishlist,2026-02-24T22:46:38Z
415,935,add_to_cart,2026-02-24T23:08:38Z
415,354,wishlist,2026-02-24T23:53:38Z
415,310,purchase,2026-02-25T00:14:38Z
415,1271,view,2026-02-25T00:16:38Z
415,144,purchase,2026-02-25T00:35:38Z
415,905,purchase,2026-02-25T01:25:38Z
415,699,purchase,2026-02-25T01:42:38Z
415,586,search,2026-02-25T01:51:38Z
415,197,checkout,2026-02-25T02:45:38Z
415,645,click,2026-02-25T03:08:38Z
415,371,add_to_cart,2026-02-25T04:03:38Z
415,232,click,2026-02-25T04:39:38Z
415,911,wishlist,2026-02-25T04:45:38Z
416,54,view,2026-02-01T16:51:38Z
416,935,click,2026-02-01T17:19:38Z
416,1338,add_to_cart,2026-02-01T17:50:38Z
416,1367,checkout,2026-02-01T18:18:38Z
416,405,purchase,2026-02-01T18:57:38Z
416,200,click,2026-02-01T19:11:38Z
416,610,remove_cart,2026-02-01T20:09:38Z
416,1134,wishlist,2026-02-01T20:25:38Z
416,820,purchase,2026-02-01T20:38:38Z
416,715,search,2026-02-01T20:49:38Z
416,457,wishlist,2026-02-01T20:50:38Z
416,498,wishlist,2026-02-01T21:06:38Z
416,182,add_to_cart,2026-02-01T21:59:38Z
416,329,view,2026-02-01T22:06:38Z
416,1430,wishlist,2026-02-01T22:26:38Z
416,671,remove_cart,2026-02-01T22:55:38Z
416,1187,click,2026-02-01T23:14:38Z
416,1170,wishlist,2026-02-02T00:09:38Z
416,87,checkout,2026-02-02T00:40:38Z
416,1440,purchase,2026-02-02T00:47:38Z
416,739,checkout,2026-02-02T00:48:38Z
416,1348,remove_cart,2026-02-02T01:23:38Z
416,1131,add_to_cart,2026-02-02T01:47:38Z
416,85,purchase,2026-02-02T01:59:38Z
416,545,click,2026-02-02T02:57:38Z
417,760,view,2026-03-23T16:42:38Z
417,396,wishlist,2026-03-23T17:07:38Z
417,812,view,2026-03-23T17:58:38Z
417,965,click,2026-03-23T18:54:38Z
417,1046,add_to_cart,2026-03-23T19:34:38Z
417,1026,purchase,2026-03-23T20:02:38Z
417,859,remove_cart,2026-03-23T20:18:38Z
417,639,search,2026-03-23T21:01:38Z
417,1187,search,2026-03-23T21:59:38Z
417,1356,click,2026-03-23T22:01:38Z
417,398,remove_cart,2026-03-23T23:01:38Z
417,845,add_to_cart,2026-03-23T23:52:38Z
417,396,checkout,2026-03-24T00:41:38Z
417,56,add_to_cart,2026-03-24T01:22:38Z
417,1454,remove_cart,2026-03-24T02:15:38Z
417,288,view,2026-03-24T02:33:38Z
417,1262,search,2026-03-24T02:43:38Z
417,157,add_to_cart,2026-03-24T03:32:38Z
417,359,click,2026-03-24T04:12:38Z
417,538,search,2026-03-24T04:41:38Z
417,1292,purchase,2026-03-24T05:23:38Z
417,883,wishlist,2026-03-24T05:27:38Z
417,348,checkout,2026-03-24T06:02:38Z
417,1186,view,2026-03-24T06:39:38Z
417,984,purchase,2026-03-24T07:12:38Z
417,244,add_to_cart,2026-03-24T08:08:38Z
417,38,click,2026-03-24T08:17:38Z
417,310,purchase,2026-03-24T08:50:38Z
417,1221,purchase,2026-03-24T09:28:38Z
417,756,view,2026-03-24T09:35:38Z
417,1365,view,2026-03-24T10:25:38Z
417,716,wishlist,2026-03-24T11:05:38Z
417,873,search,2026-03-24T11:37:38Z
417,1145,click,2026-03-24T12:05:38Z
417,1287,view,2026-03-24T12:52:38Z
417,71,remove_cart,2026-03-24T13:25:38Z
417,636,purchase,2026-03-24T13:28:38Z
417,670,view,2026-03-24T13:29:38Z
417,861,search,2026-03-24T14:25:38Z
417,1436,view,2026-03-24T14:31:38Z
417,562,purchase,2026-03-24T14:39:38Z
417,493,purchase,2026-03-24T15:38:38Z
417,733,remove_cart,2026-03-24T15:39:38Z
417,402,checkout,2026-03-24T15:56:38Z
417,221,add_to_cart,2026-03-24T16:03:38Z
417,705,click,2026-03-24T17:02:38Z
417,681,search,2026-03-24T17:39:38Z
417,168,add_to_cart,2026-03-24T18:16:38Z
417,221,checkout,2026-03-24T18:55:38Z
417,1273,remove_cart,2026-03-24T19:49:38Z
417,137,view,2026-03-24T20:28:38Z
417,600,purchase,2026-03-24T20:53:38Z
417,1318,click,2026-03-24T21:25:38Z
417,1433,remove_cart,2026-03-24T21:46:38Z
417,755,add_to_cart,2026-03-24T21:48:38Z
417,1300,search,2026-03-24T22:23:38Z
417,815,purchase,2026-03-24T23:14:38Z
417,1168,view,2026-03-25T00:12:38Z
417,153,view,2026-03-25T01:09:38Z
417,1065,remove_cart,2026-03-25T02:02:38Z
417,169,view,2026-03-25T02:09:38Z
417,1356,wishlist,2026-03-25T03:07:38Z
417,853,purchase,2026-03-25T03:55:38Z
417,789,view,2026-03-25T04:35:38Z
417,1247,search,2026-03-25T04:49:38Z
417,1294,search,2026-03-25T05:13:38Z
417,547,purchase,2026-03-25T05:55:38Z
417,259,checkout,2026-03-25T06:09:38Z
417,1195,view,2026-03-25T06:10:38Z
417,239,remove_cart,2026-03-25T06:13:38Z
417,686,wishlist,2026-03-25T06:26:38Z
418,452,view,2026-01-29T16:45:38Z
418,705,click,2026-01-29T16:57:38Z
418,354,add_to_cart,2026-01-29T17:25:38Z
418,632,checkout,2026-01-29T18:25:38Z
418,1149,purchase,2026-01-29T19:09:38Z
418,616,view,2026-01-29T20:05:38Z
418,543,checkout,2026-01-29T20:08:38Z
418,1130,remove_cart,2026-01-29T20:26:38Z
418,730,wishlist,2026-01-29T20:47:38Z
418,829,click,2026-01-29T21:31:38Z
418,1470,purchase,2026-01-29T21:42:38Z
418,682,search,2026-01-29T21:45:38Z
418,1377,checkout,2026-01-29T22:34:38Z
418,165,search,2026-01-29T22:41:38Z
418,408,purchase,2026-01-29T23:05:38Z
418,4,click,2026-01-29T23:46:38Z
418,1319,purchase,2026-01-30T00:19:38Z
418,812,click,2026-01-30T01:04:38Z
418,903,remove_cart,2026-01-30T01:36:38Z
418,1389,view,2026-01-30T02:16:38Z
418,149,wishlist,2026-01-30T02:26:38Z
418,1033,wishlist,2026-01-30T03:10:38Z
418,1467,remove_cart,2026-01-30T03:44:38Z
418,1424,view,2026-01-30T04:01:38Z
418,534,purchase,2026-01-30T04:40:38Z
418,29,add_to_cart,2026-01-30T05:18:38Z
418,1055,view,2026-01-30T06:09:38Z
418,1106,add_to_cart,2026-01-30T06:30:38Z
418,1053,wishlist,2026-01-30T07:01:38Z
418,1465,purchase,2026-01-30T07:40:38Z
418,980,view,2026-01-30T07:53:38Z
418,927,view,2026-01-30T08:07:38Z
419,106,view,2026-03-24T16:32:38Z
419,1131,click,2026-03-24T16:56:38Z
419,1137,add_to_cart,2026-03-24T17:47:38Z
419,1161,checkout,2026-03-24T18:14:38Z
419,1409,purchase,2026-03-24T18:56:38Z
419,727,search,2026-03-24T19:30:38Z
419,127,purchase,2026-03-24T20:15:38Z
419,1066,checkout,2026-03-24T20:32:38Z
419,160,checkout,2026-03-24T21:08:38Z
419,46,purchase,2026-03-24T21:25:38Z
419,1340,wishlist,2026-03-24T22:10:38Z
419,561,click,2026-03-24T23:10:38Z
419,118,view,2026-03-24T23:31:38Z
419,207,click,2026-03-25T00:07:38Z
419,1454,purchase,2026-03-25T00:53:38Z
419,1013,remove_cart,2026-03-25T00:58:38Z
419,77,view,2026-03-25T00:59:38Z
419,733,search,2026-03-25T01:32:38Z
419,1346,search,2026-03-25T02:19:38Z
419,277,click,2026-03-25T03:06:38Z
419,514,purchase,2026-03-25T03:49:38Z
419,1486,click,2026-03-25T03:50:38Z
419,667,search,2026-03-25T04:34:38Z
419,670,add_to_cart,2026-03-25T04:55:38Z
419,1172,purchase,2026-03-25T05:40:38Z
419,662,remove_cart,2026-03-25T05:50:38Z
419,161,wishlist,2026-03-25T06:18:38Z
419,208,search,2026-03-25T06:36:38Z
419,1468,add_to_cart,2026-03-25T07:19:38Z
419,129,checkout,2026-03-25T07:23:38Z
419,391,view,2026-03-25T08:03:38Z
419,683,add_to_cart,2026-03-25T08:11:38Z
419,524,add_to_cart,2026-03-25T08:49:38Z
419,884,click,2026-03-25T09:21:38Z
419,198,click,2026-03-25T09:29:38Z
419,480,search,2026-03-25T10:02:38Z
419,1441,add_to_cart,2026-03-25T10:19:38Z
419,832,view,2026-03-25T10:58:38Z
419,278,wishlist,2026-03-25T11:58:38Z
419,157,remove_cart,2026-03-25T12:51:38Z
419,795,add_to_cart,2026-03-25T12:59:38Z
419,1155,remove_cart,2026-03-25T13:45:38Z
419,181,search,2026-03-25T14:19:38Z
419,158,view,2026-03-25T14:20:38Z
419,1454,click,2026-03-25T14:31:38Z
419,1426,purchase,2026-03-25T14:46:38Z
419,860,view,2026-03-25T14:54:38Z
419,782,checkout,2026-03-25T15:32:38Z
419,1282,wishlist,2026-03-25T15:56:38Z
419,952,remove_cart,2026-03-25T16:38:38Z
420,1124,search,2026-03-19T16:37:38Z
420,1326,view,2026-03-19T17:24:38Z
420,394,click,2026-03-19T18:16:38Z
420,630,remove_cart,2026-03-19T18:49:38Z
420,494,click,2026-03-19T19:08:38Z
420,806,search,2026-03-19T19:27:38Z
420,1035,add_to_cart,2026-03-19T19:39:38Z
420,997,view,2026-03-19T20:27:38Z
420,1235,search,2026-03-19T21:10:38Z
420,410,view,2026-03-19T21:31:38Z
420,1496,view,2026-03-19T21:53:38Z
420,1260,wishlist,2026-03-19T21:54:38Z
420,1075,search,2026-03-19T22:05:38Z
420,1113,click,2026-03-19T22:33:38Z
420,313,purchase,2026-03-19T22:59:38Z
420,1008,wishlist,2026-03-19T23:28:38Z
420,54,add_to_cart,2026-03-19T23:34:38Z
420,957,checkout,2026-03-19T23:46:38Z
420,251,search,2026-03-20T00:46:38Z
420,764,view,2026-03-20T01:40:38Z
420,717,click,2026-03-20T02:39:38Z
420,1173,checkout,2026-03-20T03:37:38Z
420,696,click,2026-03-20T04:01:38Z
420,1131,wishlist,2026-03-20T04:07:38Z
420,732,search,2026-03-20T04:45:38Z
420,1276,wishlist,2026-03-20T04:56:38Z
420,506,remove_cart,2026-03-20T05:13:38Z
420,283,wishlist,2026-03-20T05:22:38Z
420,407,click,2026-03-20T05:53:38Z
420,626,add_to_cart,2026-03-20T06:29:38Z
420,1075,add_to_cart,2026-03-20T06:46:38Z
420,1318,checkout,2026-03-20T07:46:38Z
420,1096,add_to_cart,2026-03-20T08:23:38Z
420,332,view,2026-03-20T09:06:38Z
420,318,view,2026-03-20T10:04:38Z
420,940,click,2026-03-20T10:46:38Z
420,644,add_to_cart,2026-03-20T11:11:38Z
420,1327,click,2026-03-20T11:53:38Z
420,539,purchase,2026-03-20T12:40:38Z
420,640,add_to_cart,2026-03-20T12:43:38Z
420,1005,wishlist,2026-03-20T13:37:38Z
420,219,click,2026-03-20T13:53:38Z
420,778,search,2026-03-20T14:17:38Z
420,764,add_to_cart,2026-03-20T15:04:38Z
420,448,purchase,2026-03-20T15:08:38Z
420,284,view,2026-03-20T16:05:38Z
420,134,search,2026-03-20T17:00:38Z
420,32,purchase,2026-03-20T17:02:38Z
420,432,click,2026-03-20T17:10:38Z
420,869,click,2026-03-20T17:29:38Z
420,630,search,2026-03-20T18:23:38Z
420,578,add_to_cart,2026-03-20T18:29:38Z
420,1316,purchase,2026-03-20T18:59:38Z
420,1389,checkout,2026-03-20T19:32:38Z
420,761,view,2026-03-20T20:27:38Z
420,1264,wishlist,2026-03-20T21:10:38Z
420,273,add_to_cart,2026-03-20T21:58:38Z
420,49,checkout,2026-03-20T22:29:38Z
420,109,add_to_cart,2026-03-20T22:57:38Z
420,956,search,2026-03-20T23:34:38Z
420,1333,remove_cart,2026-03-21T00:14:38Z
420,1196,checkout,2026-03-21T00:54:38Z
420,377,checkout,2026-03-21T01:39:38Z
420,1376,wishlist,2026-03-21T02:05:38Z
420,627,remove_cart,2026-03-21T02:47:38Z
420,434,click,2026-03-21T02:52:38Z
420,918,wishlist,2026-03-21T02:53:38Z
420,594,remove_cart,2026-03-21T03:44:38Z
420,344,remove_cart,2026-03-21T04:13:38Z
420,826,checkout,2026-03-21T04:59:38Z
420,1157,purchase,2026-03-21T05:13:38Z
420,54,remove_cart,2026-03-21T05:46:38Z
420,232,view,2026-03-21T06:15:38Z
420,579,click,2026-03-21T06:55:38Z
420,98,checkout,2026-03-21T07:16:38Z
420,377,wishlist,2026-03-21T07:57:38Z
420,195,add_to_cart,2026-03-21T08:00:38Z
421,17,view,2026-04-01T17:15:38Z
421,578,click,2026-04-01T18:02:38Z
421,264,add_to_cart,2026-04-01T18:12:38Z
421,757,remove_cart,2026-04-01T18:57:38Z
421,1168,view,2026-04-01T19:57:38Z
421,1330,purchase,2026-04-01T20:13:38Z
421,1131,add_to_cart,2026-04-01T20:27:38Z
421,624,click,2026-04-01T21:19:38Z
421,229,purchase,2026-04-01T21:33:38Z
421,153,remove_cart,2026-04-01T22:31:38Z
421,1273,remove_cart,2026-04-01T22:57:38Z
421,1389,checkout,2026-04-01T23:17:38Z
421,847,search,2026-04-02T00:16:38Z
421,999,checkout,2026-04-02T00:19:38Z
421,1237,click,2026-04-02T00:27:38Z
421,140,wishlist,2026-04-02T01:25:38Z
421,758,click,2026-04-02T01:33:38Z
421,930,checkout,2026-04-02T02:08:38Z
421,1194,add_to_cart,2026-04-02T02:24:38Z
421,404,view,2026-04-02T03:23:38Z
421,660,checkout,2026-04-02T03:31:38Z
421,1057,wishlist,2026-04-02T04:31:38Z
421,373,remove_cart,2026-04-02T04:32:38Z
421,267,remove_cart,2026-04-02T04:52:38Z
422,620,search,2026-02-27T17:09:38Z
422,1044,view,2026-02-27T17:31:38Z
422,1478,click,2026-02-27T18:06:38Z
422,771,search,2026-02-27T18:52:38Z
422,142,purchase,2026-02-27T19:21:38Z
422,1325,search,2026-02-27T19:51:38Z
422,53,checkout,2026-02-27T20:14:38Z
422,1324,view,2026-02-27T20:37:38Z
422,135,checkout,2026-02-27T21:18:38Z
422,1020,click,2026-02-27T22:15:38Z
422,629,search,2026-02-27T22:56:38Z
422,124,search,2026-02-27T23:00:38Z
422,999,add_to_cart,2026-02-27T23:47:38Z
422,1043,search,2026-02-28T00:37:38Z
422,566,search,2026-02-28T00:48:38Z
422,474,search,2026-02-28T01:48:38Z
422,420,checkout,2026-02-28T02:27:38Z
422,877,remove_cart,2026-02-28T02:52:38Z
422,634,view,2026-02-28T03:11:38Z
422,940,remove_cart,2026-02-28T04:02:38Z
422,1103,click,2026-02-28T04:10:38Z
422,139,click,2026-02-28T04:37:38Z
422,1004,add_to_cart,2026-02-28T05:25:38Z
422,452,checkout,2026-02-28T06:07:38Z
422,913,search,2026-02-28T07:00:38Z
422,1205,checkout,2026-02-28T07:19:38Z
422,1061,remove_cart,2026-02-28T07:48:38Z
422,1435,search,2026-02-28T08:12:38Z
422,482,add_to_cart,2026-02-28T08:42:38Z
422,1299,purchase,2026-02-28T09:24:38Z
422,1058,click,2026-02-28T10:05:38Z
422,851,click,2026-02-28T10:26:38Z
422,584,checkout,2026-02-28T10:47:38Z
423,1286,view,2026-03-23T16:40:38Z
423,1297,wishlist,2026-03-23T17:30:38Z
423,704,view,2026-03-23T17:53:38Z
423,898,click,2026-03-23T18:36:38Z
423,936,add_to_cart,2026-03-23T19:15:38Z
423,943,view,2026-03-23T20:02:38Z
423,906,view,2026-03-23T20:33:38Z
423,633,view,2026-03-23T21:27:38Z
423,432,wishlist,2026-03-23T21:49:38Z
423,146,view,2026-03-23T21:51:38Z
423,213,checkout,2026-03-23T22:04:38Z
423,310,search,2026-03-23T22:11:38Z
423,720,checkout,2026-03-23T22:23:38Z
423,1308,add_to_cart,2026-03-23T22:30:38Z
423,1283,add_to_cart,2026-03-23T23:07:38Z
423,918,wishlist,2026-03-23T23:32:38Z
423,108,add_to_cart,2026-03-23T23:49:38Z
423,701,wishlist,2026-03-24T00:13:38Z
423,215,add_to_cart,2026-03-24T00:34:38Z
423,592,checkout,2026-03-24T01:05:38Z
423,657,wishlist,2026-03-24T01:33:38Z
423,1332,add_to_cart,2026-03-24T02:33:38Z
423,319,remove_cart,2026-03-24T02:53:38Z
423,897,search,2026-03-24T03:07:38Z
423,1035,search,2026-03-24T03:17:38Z
423,316,add_to_cart,2026-03-24T04:08:38Z
423,261,view,2026-03-24T04:20:38Z
424,857,view,2026-03-15T16:23:38Z
424,1170,click,2026-03-15T16:42:38Z
424,86,add_to_cart,2026-03-15T17:08:38Z
424,332,checkout,2026-03-15T17:38:38Z
424,698,purchase,2026-03-15T18:03:38Z
424,127,add_to_cart,2026-03-15T18:49:38Z
424,571,click,2026-03-15T19:36:38Z
424,97,checkout,2026-03-15T20:03:38Z
424,475,remove_cart,2026-03-15T20:32:38Z
424,766,checkout,2026-03-15T20:43:38Z
424,1175,view,2026-03-15T20:47:38Z
424,241,purchase,2026-03-15T20:58:38Z
424,1476,wishlist,2026-03-15T21:23:38Z
424,368,purchase,2026-03-15T22:14:38Z
424,3,view,2026-03-15T22:38:38Z
424,712,remove_cart,2026-03-15T23:25:38Z
424,1164,view,2026-03-15T23:51:38Z
424,1287,remove_cart,2026-03-16T00:50:38Z
424,1477,click,2026-03-16T01:34:38Z
424,1108,wishlist,2026-03-16T02:33:38Z
424,1372,search,2026-03-16T02:51:38Z
424,446,wishlist,2026-03-16T03:00:38Z
424,1189,remove_cart,2026-03-16T03:17:38Z
425,56,view,2026-03-17T16:29:38Z
425,69,click,2026-03-17T17:21:38Z
425,1388,add_to_cart,2026-03-17T18:12:38Z
425,68,checkout,2026-03-17T18:23:38Z
425,1167,purchase,2026-03-17T18:58:38Z
425,828,remove_cart,2026-03-17T19:30:38Z
425,120,view,2026-03-17T19:50:38Z
425,502,remove_cart,2026-03-17T20:00:38Z
425,743,add_to_cart,2026-03-17T20:07:38Z
425,955,click,2026-03-17T20:52:38Z
425,1234,wishlist,2026-03-17T21:00:38Z
425,1209,remove_cart,2026-03-17T21:31:38Z
425,1181,add_to_cart,2026-03-17T22:28:38Z
425,691,remove_cart,2026-03-17T22:30:38Z
425,480,remove_cart,2026-03-17T22:53:38Z
425,1391,click,2026-03-17T23:11:38Z
425,365,purchase,2026-03-17T23:29:38Z
425,1015,add_to_cart,2026-03-17T23:32:38Z
425,588,view,2026-03-18T00:30:38Z
425,1403,purchase,2026-03-18T00:36:38Z
425,933,view,2026-03-18T01:36:38Z
425,340,checkout,2026-03-18T01:47:38Z
425,956,add_to_cart,2026-03-18T02:23:38Z
425,1224,search,2026-03-18T03:03:38Z
425,1038,wishlist,2026-03-18T04:02:38Z
425,820,purchase,2026-03-18T04:49:38Z
425,601,checkout,2026-03-18T05:49:38Z
425,1491,add_to_cart,2026-03-18T06:24:38Z
425,169,remove_cart,2026-03-18T06:27:38Z
425,803,checkout,2026-03-18T07:17:38Z
425,1086,checkout,2026-03-18T08:00:38Z
425,1030,checkout,2026-03-18T08:14:38Z
425,213,view,2026-03-18T08:22:38Z
425,424,click,2026-03-18T09:14:38Z
425,717,view,2026-03-18T09:56:38Z
425,1189,add_to_cart,2026-03-18T10:40:38Z
425,1085,add_to_cart,2026-03-18T10:54:38Z
425,337,purchase,2026-03-18T11:18:38Z
425,954,add_to_cart,2026-03-18T11:32:38Z
425,91,checkout,2026-03-18T11:54:38Z
425,1074,search,2026-03-18T12:13:38Z
425,1338,view,2026-03-18T12:39:38Z
425,384,purchase,2026-03-18T13:20:38Z
425,1127,search,2026-03-18T13:38:38Z
425,513,remove_cart,2026-03-18T14:14:38Z
425,571,remove_cart,2026-03-18T14:17:38Z
425,1461,click,2026-03-18T15:17:38Z
425,215,add_to_cart,2026-03-18T15:44:38Z
425,751,remove_cart,2026-03-18T16:31:38Z
425,637,wishlist,2026-03-18T17:12:38Z
425,1200,add_to_cart,2026-03-18T17:42:38Z
425,1349,purchase,2026-03-18T17:55:38Z
425,271,checkout,2026-03-18T17:59:38Z
425,610,click,2026-03-18T18:56:38Z
425,790,remove_cart,2026-03-18T19:01:38Z
425,970,view,2026-03-18T19:21:38Z
425,104,remove_cart,2026-03-18T19:26:38Z
425,876,add_to_cart,2026-03-18T20:06:38Z
425,602,wishlist,2026-03-18T20:23:38Z
425,92,click,2026-03-18T21:01:38Z
425,1003,search,2026-03-18T21:14:38Z
425,68,checkout,2026-03-18T22:10:38Z
425,1353,add_to_cart,2026-03-18T22:50:38Z
425,68,remove_cart,2026-03-18T23:20:38Z
425,422,wishlist,2026-03-18T23:21:38Z
425,345,wishlist,2026-03-18T23:48:38Z
425,383,purchase,2026-03-19T00:17:38Z
425,1368,search,2026-03-19T00:43:38Z
425,667,search,2026-03-19T01:33:38Z
425,603,remove_cart,2026-03-19T01:34:38Z
425,177,wishlist,2026-03-19T02:30:38Z
425,1215,click,2026-03-19T03:08:38Z
425,829,view,2026-03-19T04:07:38Z
425,805,wishlist,2026-03-19T04:56:38Z
425,382,purchase,2026-03-19T05:08:38Z
425,1240,remove_cart,2026-03-19T05:40:38Z
425,237,click,2026-03-19T06:29:38Z
425,1007,click,2026-03-19T07:22:38Z
426,712,view,2026-03-07T16:34:38Z
426,1457,click,2026-03-07T17:13:38Z
426,1396,add_to_cart,2026-03-07T17:24:38Z
426,366,checkout,2026-03-07T17:54:38Z
426,1192,purchase,2026-03-07T18:45:38Z
426,1223,click,2026-03-07T19:11:38Z
426,299,search,2026-03-07T19:20:38Z
426,1243,add_to_cart,2026-03-07T20:17:38Z
426,714,add_to_cart,2026-03-07T21:17:38Z
426,527,purchase,2026-03-07T21:52:38Z
426,908,click,2026-03-07T22:28:38Z
426,980,wishlist,2026-03-07T23:19:38Z
426,1004,remove_cart,2026-03-07T23:25:38Z
426,1392,remove_cart,2026-03-07T23:49:38Z
426,328,checkout,2026-03-08T00:00:38Z
426,746,search,2026-03-08T00:56:38Z
426,887,purchase,2026-03-08T01:24:38Z
426,1199,view,2026-03-08T01:56:38Z
426,1358,purchase,2026-03-08T02:12:38Z
426,1053,search,2026-03-08T02:16:38Z
426,399,purchase,2026-03-08T03:03:38Z
426,447,checkout,2026-03-08T03:36:38Z
426,1302,remove_cart,2026-03-08T04:31:38Z
426,1300,click,2026-03-08T04:54:38Z
426,797,add_to_cart,2026-03-08T05:49:38Z
426,832,remove_cart,2026-03-08T06:23:38Z
426,1061,remove_cart,2026-03-08T07:05:38Z
426,46,view,2026-03-08T07:40:38Z
426,757,checkout,2026-03-08T08:18:38Z
426,489,remove_cart,2026-03-08T08:40:38Z
426,102,view,2026-03-08T08:42:38Z
426,294,add_to_cart,2026-03-08T09:34:38Z
426,28,checkout,2026-03-08T09:58:38Z
426,838,purchase,2026-03-08T10:43:38Z
426,964,view,2026-03-08T11:01:38Z
426,319,view,2026-03-08T11:41:38Z
426,455,view,2026-03-08T11:57:38Z
426,179,checkout,2026-03-08T12:49:38Z
426,1398,search,2026-03-08T12:59:38Z
426,968,click,2026-03-08T13:13:38Z
426,362,search,2026-03-08T13:42:38Z
426,1165,checkout,2026-03-08T14:35:38Z
426,360,purchase,2026-03-08T15:13:38Z
426,835,add_to_cart,2026-03-08T15:57:38Z
426,1169,search,2026-03-08T16:53:38Z
426,324,wishlist,2026-03-08T17:10:38Z
426,854,checkout,2026-03-08T18:03:38Z
426,505,add_to_cart,2026-03-08T18:43:38Z
426,1498,purchase,2026-03-08T19:09:38Z
426,634,purchase,2026-03-08T19:19:38Z
426,966,view,2026-03-08T20:03:38Z
426,1055,add_to_cart,2026-03-08T20:55:38Z
427,1029,view,2026-01-31T17:02:38Z
427,1292,wishlist,2026-01-31T17:09:38Z
427,1367,view,2026-01-31T18:08:38Z
427,155,click,2026-01-31T18:35:38Z
427,1027,add_to_cart,2026-01-31T19:18:38Z
427,1037,view,2026-01-31T19:56:38Z
427,1095,view,2026-01-31T20:35:38Z
427,40,view,2026-01-31T20:52:38Z
427,807,purchase,2026-01-31T21:07:38Z
427,301,add_to_cart,2026-01-31T21:36:38Z
427,619,search,2026-01-31T22:26:38Z
427,261,wishlist,2026-01-31T23:20:38Z
427,737,add_to_cart,2026-01-31T23:51:38Z
427,799,search,2026-02-01T00:00:38Z
427,275,checkout,2026-02-01T00:15:38Z
427,380,checkout,2026-02-01T00:27:38Z
427,646,add_to_cart,2026-02-01T00:34:38Z
427,300,wishlist,2026-02-01T00:50:38Z
427,198,wishlist,2026-02-01T00:54:38Z
427,1185,remove_cart,2026-02-01T01:34:38Z
427,381,purchase,2026-02-01T02:24:38Z
427,741,checkout,2026-02-01T02:41:38Z
427,1444,click,2026-02-01T02:47:38Z
427,1439,remove_cart,2026-02-01T03:09:38Z
427,9,click,2026-02-01T03:37:38Z
428,607,search,2026-02-27T17:12:38Z
428,1215,view,2026-02-27T18:06:38Z
428,666,click,2026-02-27T18:57:38Z
428,409,click,2026-02-27T19:12:38Z
428,1478,remove_cart,2026-02-27T19:40:38Z
428,699,view,2026-02-27T20:28:38Z
428,306,checkout,2026-02-27T20:49:38Z
428,625,remove_cart,2026-02-27T21:15:38Z
428,1394,checkout,2026-02-27T21:20:38Z
428,176,click,2026-02-27T21:53:38Z
428,276,purchase,2026-02-27T22:52:38Z
428,318,view,2026-02-27T23:22:38Z
428,1175,purchase,2026-02-28T00:10:38Z
428,1454,click,2026-02-28T00:48:38Z
428,539,click,2026-02-28T01:23:38Z
428,748,remove_cart,2026-02-28T01:45:38Z
428,842,view,2026-02-28T02:35:38Z
428,1189,purchase,2026-02-28T03:03:38Z
428,130,wishlist,2026-02-28T04:01:38Z
428,862,remove_cart,2026-02-28T04:31:38Z
428,1270,wishlist,2026-02-28T04:54:38Z
428,777,click,2026-02-28T05:33:38Z
428,907,remove_cart,2026-02-28T06:11:38Z
428,377,remove_cart,2026-02-28T06:15:38Z
428,775,add_to_cart,2026-02-28T06:28:38Z
428,1172,search,2026-02-28T06:48:38Z
428,214,wishlist,2026-02-28T07:32:38Z
428,923,search,2026-02-28T07:48:38Z
428,551,view,2026-02-28T08:36:38Z
428,1393,purchase,2026-02-28T09:33:38Z
428,608,search,2026-02-28T09:43:38Z
428,857,click,2026-02-28T10:38:38Z
428,405,add_to_cart,2026-02-28T11:06:38Z
428,959,click,2026-02-28T11:38:38Z
428,557,checkout,2026-02-28T12:27:38Z
428,371,search,2026-02-28T12:37:38Z
428,381,add_to_cart,2026-02-28T12:44:38Z
428,1323,search,2026-02-28T12:53:38Z
428,1468,click,2026-02-28T13:45:38Z
428,1052,checkout,2026-02-28T13:58:38Z
428,1398,click,2026-02-28T14:41:38Z
428,477,view,2026-02-28T15:40:38Z
428,418,search,2026-02-28T16:09:38Z
428,670,click,2026-02-28T16:39:38Z
428,1356,click,2026-02-28T16:42:38Z
428,749,add_to_cart,2026-02-28T17:20:38Z
428,1146,purchase,2026-02-28T18:07:38Z
428,1037,wishlist,2026-02-28T18:08:38Z
428,345,purchase,2026-02-28T18:24:38Z
428,50,checkout,2026-02-28T18:31:38Z
428,425,search,2026-02-28T18:52:38Z
428,446,wishlist,2026-02-28T18:58:38Z
428,874,wishlist,2026-02-28T19:40:38Z
428,1452,purchase,2026-02-28T20:24:38Z
429,901,view,2026-03-22T17:07:38Z
429,1240,click,2026-03-22T17:12:38Z
429,1296,add_to_cart,2026-03-22T17:56:38Z
429,780,checkout,2026-03-22T18:01:38Z
429,401,purchase,2026-03-22T18:16:38Z
429,914,wishlist,2026-03-22T18:33:38Z
429,735,click,2026-03-22T19:18:38Z
429,433,search,2026-03-22T20:14:38Z
429,1309,purchase,2026-03-22T21:14:38Z
429,620,add_to_cart,2026-03-22T21:35:38Z
429,841,click,2026-03-22T22:07:38Z
429,1381,add_to_cart,2026-03-22T22:52:38Z
429,816,add_to_cart,2026-03-22T22:55:38Z
429,1321,add_to_cart,2026-03-22T23:32:38Z
429,1129,search,2026-03-22T23:54:38Z
429,1050,view,2026-03-23T00:06:38Z
429,944,search,2026-03-23T00:29:38Z
429,1141,click,2026-03-23T01:13:38Z
429,1407,remove_cart,2026-03-23T01:50:38Z
429,1156,click,2026-03-23T02:39:38Z
429,361,click,2026-03-23T03:07:38Z
429,1223,wishlist,2026-03-23T03:26:38Z
429,620,purchase,2026-03-23T03:33:38Z
429,1495,wishlist,2026-03-23T03:49:38Z
429,205,remove_cart,2026-03-23T04:11:38Z
429,1060,purchase,2026-03-23T04:25:38Z
429,457,remove_cart,2026-03-23T04:33:38Z
429,1418,remove_cart,2026-03-23T05:03:38Z
429,791,search,2026-03-23T05:58:38Z
429,206,click,2026-03-23T06:26:38Z
429,23,remove_cart,2026-03-23T07:19:38Z
429,494,wishlist,2026-03-23T07:37:38Z
429,1397,purchase,2026-03-23T08:06:38Z
429,1369,view,2026-03-23T08:37:38Z
429,962,purchase,2026-03-23T09:02:38Z
429,1021,click,2026-03-23T09:11:38Z
429,9,search,2026-03-23T09:42:38Z
429,768,remove_cart,2026-03-23T10:21:38Z
430,929,search,2026-04-10T16:29:38Z
430,1083,view,2026-04-10T17:20:38Z
430,1219,click,2026-04-10T18:13:38Z
430,1,search,2026-04-10T19:08:38Z
430,924,remove_cart,2026-04-10T19:48:38Z
430,873,add_to_cart,2026-04-10T20:27:38Z
430,108,checkout,2026-04-10T20:37:38Z
430,1136,search,2026-04-10T20:43:38Z
430,1256,remove_cart,2026-04-10T20:54:38Z
430,1262,purchase,2026-04-10T20:59:38Z
430,773,click,2026-04-10T21:41:38Z
430,1296,checkout,2026-04-10T22:17:38Z
430,1413,checkout,2026-04-10T22:38:38Z
430,529,remove_cart,2026-04-10T23:23:38Z
430,30,checkout,2026-04-10T23:40:38Z
430,295,click,2026-04-11T00:19:38Z
430,506,wishlist,2026-04-11T00:42:38Z
430,686,click,2026-04-11T01:11:38Z
430,3,wishlist,2026-04-11T02:03:38Z
430,211,search,2026-04-11T02:29:38Z
430,605,remove_cart,2026-04-11T02:37:38Z
430,557,purchase,2026-04-11T03:12:38Z
430,1235,view,2026-04-11T03:27:38Z
430,776,checkout,2026-04-11T03:36:38Z
430,577,checkout,2026-04-11T03:58:38Z
430,857,wishlist,2026-04-11T04:27:38Z
430,603,view,2026-04-11T05:05:38Z
430,266,click,2026-04-11T05:22:38Z
430,1352,wishlist,2026-04-11T06:22:38Z
430,723,view,2026-04-11T07:02:38Z
430,837,remove_cart,2026-04-11T07:15:38Z
430,1044,view,2026-04-11T07:29:38Z
430,660,wishlist,2026-04-11T08:11:38Z
430,1071,add_to_cart,2026-04-11T08:44:38Z
430,238,add_to_cart,2026-04-11T08:57:38Z
431,1270,search,2026-03-24T17:02:38Z
431,996,view,2026-03-24T17:30:38Z
431,443,click,2026-03-24T18:03:38Z
431,736,search,2026-03-24T18:16:38Z
431,1186,wishlist,2026-03-24T18:56:38Z
431,1243,click,2026-03-24T19:52:38Z
431,955,checkout,2026-03-24T20:49:38Z
431,1050,remove_cart,2026-03-24T21:05:38Z
431,803,wishlist,2026-03-24T21:38:38Z
431,685,add_to_cart,2026-03-24T21:48:38Z
431,999,search,2026-03-24T22:03:38Z
431,863,remove_cart,2026-03-24T22:16:38Z
431,1030,remove_cart,2026-03-24T22:28:38Z
431,158,checkout,2026-03-24T22:35:38Z
431,238,checkout,2026-03-24T23:27:38Z
431,435,remove_cart,2026-03-24T23:51:38Z
431,682,wishlist,2026-03-25T00:30:38Z
431,1241,wishlist,2026-03-25T00:43:38Z
431,757,search,2026-03-25T01:43:38Z
431,1363,view,2026-03-25T02:11:38Z
431,1347,wishlist,2026-03-25T02:44:38Z
431,540,add_to_cart,2026-03-25T03:23:38Z
431,126,remove_cart,2026-03-25T03:39:38Z
431,309,checkout,2026-03-25T04:25:38Z
431,1423,wishlist,2026-03-25T04:46:38Z
431,915,search,2026-03-25T04:54:38Z
431,1263,purchase,2026-03-25T05:39:38Z
431,450,search,2026-03-25T06:38:38Z
431,1160,click,2026-03-25T06:58:38Z
431,326,click,2026-03-25T07:15:38Z
431,517,click,2026-03-25T07:38:38Z
431,68,search,2026-03-25T08:25:38Z
431,798,remove_cart,2026-03-25T08:55:38Z
431,293,add_to_cart,2026-03-25T09:15:38Z
431,536,wishlist,2026-03-25T09:47:38Z
431,47,view,2026-03-25T10:07:38Z
431,1372,wishlist,2026-03-25T10:18:38Z
431,1415,checkout,2026-03-25T10:59:38Z
431,41,checkout,2026-03-25T11:59:38Z
431,516,purchase,2026-03-25T12:23:38Z
431,779,checkout,2026-03-25T12:51:38Z
431,928,purchase,2026-03-25T12:55:38Z
431,1245,checkout,2026-03-25T13:32:38Z
431,158,checkout,2026-03-25T13:53:38Z
431,58,view,2026-03-25T14:31:38Z
431,1343,remove_cart,2026-03-25T15:17:38Z
431,202,wishlist,2026-03-25T16:07:38Z
431,999,search,2026-03-25T16:09:38Z
431,468,add_to_cart,2026-03-25T17:02:38Z
431,836,search,2026-03-25T17:54:38Z
431,1488,click,2026-03-25T18:18:38Z
431,243,view,2026-03-25T18:36:38Z
431,103,click,2026-03-25T19:08:38Z
431,311,add_to_cart,2026-03-25T19:45:38Z
431,1204,add_to_cart,2026-03-25T19:49:38Z
431,651,add_to_cart,2026-03-25T20:42:38Z
431,1434,click,2026-03-25T21:31:38Z
431,59,purchase,2026-03-25T22:11:38Z
431,1199,view,2026-03-25T22:23:38Z
431,132,wishlist,2026-03-25T22:26:38Z
431,904,click,2026-03-25T22:46:38Z
431,1382,search,2026-03-25T23:44:38Z
431,1264,checkout,2026-03-25T23:56:38Z
431,712,view,2026-03-26T00:42:38Z
431,260,wishlist,2026-03-26T01:03:38Z
431,1033,purchase,2026-03-26T01:34:38Z
431,1266,purchase,2026-03-26T02:19:38Z
431,1256,view,2026-03-26T02:36:38Z
431,984,checkout,2026-03-26T02:59:38Z
431,772,search,2026-03-26T03:20:38Z
431,280,search,2026-03-26T03:39:38Z
431,401,remove_cart,2026-03-26T03:54:38Z
431,504,purchase,2026-03-26T04:47:38Z
431,1496,search,2026-03-26T05:44:38Z
431,136,remove_cart,2026-03-26T06:06:38Z
431,1461,view,2026-03-26T06:20:38Z
431,410,search,2026-03-26T06:56:38Z
431,283,view,2026-03-26T07:32:38Z
431,427,search,2026-03-26T07:38:38Z
431,865,view,2026-03-26T07:46:38Z
432,522,view,2026-04-13T17:05:38Z
432,539,click,2026-04-13T17:48:38Z
432,1192,add_to_cart,2026-04-13T18:40:38Z
432,413,remove_cart,2026-04-13T18:43:38Z
432,1309,view,2026-04-13T19:07:38Z
432,596,purchase,2026-04-13T20:03:38Z
432,1399,click,2026-04-13T20:35:38Z
432,1281,checkout,2026-04-13T21:23:38Z
432,584,purchase,2026-04-13T21:37:38Z
432,1452,purchase,2026-04-13T22:37:38Z
432,1441,view,2026-04-13T23:26:38Z
432,1121,checkout,2026-04-13T23:34:38Z
432,205,add_to_cart,2026-04-14T00:28:38Z
432,785,add_to_cart,2026-04-14T00:34:38Z
432,889,view,2026-04-14T01:31:38Z
432,338,purchase,2026-04-14T02:08:38Z
432,1082,purchase,2026-04-14T02:13:38Z
432,1301,remove_cart,2026-04-14T02:43:38Z
432,174,click,2026-04-14T03:27:38Z
432,125,view,2026-04-14T04:02:38Z
432,483,add_to_cart,2026-04-14T05:02:38Z
432,818,purchase,2026-04-14T05:59:38Z
432,13,checkout,2026-04-14T06:58:38Z
432,1373,add_to_cart,2026-04-14T07:50:38Z
432,1246,wishlist,2026-04-14T08:19:38Z
432,733,wishlist,2026-04-14T08:35:38Z
432,554,remove_cart,2026-04-14T08:55:38Z
432,143,click,2026-04-14T09:53:38Z
432,598,purchase,2026-04-14T10:16:38Z
432,379,checkout,2026-04-14T11:01:38Z
432,1213,remove_cart,2026-04-14T11:17:38Z
432,628,remove_cart,2026-04-14T11:28:38Z
432,322,view,2026-04-14T12:11:38Z
432,1439,purchase,2026-04-14T12:44:38Z
432,295,search,2026-04-14T13:24:38Z
432,145,view,2026-04-14T13:39:38Z
432,707,checkout,2026-04-14T14:20:38Z
432,657,click,2026-04-14T14:37:38Z
432,91,view,2026-04-14T15:16:38Z
432,392,view,2026-04-14T15:58:38Z
432,982,wishlist,2026-04-14T16:48:38Z
432,771,add_to_cart,2026-04-14T17:22:38Z
432,697,purchase,2026-04-14T18:02:38Z
432,1310,purchase,2026-04-14T18:39:38Z
432,785,click,2026-04-14T18:41:38Z
432,451,checkout,2026-04-14T18:56:38Z
432,1065,purchase,2026-04-14T19:55:38Z
432,787,add_to_cart,2026-04-14T20:24:38Z
432,444,wishlist,2026-04-14T21:17:38Z
432,1372,search,2026-04-14T21:52:38Z
432,365,view,2026-04-14T22:47:38Z
432,798,search,2026-04-14T23:24:38Z
432,1262,remove_cart,2026-04-14T23:58:38Z
432,1142,add_to_cart,2026-04-15T00:14:38Z
432,707,wishlist,2026-04-15T00:50:38Z
432,374,wishlist,2026-04-15T01:38:38Z
432,4,view,2026-04-15T01:43:38Z
432,1433,click,2026-04-15T02:24:38Z
432,636,wishlist,2026-04-15T03:08:38Z
432,632,search,2026-04-15T03:58:38Z
432,1218,search,2026-04-15T04:30:38Z
432,915,add_to_cart,2026-04-15T04:31:38Z
432,751,search,2026-04-15T04:35:38Z
432,1491,click,2026-04-15T05:27:38Z
432,387,checkout,2026-04-15T05:28:38Z
432,211,add_to_cart,2026-04-15T05:39:38Z
432,673,checkout,2026-04-15T06:09:38Z
432,706,view,2026-04-15T06:18:38Z
432,1285,search,2026-04-15T07:06:38Z
432,153,purchase,2026-04-15T07:43:38Z
433,1416,search,2026-03-24T16:23:38Z
433,217,view,2026-03-24T16:41:38Z
433,107,click,2026-03-24T17:28:38Z
433,997,purchase,2026-03-24T18:09:38Z
433,139,add_to_cart,2026-03-24T18:42:38Z
433,1224,view,2026-03-24T18:52:38Z
433,1220,checkout,2026-03-24T19:04:38Z
433,918,wishlist,2026-03-24T19:57:38Z
433,235,wishlist,2026-03-24T20:20:38Z
433,440,add_to_cart,2026-03-24T20:48:38Z
433,1319,checkout,2026-03-24T20:52:38Z
433,1244,view,2026-03-24T21:24:38Z
433,1342,remove_cart,2026-03-24T22:14:38Z
433,1438,purchase,2026-03-24T22:28:38Z
433,371,view,2026-03-24T23:19:38Z
433,212,add_to_cart,2026-03-24T23:42:38Z
433,880,checkout,2026-03-25T00:07:38Z
433,1091,remove_cart,2026-03-25T01:01:38Z
433,337,add_to_cart,2026-03-25T01:09:38Z
433,856,checkout,2026-03-25T01:28:38Z
433,426,add_to_cart,2026-03-25T01:35:38Z
434,1469,view,2026-03-12T16:59:38Z
434,1151,wishlist,2026-03-12T17:22:38Z
434,1309,view,2026-03-12T17:34:38Z
434,753,click,2026-03-12T18:14:38Z
434,718,add_to_cart,2026-03-12T18:40:38Z
434,131,remove_cart,2026-03-12T18:51:38Z
434,1486,add_to_cart,2026-03-12T19:30:38Z
434,1226,wishlist,2026-03-12T20:25:38Z
434,1161,view,2026-03-12T21:03:38Z
434,609,search,2026-03-12T21:59:38Z
434,612,click,2026-03-12T22:48:38Z
434,427,checkout,2026-03-12T23:12:38Z
434,402,checkout,2026-03-12T23:40:38Z
434,1138,checkout,2026-03-13T00:29:38Z
434,855,add_to_cart,2026-03-13T00:52:38Z
434,1041,search,2026-03-13T01:42:38Z
434,878,wishlist,2026-03-13T02:17:38Z
434,895,search,2026-03-13T02:49:38Z
434,734,remove_cart,2026-03-13T03:27:38Z
434,1018,wishlist,2026-03-13T04:11:38Z
434,10,checkout,2026-03-13T04:58:38Z
434,1149,wishlist,2026-03-13T05:06:38Z
434,749,remove_cart,2026-03-13T06:02:38Z
434,951,view,2026-03-13T06:28:38Z
434,574,remove_cart,2026-03-13T07:28:38Z
434,204,wishlist,2026-03-13T07:33:38Z
434,1314,wishlist,2026-03-13T08:11:38Z
434,1263,view,2026-03-13T08:32:38Z
434,679,add_to_cart,2026-03-13T09:28:38Z
434,935,remove_cart,2026-03-13T10:01:38Z
434,340,view,2026-03-13T10:21:38Z
434,774,remove_cart,2026-03-13T10:38:38Z
434,732,checkout,2026-03-13T11:18:38Z
435,614,view,2026-02-09T17:13:38Z
435,814,click,2026-02-09T17:58:38Z
435,14,add_to_cart,2026-02-09T18:25:38Z
435,1287,checkout,2026-02-09T19:10:38Z
435,452,purchase,2026-02-09T19:35:38Z
435,761,add_to_cart,2026-02-09T20:08:38Z
435,606,view,2026-02-09T20:54:38Z
435,292,click,2026-02-09T21:21:38Z
435,1,checkout,2026-02-09T21:43:38Z
435,1310,add_to_cart,2026-02-09T21:45:38Z
435,686,add_to_cart,2026-02-09T21:57:38Z
435,378,add_to_cart,2026-02-09T22:05:38Z
435,26,purchase,2026-02-09T22:41:38Z
435,1377,add_to_cart,2026-02-09T23:19:38Z
435,1434,search,2026-02-09T23:36:38Z
435,276,remove_cart,2026-02-10T00:33:38Z
435,499,checkout,2026-02-10T00:58:38Z
435,197,wishlist,2026-02-10T01:45:38Z
435,951,search,2026-02-10T02:18:38Z
435,966,search,2026-02-10T02:56:38Z
435,1373,click,2026-02-10T03:17:38Z
435,1379,click,2026-02-10T03:26:38Z
436,1148,view,2026-03-08T16:46:38Z
436,493,wishlist,2026-03-08T17:25:38Z
436,1119,view,2026-03-08T18:12:38Z
436,458,click,2026-03-08T18:33:38Z
436,1295,add_to_cart,2026-03-08T19:31:38Z
436,1025,purchase,2026-03-08T19:53:38Z
436,1248,search,2026-03-08T20:30:38Z
436,1210,click,2026-03-08T20:58:38Z
436,714,wishlist,2026-03-08T21:13:38Z
436,274,wishlist,2026-03-08T21:23:38Z
436,1392,checkout,2026-03-08T22:05:38Z
436,266,wishlist,2026-03-08T22:11:38Z
436,1420,view,2026-03-08T22:48:38Z
436,1123,view,2026-03-08T22:53:38Z
436,1367,click,2026-03-08T23:25:38Z
436,1178,search,2026-03-09T00:14:38Z
436,130,checkout,2026-03-09T00:30:38Z
436,589,click,2026-03-09T00:36:38Z
436,430,remove_cart,2026-03-09T00:52:38Z
436,53,remove_cart,2026-03-09T01:47:38Z
436,111,click,2026-03-09T02:47:38Z
436,6,wishlist,2026-03-09T03:30:38Z
436,660,search,2026-03-09T04:14:38Z
436,209,remove_cart,2026-03-09T04:55:38Z
436,1329,checkout,2026-03-09T05:53:38Z
436,58,search,2026-03-09T05:57:38Z
436,1006,wishlist,2026-03-09T06:37:38Z
436,1065,wishlist,2026-03-09T07:27:38Z
436,1378,purchase,2026-03-09T07:44:38Z
436,1230,search,2026-03-09T08:07:38Z
436,183,search,2026-03-09T08:18:38Z
436,614,view,2026-03-09T09:04:38Z
436,1385,add_to_cart,2026-03-09T09:06:38Z
436,184,search,2026-03-09T09:59:38Z
436,1285,add_to_cart,2026-03-09T10:34:38Z
436,556,remove_cart,2026-03-09T10:55:38Z
436,953,view,2026-03-09T11:49:38Z
436,665,checkout,2026-03-09T12:01:38Z
436,1447,wishlist,2026-03-09T12:04:38Z
436,245,wishlist,2026-03-09T12:24:38Z
436,248,wishlist,2026-03-09T13:21:38Z
436,420,view,2026-03-09T13:58:38Z
436,917,checkout,2026-03-09T14:22:38Z
436,907,checkout,2026-03-09T14:23:38Z
436,61,remove_cart,2026-03-09T15:06:38Z
436,1374,remove_cart,2026-03-09T15:12:38Z
436,565,remove_cart,2026-03-09T15:50:38Z
436,748,click,2026-03-09T16:04:38Z
436,1110,click,2026-03-09T16:15:38Z
436,1140,search,2026-03-09T17:06:38Z
436,1231,purchase,2026-03-09T17:31:38Z
436,738,wishlist,2026-03-09T18:21:38Z
436,328,wishlist,2026-03-09T18:56:38Z
436,127,checkout,2026-03-09T19:26:38Z
436,1269,remove_cart,2026-03-09T20:04:38Z
436,280,add_to_cart,2026-03-09T21:01:38Z
436,1345,remove_cart,2026-03-09T21:40:38Z
436,768,click,2026-03-09T22:33:38Z
437,59,view,2026-02-06T17:01:38Z
437,43,wishlist,2026-02-06T17:29:38Z
437,1073,view,2026-02-06T18:24:38Z
437,365,click,2026-02-06T19:06:38Z
437,870,add_to_cart,2026-02-06T19:38:38Z
437,23,click,2026-02-06T19:40:38Z
437,462,add_to_cart,2026-02-06T20:26:38Z
437,158,wishlist,2026-02-06T21:19:38Z
437,1278,add_to_cart,2026-02-06T21:21:38Z
437,1201,search,2026-02-06T21:45:38Z
437,225,remove_cart,2026-02-06T22:23:38Z
437,962,wishlist,2026-02-06T23:13:38Z
437,535,purchase,2026-02-06T23:59:38Z
437,399,search,2026-02-07T00:56:38Z
437,1301,wishlist,2026-02-07T01:56:38Z
437,419,remove_cart,2026-02-07T02:09:38Z
437,1162,checkout,2026-02-07T02:32:38Z
437,1419,search,2026-02-07T03:10:38Z
437,1500,click,2026-02-07T03:26:38Z
437,1448,checkout,2026-02-07T04:23:38Z
437,6,checkout,2026-02-07T05:19:38Z
437,1057,click,2026-02-07T05:55:38Z
437,1357,click,2026-02-07T06:36:38Z
437,1477,click,2026-02-07T06:44:38Z
437,970,purchase,2026-02-07T06:59:38Z
437,1370,wishlist,2026-02-07T07:56:38Z
437,414,add_to_cart,2026-02-07T08:10:38Z
437,482,click,2026-02-07T08:28:38Z
437,167,add_to_cart,2026-02-07T08:46:38Z
437,1371,checkout,2026-02-07T08:47:38Z
437,202,checkout,2026-02-07T09:44:38Z
437,1031,add_to_cart,2026-02-07T10:16:38Z
437,1233,checkout,2026-02-07T11:06:38Z
437,504,remove_cart,2026-02-07T11:22:38Z
437,1263,checkout,2026-02-07T12:11:38Z
437,1050,view,2026-02-07T13:05:38Z
437,1383,click,2026-02-07T13:18:38Z
437,104,add_to_cart,2026-02-07T13:30:38Z
437,111,add_to_cart,2026-02-07T13:42:38Z
437,1064,search,2026-02-07T14:01:38Z
437,1467,search,2026-02-07T14:44:38Z
437,652,purchase,2026-02-07T15:40:38Z
437,1006,click,2026-02-07T16:19:38Z
437,524,click,2026-02-07T16:46:38Z
438,71,view,2026-03-05T16:30:38Z
438,596,click,2026-03-05T17:22:38Z
438,1370,add_to_cart,2026-03-05T17:32:38Z
438,698,remove_cart,2026-03-05T18:28:38Z
438,1211,view,2026-03-05T19:08:38Z
438,1441,view,2026-03-05T19:09:38Z
438,604,add_to_cart,2026-03-05T19:42:38Z
438,564,add_to_cart,2026-03-05T19:51:38Z
438,90,click,2026-03-05T20:23:38Z
438,1339,click,2026-03-05T20:58:38Z
438,1284,purchase,2026-03-05T21:53:38Z
438,1013,click,2026-03-05T22:09:38Z
438,565,checkout,2026-03-05T22:53:38Z
438,72,purchase,2026-03-05T23:10:38Z
438,122,purchase,2026-03-06T00:07:38Z
438,1368,wishlist,2026-03-06T00:55:38Z
438,350,checkout,2026-03-06T01:32:38Z
438,1309,wishlist,2026-03-06T02:18:38Z
438,458,click,2026-03-06T02:50:38Z
438,712,purchase,2026-03-06T03:06:38Z
438,837,click,2026-03-06T03:21:38Z
438,333,add_to_cart,2026-03-06T04:10:38Z
438,1287,view,2026-03-06T04:16:38Z
438,320,wishlist,2026-03-06T05:11:38Z
438,857,checkout,2026-03-06T05:51:38Z
438,828,wishlist,2026-03-06T06:10:38Z
438,190,add_to_cart,2026-03-06T06:16:38Z
438,18,remove_cart,2026-03-06T06:45:38Z
438,337,view,2026-03-06T07:12:38Z
438,281,view,2026-03-06T07:45:38Z
438,272,click,2026-03-06T08:38:38Z
438,937,search,2026-03-06T08:39:38Z
438,583,remove_cart,2026-03-06T09:07:38Z
438,437,wishlist,2026-03-06T09:50:38Z
438,1178,remove_cart,2026-03-06T10:00:38Z
438,1426,add_to_cart,2026-03-06T10:08:38Z
438,1483,purchase,2026-03-06T11:05:38Z
438,1297,wishlist,2026-03-06T11:08:38Z
438,492,click,2026-03-06T11:15:38Z
438,1241,search,2026-03-06T11:32:38Z
438,1411,remove_cart,2026-03-06T12:07:38Z
438,1209,wishlist,2026-03-06T12:09:38Z
438,1154,add_to_cart,2026-03-06T13:02:38Z
438,1079,click,2026-03-06T13:56:38Z
438,1200,search,2026-03-06T14:29:38Z
438,557,search,2026-03-06T14:52:38Z
438,1217,search,2026-03-06T15:40:38Z
438,721,checkout,2026-03-06T15:50:38Z
438,301,search,2026-03-06T16:20:38Z
438,1003,view,2026-03-06T16:39:38Z
438,628,search,2026-03-06T17:30:38Z
438,221,add_to_cart,2026-03-06T18:14:38Z
438,739,checkout,2026-03-06T19:08:38Z
438,1166,remove_cart,2026-03-06T19:23:38Z
438,4,search,2026-03-06T20:01:38Z
438,787,search,2026-03-06T20:54:38Z
438,581,wishlist,2026-03-06T21:01:38Z
439,1421,view,2026-03-17T16:49:38Z
439,744,wishlist,2026-03-17T17:41:38Z
439,634,view,2026-03-17T18:13:38Z
439,140,click,2026-03-17T18:47:38Z
439,599,add_to_cart,2026-03-17T19:39:38Z
439,650,wishlist,2026-03-17T19:50:38Z
439,1048,add_to_cart,2026-03-17T20:36:38Z
439,777,remove_cart,2026-03-17T20:56:38Z
439,36,wishlist,2026-03-17T21:52:38Z
439,51,purchase,2026-03-17T22:50:38Z
439,169,search,2026-03-17T23:06:38Z
439,1143,checkout,2026-03-18T00:06:38Z
439,157,search,2026-03-18T00:16:38Z
439,201,purchase,2026-03-18T00:55:38Z
439,895,purchase,2026-03-18T01:45:38Z
439,534,checkout,2026-03-18T02:07:38Z
439,440,purchase,2026-03-18T02:47:38Z
439,991,checkout,2026-03-18T03:19:38Z
439,904,add_to_cart,2026-03-18T04:07:38Z
439,515,click,2026-03-18T04:31:38Z
439,528,add_to_cart,2026-03-18T04:42:38Z
439,650,click,2026-03-18T04:53:38Z
439,417,view,2026-03-18T05:39:38Z
439,201,purchase,2026-03-18T05:57:38Z
439,973,add_to_cart,2026-03-18T06:16:38Z
439,471,add_to_cart,2026-03-18T06:28:38Z
439,300,checkout,2026-03-18T07:27:38Z
439,610,view,2026-03-18T07:56:38Z
439,990,click,2026-03-18T08:35:38Z
439,978,wishlist,2026-03-18T08:49:38Z
439,107,view,2026-03-18T09:33:38Z
439,331,remove_cart,2026-03-18T09:49:38Z
439,1238,purchase,2026-03-18T10:28:38Z
439,430,checkout,2026-03-18T10:58:38Z
439,327,purchase,2026-03-18T11:22:38Z
439,1088,click,2026-03-18T11:23:38Z
439,1085,wishlist,2026-03-18T12:22:38Z
439,943,purchase,2026-03-18T13:03:38Z
439,1398,wishlist,2026-03-18T13:26:38Z
440,464,search,2026-02-09T16:49:38Z
440,180,view,2026-02-09T17:00:38Z
440,1237,click,2026-02-09T17:34:38Z
440,757,search,2026-02-09T18:26:38Z
440,125,click,2026-02-09T19:13:38Z
440,1040,wishlist,2026-02-09T20:02:38Z
440,251,click,2026-02-09T20:36:38Z
440,1233,click,2026-02-09T21:28:38Z
440,1150,search,2026-02-09T21:40:38Z
440,1456,click,2026-02-09T22:12:38Z
440,277,purchase,2026-02-09T22:31:38Z
440,523,view,2026-02-09T22:58:38Z
440,1348,purchase,2026-02-09T23:11:38Z
440,386,wishlist,2026-02-09T23:33:38Z
440,385,search,2026-02-09T23:46:38Z
440,1387,search,2026-02-10T00:23:38Z
440,203,checkout,2026-02-10T01:09:38Z
440,1281,checkout,2026-02-10T01:18:38Z
440,104,view,2026-02-10T01:36:38Z
440,597,purchase,2026-02-10T01:48:38Z
440,402,add_to_cart,2026-02-10T02:06:38Z
440,51,view,2026-02-10T03:02:38Z
440,942,click,2026-02-10T03:46:38Z
440,771,purchase,2026-02-10T03:54:38Z
440,274,purchase,2026-02-10T04:09:38Z
440,466,search,2026-02-10T04:51:38Z
440,1057,view,2026-02-10T05:34:38Z
440,350,checkout,2026-02-10T06:23:38Z
440,984,search,2026-02-10T06:40:38Z
440,1174,purchase,2026-02-10T07:34:38Z
440,996,view,2026-02-10T08:34:38Z
440,278,click,2026-02-10T09:32:38Z
440,343,click,2026-02-10T10:31:38Z
440,1269,wishlist,2026-02-10T11:03:38Z
440,1230,remove_cart,2026-02-10T12:03:38Z
440,301,click,2026-02-10T12:07:38Z
440,229,search,2026-02-10T13:02:38Z
440,334,add_to_cart,2026-02-10T13:33:38Z
440,1335,search,2026-02-10T13:52:38Z
440,77,wishlist,2026-02-10T14:04:38Z
440,1169,checkout,2026-02-10T14:29:38Z
440,294,click,2026-02-10T14:52:38Z
440,185,purchase,2026-02-10T14:58:38Z
440,1038,checkout,2026-02-10T15:30:38Z
440,873,wishlist,2026-02-10T15:37:38Z
440,116,remove_cart,2026-02-10T16:00:38Z
440,1096,click,2026-02-10T16:57:38Z
440,763,view,2026-02-10T17:01:38Z
440,43,search,2026-02-10T17:20:38Z
440,897,add_to_cart,2026-02-10T17:50:38Z
440,240,remove_cart,2026-02-10T17:54:38Z
440,200,add_to_cart,2026-02-10T18:09:38Z
440,696,remove_cart,2026-02-10T18:18:38Z
440,189,checkout,2026-02-10T18:42:38Z
440,40,view,2026-02-10T18:45:38Z
440,842,purchase,2026-02-10T19:10:38Z
440,640,wishlist,2026-02-10T19:41:38Z
440,973,purchase,2026-02-10T20:19:38Z
440,554,purchase,2026-02-10T20:55:38Z
440,187,checkout,2026-02-10T21:36:38Z
440,750,search,2026-02-10T22:28:38Z
440,796,click,2026-02-10T23:24:38Z
440,98,purchase,2026-02-11T00:20:38Z
440,357,add_to_cart,2026-02-11T00:27:38Z
440,326,click,2026-02-11T01:02:38Z
440,397,purchase,2026-02-11T01:29:38Z
440,677,checkout,2026-02-11T01:38:38Z
440,286,click,2026-02-11T01:44:38Z
440,422,view,2026-02-11T02:32:38Z
440,316,click,2026-02-11T02:36:38Z
440,477,remove_cart,2026-02-11T02:46:38Z
440,744,checkout,2026-02-11T02:48:38Z
440,931,view,2026-02-11T03:13:38Z
440,1481,search,2026-02-11T03:49:38Z
440,718,add_to_cart,2026-02-11T04:33:38Z
440,313,add_to_cart,2026-02-11T05:29:38Z
440,577,add_to_cart,2026-02-11T05:50:38Z
440,1442,remove_cart,2026-02-11T06:12:38Z
440,771,search,2026-02-11T06:44:38Z
441,189,view,2026-04-10T17:01:38Z
441,759,click,2026-04-10T17:21:38Z
441,1219,add_to_cart,2026-04-10T17:44:38Z
441,110,remove_cart,2026-04-10T18:38:38Z
441,789,view,2026-04-10T18:52:38Z
441,728,wishlist,2026-04-10T19:07:38Z
441,418,search,2026-04-10T19:18:38Z
441,524,checkout,2026-04-10T19:29:38Z
441,926,remove_cart,2026-04-10T19:57:38Z
441,258,remove_cart,2026-04-10T20:45:38Z
441,1430,add_to_cart,2026-04-10T21:12:38Z
441,152,checkout,2026-04-10T21:37:38Z
441,1319,checkout,2026-04-10T21:57:38Z
441,25,checkout,2026-04-10T22:35:38Z
441,729,search,2026-04-10T23:27:38Z
441,293,wishlist,2026-04-10T23:38:38Z
441,350,search,2026-04-11T00:25:38Z
441,1224,view,2026-04-11T00:49:38Z
441,302,remove_cart,2026-04-11T01:06:38Z
441,1238,wishlist,2026-04-11T01:25:38Z
441,108,checkout,2026-04-11T02:00:38Z
441,470,remove_cart,2026-04-11T02:18:38Z
441,1265,checkout,2026-04-11T02:24:38Z
441,1423,remove_cart,2026-04-11T02:27:38Z
441,1048,purchase,2026-04-11T02:46:38Z
441,455,checkout,2026-04-11T03:45:38Z
441,877,click,2026-04-11T03:52:38Z
441,713,view,2026-04-11T04:00:38Z
441,703,remove_cart,2026-04-11T04:55:38Z
441,1160,purchase,2026-04-11T05:52:38Z
441,189,wishlist,2026-04-11T06:04:38Z
441,1310,click,2026-04-11T06:54:38Z
441,376,wishlist,2026-04-11T07:12:38Z
441,192,search,2026-04-11T07:13:38Z
442,1310,view,2026-04-17T16:36:38Z
442,1252,wishlist,2026-04-17T17:06:38Z
442,125,view,2026-04-17T17:57:38Z
442,1075,click,2026-04-17T18:43:38Z
442,1123,add_to_cart,2026-04-17T19:10:38Z
442,1049,view,2026-04-17T19:44:38Z
442,1080,purchase,2026-04-17T20:06:38Z
442,722,wishlist,2026-04-17T21:04:38Z
442,535,purchase,2026-04-17T21:32:38Z
442,1298,wishlist,2026-04-17T21:49:38Z
442,1256,checkout,2026-04-17T22:13:38Z
442,1158,checkout,2026-04-17T22:50:38Z
442,273,checkout,2026-04-17T23:07:38Z
442,599,wishlist,2026-04-17T23:54:38Z
442,1190,add_to_cart,2026-04-18T00:35:38Z
442,622,view,2026-04-18T01:22:38Z
442,1086,purchase,2026-04-18T01:47:38Z
442,978,add_to_cart,2026-04-18T02:39:38Z
442,1055,wishlist,2026-04-18T03:05:38Z
442,1014,search,2026-04-18T03:43:38Z
442,1419,wishlist,2026-04-18T03:47:38Z
442,1313,checkout,2026-04-18T04:21:38Z
442,986,remove_cart,2026-04-18T05:20:38Z
442,651,add_to_cart,2026-04-18T06:09:38Z
442,1048,purchase,2026-04-18T06:13:38Z
442,1086,click,2026-04-18T06:35:38Z
442,828,view,2026-04-18T07:10:38Z
442,1382,checkout,2026-04-18T07:44:38Z
442,222,search,2026-04-18T08:08:38Z
442,1234,click,2026-04-18T09:03:38Z
442,326,purchase,2026-04-18T09:47:38Z
442,988,search,2026-04-18T10:14:38Z
442,1463,click,2026-04-18T10:56:38Z
442,689,add_to_cart,2026-04-18T11:26:38Z
442,900,add_to_cart,2026-04-18T11:40:38Z
442,18,click,2026-04-18T11:42:38Z
442,1276,add_to_cart,2026-04-18T12:29:38Z
442,1255,wishlist,2026-04-18T13:25:38Z
442,652,remove_cart,2026-04-18T13:38:38Z
442,1146,click,2026-04-18T14:30:38Z
442,927,checkout,2026-04-18T14:53:38Z
442,418,view,2026-04-18T15:17:38Z
443,1472,view,2026-03-27T16:59:38Z
443,771,click,2026-03-27T17:15:38Z
443,454,add_to_cart,2026-03-27T17:20:38Z
443,1293,checkout,2026-03-27T18:04:38Z
443,134,purchase,2026-03-27T18:06:38Z
443,835,search,2026-03-27T18:26:38Z
443,222,search,2026-03-27T19:17:38Z
443,1455,checkout,2026-03-27T19:28:38Z
443,1348,search,2026-03-27T19:33:38Z
443,876,view,2026-03-27T19:47:38Z
443,1087,checkout,2026-03-27T20:08:38Z
443,1164,view,2026-03-27T20:33:38Z
443,1453,purchase,2026-03-27T20:43:38Z
443,146,search,2026-03-27T20:46:38Z
443,159,click,2026-03-27T21:16:38Z
443,70,purchase,2026-03-27T22:13:38Z
443,993,purchase,2026-03-27T22:59:38Z
443,942,view,2026-03-27T23:39:38Z
443,542,click,2026-03-28T00:13:38Z
443,940,remove_cart,2026-03-28T01:07:38Z
443,953,view,2026-03-28T01:43:38Z
443,1430,checkout,2026-03-28T02:35:38Z
443,443,purchase,2026-03-28T03:06:38Z
443,1170,click,2026-03-28T03:33:38Z
443,707,add_to_cart,2026-03-28T04:02:38Z
443,634,add_to_cart,2026-03-28T04:34:38Z
443,97,remove_cart,2026-03-28T05:34:38Z
443,34,click,2026-03-28T05:37:38Z
443,1248,remove_cart,2026-03-28T06:18:38Z
443,599,checkout,2026-03-28T06:49:38Z
443,1218,view,2026-03-28T06:50:38Z
443,130,checkout,2026-03-28T06:54:38Z
443,759,purchase,2026-03-28T07:03:38Z
443,147,remove_cart,2026-03-28T07:28:38Z
443,193,view,2026-03-28T07:53:38Z
443,694,view,2026-03-28T08:27:38Z
443,930,purchase,2026-03-28T09:19:38Z
443,1024,view,2026-03-28T09:20:38Z
443,43,view,2026-03-28T10:14:38Z
443,307,click,2026-03-28T10:15:38Z
443,1485,add_to_cart,2026-03-28T10:24:38Z
443,1439,click,2026-03-28T10:35:38Z
443,447,remove_cart,2026-03-28T11:11:38Z
443,197,view,2026-03-28T11:32:38Z
443,157,view,2026-03-28T11:40:38Z
443,776,click,2026-03-28T12:27:38Z
443,551,purchase,2026-03-28T13:18:38Z
443,783,click,2026-03-28T13:19:38Z
443,1262,checkout,2026-03-28T13:47:38Z
443,133,checkout,2026-03-28T14:41:38Z
443,226,view,2026-03-28T15:35:38Z
443,625,search,2026-03-28T16:15:38Z
443,872,click,2026-03-28T16:21:38Z
443,368,purchase,2026-03-28T17:15:38Z
443,311,add_to_cart,2026-03-28T18:03:38Z
443,1163,wishlist,2026-03-28T18:11:38Z
443,277,remove_cart,2026-03-28T18:28:38Z
443,1293,wishlist,2026-03-28T19:01:38Z
443,887,remove_cart,2026-03-28T19:09:38Z
443,223,checkout,2026-03-28T19:19:38Z
443,993,click,2026-03-28T20:17:38Z
443,320,view,2026-03-28T21:13:38Z
443,618,wishlist,2026-03-28T21:30:38Z
443,670,remove_cart,2026-03-28T21:51:38Z
443,1447,view,2026-03-28T22:02:38Z
443,321,search,2026-03-28T23:02:38Z
443,1062,click,2026-03-28T23:57:38Z
443,667,add_to_cart,2026-03-29T00:56:38Z
443,1075,search,2026-03-29T01:37:38Z
443,1425,view,2026-03-29T01:59:38Z
443,1266,checkout,2026-03-29T02:22:38Z
443,350,wishlist,2026-03-29T02:23:38Z
444,284,view,2026-04-01T17:04:38Z
444,441,wishlist,2026-04-01T17:31:38Z
444,768,view,2026-04-01T17:47:38Z
444,466,click,2026-04-01T17:59:38Z
444,1351,add_to_cart,2026-04-01T18:07:38Z
444,657,checkout,2026-04-01T18:48:38Z
444,907,search,2026-04-01T19:21:38Z
444,1406,checkout,2026-04-01T19:29:38Z
444,5,purchase,2026-04-01T19:39:38Z
444,821,add_to_cart,2026-04-01T19:41:38Z
444,423,click,2026-04-01T20:26:38Z
444,482,add_to_cart,2026-04-01T20:27:38Z
444,1074,click,2026-04-01T21:17:38Z
444,872,remove_cart,2026-04-01T21:46:38Z
444,630,checkout,2026-04-01T22:04:38Z
444,1046,add_to_cart,2026-04-01T22:16:38Z
444,23,checkout,2026-04-01T22:52:38Z
444,400,checkout,2026-04-01T23:51:38Z
444,613,view,2026-04-01T23:54:38Z
444,65,remove_cart,2026-04-02T00:09:38Z
444,802,remove_cart,2026-04-02T00:36:38Z
444,895,checkout,2026-04-02T01:25:38Z
444,775,add_to_cart,2026-04-02T02:02:38Z
444,321,view,2026-04-02T02:43:38Z
444,639,remove_cart,2026-04-02T03:25:38Z
444,1306,click,2026-04-02T04:24:38Z
444,1464,view,2026-04-02T04:41:38Z
444,850,checkout,2026-04-02T04:49:38Z
444,1220,search,2026-04-02T05:42:38Z
444,527,wishlist,2026-04-02T06:38:38Z
444,1029,wishlist,2026-04-02T07:19:38Z
444,624,search,2026-04-02T08:06:38Z
444,959,remove_cart,2026-04-02T08:29:38Z
444,242,checkout,2026-04-02T09:15:38Z
444,1297,purchase,2026-04-02T10:00:38Z
444,706,checkout,2026-04-02T10:08:38Z
444,343,purchase,2026-04-02T10:25:38Z
444,1192,checkout,2026-04-02T10:58:38Z
445,951,search,2026-01-28T16:56:38Z
445,441,view,2026-01-28T17:46:38Z
445,356,click,2026-01-28T17:56:38Z
445,774,checkout,2026-01-28T18:46:38Z
445,527,remove_cart,2026-01-28T19:07:38Z
445,1024,search,2026-01-28T19:16:38Z
445,1217,search,2026-01-28T20:06:38Z
445,1411,search,2026-01-28T20:34:38Z
445,1287,search,2026-01-28T20:56:38Z
445,121,search,2026-01-28T21:38:38Z
445,1495,purchase,2026-01-28T22:36:38Z
445,58,view,2026-01-28T23:23:38Z
445,206,add_to_cart,2026-01-29T00:05:38Z
445,788,search,2026-01-29T00:20:38Z
445,1154,remove_cart,2026-01-29T00:41:38Z
445,413,search,2026-01-29T01:04:38Z
445,280,add_to_cart,2026-01-29T01:18:38Z
445,682,purchase,2026-01-29T01:38:38Z
445,715,purchase,2026-01-29T01:52:38Z
445,1055,remove_cart,2026-01-29T02:19:38Z
445,1073,add_to_cart,2026-01-29T02:28:38Z
445,748,remove_cart,2026-01-29T03:21:38Z
445,755,checkout,2026-01-29T04:04:38Z
445,1300,search,2026-01-29T04:43:38Z
445,11,add_to_cart,2026-01-29T05:26:38Z
445,1434,purchase,2026-01-29T06:20:38Z
445,414,view,2026-01-29T06:28:38Z
445,1302,purchase,2026-01-29T07:20:38Z
445,813,checkout,2026-01-29T08:01:38Z
445,1253,click,2026-01-29T08:52:38Z
445,749,click,2026-01-29T09:50:38Z
445,17,checkout,2026-01-29T10:21:38Z
445,637,click,2026-01-29T11:20:38Z
446,162,view,2026-04-08T17:22:38Z
446,1083,click,2026-04-08T17:45:38Z
446,1304,add_to_cart,2026-04-08T17:52:38Z
446,315,checkout,2026-04-08T18:17:38Z
446,142,purchase,2026-04-08T18:31:38Z
446,1249,wishlist,2026-04-08T18:47:38Z
446,1124,search,2026-04-08T18:58:38Z
446,734,click,2026-04-08T19:06:38Z
446,1480,checkout,2026-04-08T20:03:38Z
446,80,remove_cart,2026-04-08T20:25:38Z
446,414,click,2026-04-08T20:50:38Z
446,1306,checkout,2026-04-08T21:47:38Z
446,756,wishlist,2026-04-08T21:49:38Z
446,1241,checkout,2026-04-08T22:42:38Z
446,760,add_to_cart,2026-04-08T22:50:38Z
446,1343,click,2026-04-08T22:53:38Z
446,63,click,2026-04-08T22:57:38Z
446,453,search,2026-04-08T23:16:38Z
446,285,view,2026-04-08T23:19:38Z
446,462,checkout,2026-04-08T23:51:38Z
446,29,add_to_cart,2026-04-09T00:40:38Z
446,814,remove_cart,2026-04-09T01:02:38Z
446,915,search,2026-04-09T01:12:38Z
446,387,remove_cart,2026-04-09T01:53:38Z
446,1297,view,2026-04-09T02:47:38Z
446,405,add_to_cart,2026-04-09T03:12:38Z
446,807,add_to_cart,2026-04-09T04:08:38Z
446,464,checkout,2026-04-09T04:35:38Z
446,634,click,2026-04-09T04:41:38Z
446,126,purchase,2026-04-09T04:47:38Z
446,469,checkout,2026-04-09T05:09:38Z
446,566,checkout,2026-04-09T05:15:38Z
446,381,click,2026-04-09T05:33:38Z
446,598,remove_cart,2026-04-09T06:20:38Z
446,453,add_to_cart,2026-04-09T06:58:38Z
446,771,view,2026-04-09T07:49:38Z
446,782,search,2026-04-09T08:36:38Z
446,408,click,2026-04-09T08:55:38Z
446,1491,purchase,2026-04-09T09:49:38Z
446,1019,click,2026-04-09T10:16:38Z
446,1484,search,2026-04-09T11:02:38Z
446,1107,add_to_cart,2026-04-09T11:47:38Z
446,637,wishlist,2026-04-09T12:46:38Z
446,1091,view,2026-04-09T13:09:38Z
446,972,search,2026-04-09T13:52:38Z
446,1143,search,2026-04-09T14:08:38Z
446,689,search,2026-04-09T14:40:38Z
446,1041,add_to_cart,2026-04-09T15:31:38Z
446,332,checkout,2026-04-09T16:23:38Z
446,1244,search,2026-04-09T16:45:38Z
446,1155,checkout,2026-04-09T17:44:38Z
446,590,add_to_cart,2026-04-09T17:56:38Z
446,1418,wishlist,2026-04-09T18:19:38Z
446,1492,search,2026-04-09T18:21:38Z
446,251,search,2026-04-09T18:31:38Z
446,231,view,2026-04-09T18:32:38Z
446,1212,search,2026-04-09T19:13:38Z
446,225,remove_cart,2026-04-09T19:21:38Z
446,1079,checkout,2026-04-09T19:50:38Z
446,573,wishlist,2026-04-09T20:42:38Z
446,1159,wishlist,2026-04-09T20:56:38Z
446,710,view,2026-04-09T21:43:38Z
446,1270,checkout,2026-04-09T22:29:38Z
446,263,remove_cart,2026-04-09T22:54:38Z
446,362,remove_cart,2026-04-09T23:33:38Z
446,1161,purchase,2026-04-09T23:49:38Z
446,495,wishlist,2026-04-10T00:41:38Z
446,1376,view,2026-04-10T00:44:38Z
446,710,add_to_cart,2026-04-10T01:26:38Z
446,1219,wishlist,2026-04-10T01:39:38Z
446,1350,wishlist,2026-04-10T02:35:38Z
446,1310,add_to_cart,2026-04-10T03:31:38Z
446,1420,wishlist,2026-04-10T03:57:38Z
446,999,purchase,2026-04-10T04:27:38Z
446,360,purchase,2026-04-10T04:34:38Z
446,638,wishlist,2026-04-10T04:45:38Z
447,66,view,2026-02-11T17:14:38Z
447,453,click,2026-02-11T17:22:38Z
447,240,add_to_cart,2026-02-11T17:29:38Z
447,912,remove_cart,2026-02-11T17:34:38Z
447,250,view,2026-02-11T17:57:38Z
447,1367,checkout,2026-02-11T18:13:38Z
447,1142,purchase,2026-02-11T18:37:38Z
447,291,purchase,2026-02-11T19:04:38Z
447,1154,search,2026-02-11T19:58:38Z
447,690,add_to_cart,2026-02-11T20:06:38Z
447,879,click,2026-02-11T20:28:38Z
447,452,search,2026-02-11T20:48:38Z
447,1122,checkout,2026-02-11T21:45:38Z
447,938,checkout,2026-02-11T21:50:38Z
447,663,click,2026-02-11T22:05:38Z
447,1427,purchase,2026-02-11T22:28:38Z
447,116,click,2026-02-11T23:27:38Z
447,571,wishlist,2026-02-12T00:18:38Z
447,888,add_to_cart,2026-02-12T00:40:38Z
447,992,add_to_cart,2026-02-12T01:27:38Z
447,870,purchase,2026-02-12T02:07:38Z
447,1379,search,2026-02-12T02:20:38Z
447,256,purchase,2026-02-12T03:15:38Z
447,316,remove_cart,2026-02-12T03:21:38Z
447,1228,view,2026-02-12T04:03:38Z
447,1126,add_to_cart,2026-02-12T05:03:38Z
447,1093,remove_cart,2026-02-12T05:46:38Z
447,601,checkout,2026-02-12T06:22:38Z
447,1423,add_to_cart,2026-02-12T07:05:38Z
447,677,checkout,2026-02-12T07:36:38Z
447,456,click,2026-02-12T07:57:38Z
447,901,remove_cart,2026-02-12T08:40:38Z
447,1420,add_to_cart,2026-02-12T08:44:38Z
447,725,checkout,2026-02-12T09:40:38Z
447,787,view,2026-02-12T10:33:38Z
447,1215,remove_cart,2026-02-12T11:13:38Z
447,1315,click,2026-02-12T11:57:38Z
447,1120,add_to_cart,2026-02-12T12:44:38Z
447,811,wishlist,2026-02-12T13:39:38Z
447,564,wishlist,2026-02-12T14:16:38Z
447,861,search,2026-02-12T14:22:38Z
447,1172,search,2026-02-12T15:15:38Z
447,204,purchase,2026-02-12T15:29:38Z
448,782,view,2026-04-09T16:43:38Z
448,1306,click,2026-04-09T17:32:38Z
448,1110,add_to_cart,2026-04-09T18:18:38Z
448,640,checkout,2026-04-09T18:39:38Z
448,349,purchase,2026-04-09T18:41:38Z
448,257,remove_cart,2026-04-09T19:29:38Z
448,85,click,2026-04-09T20:03:38Z
448,1420,remove_cart,2026-04-09T20:49:38Z
448,503,view,2026-04-09T21:35:38Z
448,348,remove_cart,2026-04-09T21:51:38Z
448,757,purchase,2026-04-09T22:35:38Z
448,667,click,2026-04-09T23:11:38Z
448,1218,add_to_cart,2026-04-09T23:21:38Z
448,726,click,2026-04-09T23:49:38Z
448,409,remove_cart,2026-04-09T23:55:38Z
448,902,view,2026-04-10T00:49:38Z
448,1271,purchase,2026-04-10T01:41:38Z
448,1328,checkout,2026-04-10T01:47:38Z
448,593,search,2026-04-10T02:20:38Z
448,631,wishlist,2026-04-10T02:38:38Z
448,9,purchase,2026-04-10T02:40:38Z
448,599,checkout,2026-04-10T03:22:38Z
448,1384,wishlist,2026-04-10T04:15:38Z
448,1001,checkout,2026-04-10T05:03:38Z
448,596,checkout,2026-04-10T06:02:38Z
448,602,click,2026-04-10T06:44:38Z
448,710,remove_cart,2026-04-10T07:37:38Z
448,431,click,2026-04-10T08:10:38Z
448,501,click,2026-04-10T08:36:38Z
448,359,purchase,2026-04-10T09:25:38Z
448,497,wishlist,2026-04-10T09:40:38Z
448,82,remove_cart,2026-04-10T09:53:38Z
448,724,wishlist,2026-04-10T10:23:38Z
448,1036,checkout,2026-04-10T11:08:38Z
448,115,remove_cart,2026-04-10T11:34:38Z
448,383,checkout,2026-04-10T11:38:38Z
448,935,wishlist,2026-04-10T11:40:38Z
448,874,remove_cart,2026-04-10T12:08:38Z
448,792,view,2026-04-10T13:08:38Z
448,1056,wishlist,2026-04-10T13:10:38Z
448,304,wishlist,2026-04-10T13:56:38Z
448,97,remove_cart,2026-04-10T14:02:38Z
448,1263,remove_cart,2026-04-10T14:35:38Z
448,709,remove_cart,2026-04-10T14:59:38Z
448,790,purchase,2026-04-10T15:08:38Z
448,556,search,2026-04-10T15:40:38Z
448,1453,click,2026-04-10T16:22:38Z
448,370,search,2026-04-10T16:27:38Z
448,1382,search,2026-04-10T16:28:38Z
448,1165,search,2026-04-10T16:41:38Z
448,581,remove_cart,2026-04-10T17:15:38Z
448,1195,purchase,2026-04-10T17:36:38Z
448,15,remove_cart,2026-04-10T17:40:38Z
448,138,view,2026-04-10T18:37:38Z
448,1052,add_to_cart,2026-04-10T18:38:38Z
448,794,checkout,2026-04-10T18:45:38Z
448,1130,purchase,2026-04-10T19:19:38Z
448,442,click,2026-04-10T19:57:38Z
448,167,add_to_cart,2026-04-10T20:28:38Z
448,1214,click,2026-04-10T21:01:38Z
448,217,purchase,2026-04-10T21:37:38Z
448,1237,checkout,2026-04-10T22:34:38Z
448,847,add_to_cart,2026-04-10T22:41:38Z
448,200,wishlist,2026-04-10T22:42:38Z
448,742,click,2026-04-10T23:12:38Z
448,17,checkout,2026-04-10T23:39:38Z
448,66,click,2026-04-11T00:12:38Z
448,901,remove_cart,2026-04-11T00:58:38Z
448,257,wishlist,2026-04-11T01:46:38Z
449,1223,search,2026-02-26T16:42:38Z
449,178,view,2026-02-26T17:33:38Z
449,264,click,2026-02-26T17:55:38Z
449,1046,purchase,2026-02-26T18:06:38Z
449,827,click,2026-02-26T19:05:38Z
449,165,remove_cart,2026-02-26T19:27:38Z
449,412,checkout,2026-02-26T19:59:38Z
449,171,click,2026-02-26T20:13:38Z
449,594,checkout,2026-02-26T21:11:38Z
449,491,purchase,2026-02-26T21:19:38Z
449,1461,wishlist,2026-02-26T21:28:38Z
449,874,checkout,2026-02-26T22:12:38Z
449,706,add_to_cart,2026-02-26T23:03:38Z
449,506,wishlist,2026-02-26T23:43:38Z
449,1351,checkout,2026-02-27T00:11:38Z
449,191,wishlist,2026-02-27T00:16:38Z
449,896,add_to_cart,2026-02-27T00:37:38Z
449,692,remove_cart,2026-02-27T01:18:38Z
449,440,click,2026-02-27T01:43:38Z
449,348,click,2026-02-27T02:13:38Z
449,676,checkout,2026-02-27T02:20:38Z
449,1420,search,2026-02-27T02:55:38Z
449,353,purchase,2026-02-27T03:22:38Z
449,400,click,2026-02-27T04:18:38Z
449,480,search,2026-02-27T04:26:38Z
449,385,wishlist,2026-02-27T04:28:38Z
449,824,purchase,2026-02-27T04:47:38Z
449,970,view,2026-02-27T05:33:38Z
450,1300,view,2026-02-03T17:17:38Z
450,904,click,2026-02-03T17:50:38Z
450,914,add_to_cart,2026-02-03T18:11:38Z
450,1323,remove_cart,2026-02-03T18:31:38Z
450,606,view,2026-02-03T19:19:38Z
450,646,remove_cart,2026-02-03T20:04:38Z
450,519,search,2026-02-03T20:50:38Z
450,1056,add_to_cart,2026-02-03T20:58:38Z
450,1260,checkout,2026-02-03T21:12:38Z
450,261,add_to_cart,2026-02-03T21:19:38Z
450,668,wishlist,2026-02-03T22:17:38Z
450,573,checkout,2026-02-03T22:48:38Z
450,720,view,2026-02-03T23:46:38Z
450,134,view,2026-02-04T00:00:38Z
450,426,wishlist,2026-02-04T00:05:38Z
450,1363,search,2026-02-04T00:54:38Z
450,111,remove_cart,2026-02-04T01:18:38Z
450,1420,remove_cart,2026-02-04T01:39:38Z
450,1153,remove_cart,2026-02-04T02:19:38Z
450,449,remove_cart,2026-02-04T03:04:38Z
450,546,checkout,2026-02-04T03:55:38Z
450,1008,search,2026-02-04T04:26:38Z
450,631,click,2026-02-04T04:41:38Z
450,696,click,2026-02-04T04:52:38Z
450,1063,purchase,2026-02-04T05:34:38Z
450,179,purchase,2026-02-04T05:51:38Z
450,755,view,2026-02-04T06:19:38Z
450,278,checkout,2026-02-04T07:12:38Z
450,784,checkout,2026-02-04T07:39:38Z
450,322,wishlist,2026-02-04T08:06:38Z
450,863,view,2026-02-04T09:03:38Z
450,101,checkout,2026-02-04T09:44:38Z
450,1243,purchase,2026-02-04T10:42:38Z
450,770,purchase,2026-02-04T10:56:38Z
450,1393,checkout,2026-02-04T11:51:38Z
450,525,checkout,2026-02-04T12:21:38Z
450,195,search,2026-02-04T13:16:38Z
450,1401,view,2026-02-04T14:12:38Z
450,1199,search,2026-02-04T14:25:38Z
451,381,view,2026-04-04T16:56:38Z
451,113,click,2026-04-04T17:42:38Z
451,26,add_to_cart,2026-04-04T18:40:38Z
451,1375,checkout,2026-04-04T18:54:38Z
451,564,purchase,2026-04-04T19:53:38Z
451,503,view,2026-04-04T20:33:38Z
451,1047,wishlist,2026-04-04T21:21:38Z
451,1402,add_to_cart,2026-04-04T21:52:38Z
451,995,click,2026-04-04T22:51:38Z
451,1495,purchase,2026-04-04T23:35:38Z
451,109,add_to_cart,2026-04-05T00:28:38Z
451,1361,purchase,2026-04-05T00:34:38Z
451,814,view,2026-04-05T01:02:38Z
451,893,remove_cart,2026-04-05T01:21:38Z
451,1028,wishlist,2026-04-05T01:28:38Z
451,1042,search,2026-04-05T01:59:38Z
451,1316,checkout,2026-04-05T02:45:38Z
451,1125,checkout,2026-04-05T03:19:38Z
451,1026,search,2026-04-05T03:42:38Z
451,729,checkout,2026-04-05T04:22:38Z
451,1190,checkout,2026-04-05T05:07:38Z
451,203,checkout,2026-04-05T05:13:38Z
451,1227,search,2026-04-05T06:09:38Z
451,1233,click,2026-04-05T06:39:38Z
451,138,search,2026-04-05T07:06:38Z
451,770,view,2026-04-05T08:06:38Z
451,462,add_to_cart,2026-04-05T08:58:38Z
451,43,wishlist,2026-04-05T09:05:38Z
451,1011,purchase,2026-04-05T09:14:38Z
451,1066,remove_cart,2026-04-05T09:40:38Z
451,1353,remove_cart,2026-04-05T10:15:38Z
451,37,search,2026-04-05T10:25:38Z
451,384,view,2026-04-05T10:40:38Z
451,678,remove_cart,2026-04-05T11:32:38Z
451,468,view,2026-04-05T12:14:38Z
451,649,view,2026-04-05T13:11:38Z
451,193,add_to_cart,2026-04-05T13:28:38Z
451,345,click,2026-04-05T13:46:38Z
451,908,view,2026-04-05T14:33:38Z
451,195,remove_cart,2026-04-05T14:57:38Z
451,691,purchase,2026-04-05T15:11:38Z
451,1153,add_to_cart,2026-04-05T16:05:38Z
451,766,search,2026-04-05T16:44:38Z
451,109,checkout,2026-04-05T17:12:38Z
451,1292,purchase,2026-04-05T17:58:38Z
451,1412,remove_cart,2026-04-05T18:54:38Z
451,1106,click,2026-04-05T18:56:38Z
451,1296,search,2026-04-05T19:47:38Z
451,1472,add_to_cart,2026-04-05T20:36:38Z
451,617,checkout,2026-04-05T20:40:38Z
452,869,search,2026-03-10T16:56:38Z
452,910,view,2026-03-10T17:31:38Z
452,144,click,2026-03-10T17:57:38Z
452,1163,add_to_cart,2026-03-10T18:42:38Z
452,1006,checkout,2026-03-10T19:09:38Z
452,233,remove_cart,2026-03-10T19:19:38Z
452,615,purchase,2026-03-10T19:41:38Z
452,140,wishlist,2026-03-10T20:07:38Z
452,465,search,2026-03-10T20:54:38Z
452,405,click,2026-03-10T21:17:38Z
452,623,purchase,2026-03-10T22:01:38Z
452,136,wishlist,2026-03-10T22:17:38Z
452,104,add_to_cart,2026-03-10T23:13:38Z
452,680,view,2026-03-10T23:47:38Z
452,98,view,2026-03-11T00:07:38Z
452,360,view,2026-03-11T01:03:38Z
452,1388,search,2026-03-11T01:10:38Z
452,441,checkout,2026-03-11T01:13:38Z
452,516,remove_cart,2026-03-11T01:59:38Z
452,499,add_to_cart,2026-03-11T02:56:38Z
452,509,checkout,2026-03-11T03:43:38Z
452,419,purchase,2026-03-11T03:48:38Z
452,1298,search,2026-03-11T04:41:38Z
452,129,add_to_cart,2026-03-11T05:01:38Z
452,1283,search,2026-03-11T05:58:38Z
452,1050,checkout,2026-03-11T06:06:38Z
452,806,checkout,2026-03-11T07:02:38Z
452,154,add_to_cart,2026-03-11T07:57:38Z
452,961,checkout,2026-03-11T08:48:38Z
452,289,search,2026-03-11T09:35:38Z
452,72,add_to_cart,2026-03-11T09:42:38Z
452,279,click,2026-03-11T10:14:38Z
452,548,checkout,2026-03-11T11:12:38Z
452,1452,add_to_cart,2026-03-11T11:18:38Z
452,178,wishlist,2026-03-11T12:16:38Z
452,691,checkout,2026-03-11T13:06:38Z
452,1005,view,2026-03-11T13:53:38Z
452,165,remove_cart,2026-03-11T14:09:38Z
452,561,purchase,2026-03-11T14:19:38Z
452,1489,view,2026-03-11T15:02:38Z
452,798,search,2026-03-11T15:40:38Z
452,860,click,2026-03-11T16:20:38Z
452,1250,wishlist,2026-03-11T16:26:38Z
452,352,remove_cart,2026-03-11T16:52:38Z
452,566,checkout,2026-03-11T16:58:38Z
452,106,wishlist,2026-03-11T17:29:38Z
452,1414,remove_cart,2026-03-11T17:50:38Z
452,1040,remove_cart,2026-03-11T18:40:38Z
452,439,remove_cart,2026-03-11T18:51:38Z
452,762,checkout,2026-03-11T19:24:38Z
452,198,checkout,2026-03-11T19:54:38Z
452,365,checkout,2026-03-11T20:02:38Z
452,1210,click,2026-03-11T20:39:38Z
452,1422,purchase,2026-03-11T21:34:38Z
452,778,click,2026-03-11T22:06:38Z
452,1364,checkout,2026-03-11T22:07:38Z
452,24,checkout,2026-03-11T22:48:38Z
452,351,view,2026-03-11T22:57:38Z
452,869,checkout,2026-03-11T23:34:38Z
452,567,add_to_cart,2026-03-12T00:22:38Z
452,375,search,2026-03-12T00:44:38Z
452,595,checkout,2026-03-12T01:17:38Z
452,1433,purchase,2026-03-12T01:18:38Z
452,1242,view,2026-03-12T01:33:38Z
452,1305,checkout,2026-03-12T02:06:38Z
452,588,view,2026-03-12T02:33:38Z
452,698,remove_cart,2026-03-12T03:31:38Z
452,1223,search,2026-03-12T04:19:38Z
452,1107,click,2026-03-12T05:02:38Z
453,1334,view,2026-02-09T17:01:38Z
453,997,wishlist,2026-02-09T17:34:38Z
453,557,view,2026-02-09T18:19:38Z
453,1455,click,2026-02-09T18:58:38Z
453,1432,add_to_cart,2026-02-09T19:11:38Z
453,430,add_to_cart,2026-02-09T19:12:38Z
453,775,add_to_cart,2026-02-09T19:23:38Z
453,965,remove_cart,2026-02-09T19:56:38Z
453,1403,view,2026-02-09T20:38:38Z
453,752,purchase,2026-02-09T21:09:38Z
453,1006,wishlist,2026-02-09T21:57:38Z
453,588,wishlist,2026-02-09T22:48:38Z
453,1445,wishlist,2026-02-09T23:19:38Z
453,665,remove_cart,2026-02-10T00:16:38Z
453,1188,purchase,2026-02-10T00:17:38Z
453,858,add_to_cart,2026-02-10T00:34:38Z
453,37,search,2026-02-10T00:48:38Z
453,265,click,2026-02-10T01:03:38Z
453,709,add_to_cart,2026-02-10T01:15:38Z
453,40,checkout,2026-02-10T01:39:38Z
453,283,search,2026-02-10T01:44:38Z
453,806,add_to_cart,2026-02-10T02:11:38Z
453,489,search,2026-02-10T03:00:38Z
453,7,wishlist,2026-02-10T03:47:38Z
453,646,search,2026-02-10T04:41:38Z
453,1325,wishlist,2026-02-10T05:29:38Z
453,201,checkout,2026-02-10T05:44:38Z
453,1168,search,2026-02-10T06:34:38Z
453,869,add_to_cart,2026-02-10T07:17:38Z
453,298,remove_cart,2026-02-10T07:29:38Z
453,898,search,2026-02-10T08:01:38Z
453,413,remove_cart,2026-02-10T08:02:38Z
453,1394,add_to_cart,2026-02-10T08:54:38Z
453,144,view,2026-02-10T09:25:38Z
453,296,view,2026-02-10T09:29:38Z
453,1077,search,2026-02-10T09:50:38Z
453,232,remove_cart,2026-02-10T10:08:38Z
453,1204,checkout,2026-02-10T10:50:38Z
453,1235,purchase,2026-02-10T11:29:38Z
453,980,remove_cart,2026-02-10T12:09:38Z
453,1311,purchase,2026-02-10T12:52:38Z
453,1256,purchase,2026-02-10T13:41:38Z
453,1036,purchase,2026-02-10T13:57:38Z
453,402,purchase,2026-02-10T14:44:38Z
453,880,checkout,2026-02-10T15:37:38Z
453,1474,purchase,2026-02-10T16:13:38Z
454,1051,search,2026-02-27T16:45:38Z
454,917,view,2026-02-27T16:53:38Z
454,1142,click,2026-02-27T17:07:38Z
454,210,remove_cart,2026-02-27T17:42:38Z
454,370,remove_cart,2026-02-27T18:05:38Z
454,682,add_to_cart,2026-02-27T18:21:38Z
454,1301,view,2026-02-27T18:53:38Z
454,1113,purchase,2026-02-27T19:24:38Z
454,1294,checkout,2026-02-27T19:39:38Z
454,234,wishlist,2026-02-27T19:48:38Z
454,1058,view,2026-02-27T20:13:38Z
454,1223,search,2026-02-27T21:13:38Z
454,1366,remove_cart,2026-02-27T21:15:38Z
454,428,purchase,2026-02-27T22:15:38Z
454,1218,search,2026-02-27T22:27:38Z
454,1109,wishlist,2026-02-27T22:31:38Z
454,316,remove_cart,2026-02-27T23:01:38Z
454,1358,add_to_cart,2026-02-27T23:28:38Z
454,1095,remove_cart,2026-02-27T23:40:38Z
454,116,click,2026-02-28T00:38:38Z
454,902,checkout,2026-02-28T01:04:38Z
454,910,checkout,2026-02-28T01:52:38Z
454,1374,remove_cart,2026-02-28T02:21:38Z
454,1233,purchase,2026-02-28T03:06:38Z
454,1092,checkout,2026-02-28T03:11:38Z
454,93,click,2026-02-28T03:50:38Z
454,1181,wishlist,2026-02-28T04:32:38Z
454,882,checkout,2026-02-28T04:49:38Z
454,68,purchase,2026-02-28T05:03:38Z
454,1418,wishlist,2026-02-28T05:17:38Z
454,88,checkout,2026-02-28T05:35:38Z
454,525,remove_cart,2026-02-28T05:46:38Z
454,241,add_to_cart,2026-02-28T06:11:38Z
454,483,view,2026-02-28T06:57:38Z
454,573,purchase,2026-02-28T07:07:38Z
454,385,checkout,2026-02-28T07:39:38Z
454,223,remove_cart,2026-02-28T08:02:38Z
454,1241,search,2026-02-28T08:52:38Z
454,1099,click,2026-02-28T09:32:38Z
454,806,remove_cart,2026-02-28T10:21:38Z
454,290,click,2026-02-28T10:35:38Z
454,820,search,2026-02-28T10:37:38Z
454,968,purchase,2026-02-28T11:01:38Z
454,957,add_to_cart,2026-02-28T11:18:38Z
454,418,remove_cart,2026-02-28T12:13:38Z
454,302,wishlist,2026-02-28T12:44:38Z
454,1433,remove_cart,2026-02-28T13:27:38Z
454,24,wishlist,2026-02-28T13:30:38Z
454,1133,checkout,2026-02-28T13:39:38Z
454,465,search,2026-02-28T14:33:38Z
454,17,wishlist,2026-02-28T15:07:38Z
454,1274,view,2026-02-28T15:45:38Z
454,1407,remove_cart,2026-02-28T16:13:38Z
454,1429,add_to_cart,2026-02-28T17:04:38Z
454,642,search,2026-02-28T17:46:38Z
454,670,view,2026-02-28T18:46:38Z
454,548,click,2026-02-28T19:42:38Z
454,1031,view,2026-02-28T20:02:38Z
454,458,checkout,2026-02-28T20:50:38Z
454,1244,wishlist,2026-02-28T21:37:38Z
454,560,checkout,2026-02-28T22:01:38Z
454,588,purchase,2026-02-28T22:55:38Z
454,782,wishlist,2026-02-28T23:11:38Z
454,1158,search,2026-02-28T23:51:38Z
454,1466,remove_cart,2026-02-28T23:58:38Z
454,1023,view,2026-03-01T00:30:38Z
454,292,checkout,2026-03-01T01:00:38Z
454,290,add_to_cart,2026-03-01T01:11:38Z
454,776,remove_cart,2026-03-01T01:31:38Z
454,664,click,2026-03-01T02:20:38Z
455,22,search,2026-03-20T16:25:38Z
455,1018,view,2026-03-20T16:35:38Z
455,279,click,2026-03-20T16:36:38Z
455,745,checkout,2026-03-20T17:26:38Z
455,976,view,2026-03-20T18:21:38Z
455,1253,remove_cart,2026-03-20T19:13:38Z
455,1420,checkout,2026-03-20T20:02:38Z
455,1154,remove_cart,2026-03-20T20:47:38Z
455,1101,purchase,2026-03-20T21:42:38Z
455,654,view,2026-03-20T22:40:38Z
455,734,click,2026-03-20T22:57:38Z
455,1135,purchase,2026-03-20T23:53:38Z
455,1218,remove_cart,2026-03-21T00:35:38Z
455,891,view,2026-03-21T00:43:38Z
455,77,click,2026-03-21T00:53:38Z
455,14,checkout,2026-03-21T01:15:38Z
455,825,view,2026-03-21T01:17:38Z
455,750,click,2026-03-21T01:40:38Z
455,1165,wishlist,2026-03-21T02:40:38Z
455,1199,purchase,2026-03-21T03:36:38Z
455,295,add_to_cart,2026-03-21T04:32:38Z
455,653,search,2026-03-21T04:49:38Z
455,694,wishlist,2026-03-21T05:17:38Z
455,372,add_to_cart,2026-03-21T05:31:38Z
455,622,add_to_cart,2026-03-21T05:38:38Z
455,172,search,2026-03-21T05:56:38Z
455,1172,purchase,2026-03-21T06:36:38Z
455,175,wishlist,2026-03-21T07:18:38Z
455,1156,checkout,2026-03-21T07:44:38Z
455,107,purchase,2026-03-21T07:58:38Z
455,163,purchase,2026-03-21T08:34:38Z
455,1196,wishlist,2026-03-21T09:02:38Z
455,86,wishlist,2026-03-21T09:40:38Z
455,716,checkout,2026-03-21T09:41:38Z
455,757,remove_cart,2026-03-21T10:20:38Z
455,884,click,2026-03-21T10:21:38Z
455,230,purchase,2026-03-21T10:48:38Z
455,288,click,2026-03-21T11:40:38Z
455,85,checkout,2026-03-21T11:59:38Z
455,929,click,2026-03-21T12:04:38Z
455,1407,purchase,2026-03-21T12:06:38Z
455,1232,remove_cart,2026-03-21T12:43:38Z
455,1087,purchase,2026-03-21T13:37:38Z
455,565,add_to_cart,2026-03-21T13:42:38Z
455,1117,wishlist,2026-03-21T13:51:38Z
455,1064,checkout,2026-03-21T14:48:38Z
455,1035,remove_cart,2026-03-21T14:57:38Z
455,1315,purchase,2026-03-21T14:58:38Z
455,588,add_to_cart,2026-03-21T15:34:38Z
455,296,view,2026-03-21T15:58:38Z
455,736,click,2026-03-21T16:31:38Z
455,786,view,2026-03-21T16:52:38Z
455,389,view,2026-03-21T17:28:38Z
455,197,click,2026-03-21T18:05:38Z
455,837,add_to_cart,2026-03-21T18:47:38Z
455,1438,view,2026-03-21T19:04:38Z
455,1082,wishlist,2026-03-21T19:52:38Z
455,540,remove_cart,2026-03-21T20:13:38Z
455,557,click,2026-03-21T20:49:38Z
455,1217,search,2026-03-21T20:50:38Z
455,877,purchase,2026-03-21T21:25:38Z
455,941,wishlist,2026-03-21T21:45:38Z
455,383,click,2026-03-21T22:25:38Z
455,106,checkout,2026-03-21T23:07:38Z
455,1046,wishlist,2026-03-21T23:24:38Z
455,1085,checkout,2026-03-21T23:44:38Z
455,689,checkout,2026-03-21T23:47:38Z
455,314,remove_cart,2026-03-22T00:12:38Z
455,1489,purchase,2026-03-22T00:14:38Z
455,761,view,2026-03-22T01:08:38Z
455,1197,remove_cart,2026-03-22T01:09:38Z
455,1283,search,2026-03-22T01:27:38Z
455,222,remove_cart,2026-03-22T02:23:38Z
455,200,wishlist,2026-03-22T02:24:38Z
455,1378,add_to_cart,2026-03-22T03:18:38Z
455,686,purchase,2026-03-22T04:17:38Z
455,809,view,2026-03-22T04:44:38Z
455,771,wishlist,2026-03-22T05:40:38Z
455,114,remove_cart,2026-03-22T06:34:38Z
456,1265,view,2026-03-04T16:45:38Z
456,1048,click,2026-03-04T16:47:38Z
456,739,add_to_cart,2026-03-04T17:42:38Z
456,764,checkout,2026-03-04T18:24:38Z
456,938,purchase,2026-03-04T19:09:38Z
456,993,remove_cart,2026-03-04T19:31:38Z
456,976,purchase,2026-03-04T20:24:38Z
456,198,purchase,2026-03-04T21:02:38Z
456,546,search,2026-03-04T21:34:38Z
456,312,purchase,2026-03-04T22:04:38Z
456,391,view,2026-03-04T22:50:38Z
456,313,wishlist,2026-03-04T23:46:38Z
456,1161,click,2026-03-05T00:31:38Z
456,38,remove_cart,2026-03-05T01:23:38Z
456,283,click,2026-03-05T01:25:38Z
456,558,checkout,2026-03-05T01:53:38Z
456,632,checkout,2026-03-05T01:58:38Z
456,1384,add_to_cart,2026-03-05T02:15:38Z
456,166,purchase,2026-03-05T02:26:38Z
456,1296,click,2026-03-05T02:31:38Z
456,895,view,2026-03-05T02:40:38Z
456,1380,remove_cart,2026-03-05T03:29:38Z
456,994,add_to_cart,2026-03-05T03:45:38Z
456,1296,checkout,2026-03-05T03:58:38Z
456,449,click,2026-03-05T04:49:38Z
456,1254,purchase,2026-03-05T04:50:38Z
456,539,purchase,2026-03-05T04:57:38Z
456,512,wishlist,2026-03-05T05:08:38Z
456,27,checkout,2026-03-05T05:43:38Z
456,791,purchase,2026-03-05T06:03:38Z
456,402,purchase,2026-03-05T06:55:38Z
456,908,add_to_cart,2026-03-05T07:28:38Z
456,315,search,2026-03-05T08:09:38Z
456,656,wishlist,2026-03-05T08:36:38Z
456,1132,remove_cart,2026-03-05T09:34:38Z
456,1089,remove_cart,2026-03-05T10:01:38Z
456,1349,view,2026-03-05T10:49:38Z
456,1135,wishlist,2026-03-05T11:48:38Z
456,102,view,2026-03-05T11:51:38Z
456,1140,wishlist,2026-03-05T12:50:38Z
456,1433,wishlist,2026-03-05T13:49:38Z
456,238,purchase,2026-03-05T14:24:38Z
456,763,wishlist,2026-03-05T14:55:38Z
456,190,view,2026-03-05T15:54:38Z
456,453,wishlist,2026-03-05T16:12:38Z
456,1107,wishlist,2026-03-05T16:42:38Z
456,1302,click,2026-03-05T17:18:38Z
456,930,view,2026-03-05T17:49:38Z
456,1483,search,2026-03-05T18:29:38Z
456,578,click,2026-03-05T19:21:38Z
456,1372,click,2026-03-05T19:44:38Z
456,556,click,2026-03-05T20:03:38Z
456,190,remove_cart,2026-03-05T20:30:38Z
456,227,wishlist,2026-03-05T20:47:38Z
456,73,checkout,2026-03-05T20:53:38Z
456,833,view,2026-03-05T21:49:38Z
456,290,wishlist,2026-03-05T22:16:38Z
456,877,remove_cart,2026-03-05T22:42:38Z
456,643,wishlist,2026-03-05T23:01:38Z
456,1299,wishlist,2026-03-05T23:17:38Z
456,1020,remove_cart,2026-03-05T23:32:38Z
456,888,checkout,2026-03-06T00:00:38Z
456,1272,wishlist,2026-03-06T00:39:38Z
456,1228,wishlist,2026-03-06T01:19:38Z
456,1358,view,2026-03-06T01:30:38Z
456,577,purchase,2026-03-06T01:48:38Z
456,1150,add_to_cart,2026-03-06T02:03:38Z
456,877,click,2026-03-06T02:57:38Z
456,781,add_to_cart,2026-03-06T03:09:38Z
456,1046,remove_cart,2026-03-06T03:27:38Z
456,1324,search,2026-03-06T04:07:38Z
456,1328,click,2026-03-06T04:41:38Z
456,640,remove_cart,2026-03-06T04:48:38Z
456,329,remove_cart,2026-03-06T05:45:38Z
457,447,search,2026-02-12T16:48:38Z
457,687,view,2026-02-12T17:34:38Z
457,123,click,2026-02-12T18:09:38Z
457,424,wishlist,2026-02-12T18:58:38Z
457,1349,purchase,2026-02-12T19:04:38Z
457,1291,wishlist,2026-02-12T19:10:38Z
457,1388,purchase,2026-02-12T19:15:38Z
457,883,purchase,2026-02-12T19:38:38Z
457,224,click,2026-02-12T20:31:38Z
457,10,checkout,2026-02-12T21:29:38Z
457,1038,add_to_cart,2026-02-12T22:01:38Z
457,385,search,2026-02-12T22:32:38Z
457,935,search,2026-02-12T22:52:38Z
457,350,purchase,2026-02-12T23:21:38Z
457,1271,add_to_cart,2026-02-12T23:36:38Z
457,779,click,2026-02-13T00:07:38Z
457,1432,click,2026-02-13T00:47:38Z
457,329,remove_cart,2026-02-13T01:23:38Z
457,1070,add_to_cart,2026-02-13T01:46:38Z
457,1071,wishlist,2026-02-13T02:29:38Z
457,404,search,2026-02-13T03:12:38Z
457,1300,click,2026-02-13T03:26:38Z
457,1396,wishlist,2026-02-13T04:11:38Z
457,31,checkout,2026-02-13T04:31:38Z
457,916,checkout,2026-02-13T04:51:38Z
457,925,search,2026-02-13T04:53:38Z
457,977,purchase,2026-02-13T05:33:38Z
457,1288,add_to_cart,2026-02-13T06:10:38Z
457,998,remove_cart,2026-02-13T06:17:38Z
457,700,wishlist,2026-02-13T06:44:38Z
457,1208,checkout,2026-02-13T07:16:38Z
457,256,view,2026-02-13T07:41:38Z
457,593,purchase,2026-02-13T08:29:38Z
457,674,search,2026-02-13T08:39:38Z
457,1037,click,2026-02-13T08:45:38Z
457,648,view,2026-02-13T09:24:38Z
457,642,search,2026-02-13T09:46:38Z
457,1357,click,2026-02-13T10:24:38Z
457,214,add_to_cart,2026-02-13T10:43:38Z
457,265,wishlist,2026-02-13T11:43:38Z
457,638,remove_cart,2026-02-13T11:59:38Z
457,137,search,2026-02-13T12:00:38Z
457,179,remove_cart,2026-02-13T12:55:38Z
457,1332,checkout,2026-02-13T12:59:38Z
457,1243,remove_cart,2026-02-13T13:16:38Z
457,627,click,2026-02-13T13:36:38Z
457,503,wishlist,2026-02-13T13:50:38Z
457,716,checkout,2026-02-13T14:35:38Z
457,198,add_to_cart,2026-02-13T14:37:38Z
457,1256,wishlist,2026-02-13T15:02:38Z
457,892,click,2026-02-13T15:20:38Z
457,1403,click,2026-02-13T15:45:38Z
457,719,search,2026-02-13T15:50:38Z
457,385,checkout,2026-02-13T16:05:38Z
457,1061,checkout,2026-02-13T16:33:38Z
458,548,view,2026-04-19T16:35:38Z
458,1289,click,2026-04-19T16:40:38Z
458,1038,add_to_cart,2026-04-19T17:12:38Z
458,32,checkout,2026-04-19T17:17:38Z
458,12,purchase,2026-04-19T17:57:38Z
458,1176,checkout,2026-04-19T18:05:38Z
458,1316,wishlist,2026-04-19T18:36:38Z
458,613,click,2026-04-19T19:19:38Z
458,639,wishlist,2026-04-19T19:26:38Z
458,573,wishlist,2026-04-19T19:33:38Z
458,1090,wishlist,2026-04-19T19:54:38Z
458,997,purchase,2026-04-19T20:29:38Z
458,1125,purchase,2026-04-19T20:54:38Z
458,957,view,2026-04-19T21:50:38Z
458,808,add_to_cart,2026-04-19T22:29:38Z
458,160,remove_cart,2026-04-19T23:16:38Z
458,527,view,2026-04-19T23:51:38Z
458,1066,purchase,2026-04-20T00:49:38Z
458,1108,click,2026-04-20T01:14:38Z
458,287,search,2026-04-20T01:48:38Z
458,348,checkout,2026-04-20T02:34:38Z
458,48,purchase,2026-04-20T03:16:38Z
458,36,view,2026-04-20T03:46:38Z
458,789,search,2026-04-20T04:33:38Z
458,698,search,2026-04-20T04:50:38Z
458,45,view,2026-04-20T05:06:38Z
458,1376,view,2026-04-20T05:31:38Z
458,733,view,2026-04-20T05:48:38Z
458,1250,click,2026-04-20T06:32:38Z
458,172,view,2026-04-20T07:05:38Z
458,433,checkout,2026-04-20T07:20:38Z
458,364,view,2026-04-20T07:22:38Z
458,774,checkout,2026-04-20T08:03:38Z
458,285,purchase,2026-04-20T08:49:38Z
458,341,checkout,2026-04-20T09:01:38Z
458,1017,purchase,2026-04-20T09:52:38Z
458,874,purchase,2026-04-20T10:46:38Z
459,426,view,2026-03-09T16:39:38Z
459,1330,click,2026-03-09T16:49:38Z
459,92,add_to_cart,2026-03-09T17:14:38Z
459,1199,checkout,2026-03-09T17:36:38Z
459,534,purchase,2026-03-09T17:40:38Z
459,731,checkout,2026-03-09T17:55:38Z
459,289,purchase,2026-03-09T18:16:38Z
459,1346,add_to_cart,2026-03-09T18:43:38Z
459,1208,wishlist,2026-03-09T19:00:38Z
459,705,purchase,2026-03-09T19:04:38Z
459,959,purchase,2026-03-09T19:41:38Z
459,626,purchase,2026-03-09T20:31:38Z
459,399,wishlist,2026-03-09T20:38:38Z
459,1259,wishlist,2026-03-09T21:30:38Z
459,298,remove_cart,2026-03-09T21:49:38Z
459,1298,remove_cart,2026-03-09T21:53:38Z
459,127,remove_cart,2026-03-09T22:46:38Z
459,1151,view,2026-03-09T23:26:38Z
459,957,checkout,2026-03-09T23:37:38Z
459,23,search,2026-03-10T00:34:38Z
459,530,wishlist,2026-03-10T00:40:38Z
459,793,purchase,2026-03-10T00:48:38Z
459,142,search,2026-03-10T00:54:38Z
459,410,click,2026-03-10T01:39:38Z
459,860,remove_cart,2026-03-10T02:03:38Z
459,102,search,2026-03-10T02:49:38Z
459,739,add_to_cart,2026-03-10T03:34:38Z
459,355,search,2026-03-10T04:31:38Z
459,87,remove_cart,2026-03-10T04:34:38Z
459,1106,remove_cart,2026-03-10T04:43:38Z
459,388,add_to_cart,2026-03-10T04:54:38Z
459,738,search,2026-03-10T05:08:38Z
459,1262,checkout,2026-03-10T05:47:38Z
459,1324,purchase,2026-03-10T06:22:38Z
459,1174,wishlist,2026-03-10T07:22:38Z
459,1152,search,2026-03-10T07:46:38Z
459,668,add_to_cart,2026-03-10T07:56:38Z
459,989,click,2026-03-10T08:38:38Z
459,996,search,2026-03-10T09:34:38Z
459,1222,wishlist,2026-03-10T09:46:38Z
459,912,search,2026-03-10T10:26:38Z
459,816,checkout,2026-03-10T10:49:38Z
459,210,wishlist,2026-03-10T11:10:38Z
459,1051,add_to_cart,2026-03-10T11:43:38Z
459,414,wishlist,2026-03-10T12:11:38Z
459,1005,purchase,2026-03-10T12:39:38Z
459,711,remove_cart,2026-03-10T13:07:38Z
459,431,checkout,2026-03-10T13:11:38Z
459,7,click,2026-03-10T13:59:38Z
459,262,click,2026-03-10T14:10:38Z
459,460,click,2026-03-10T14:26:38Z
459,431,checkout,2026-03-10T14:49:38Z
459,151,search,2026-03-10T15:01:38Z
459,1048,search,2026-03-10T15:20:38Z
459,688,purchase,2026-03-10T16:13:38Z
459,680,search,2026-03-10T16:57:38Z
459,1155,checkout,2026-03-10T17:16:38Z
459,871,purchase,2026-03-10T17:56:38Z
459,1420,purchase,2026-03-10T18:32:38Z
460,587,search,2026-03-04T16:46:38Z
460,74,view,2026-03-04T17:00:38Z
460,394,click,2026-03-04T17:40:38Z
460,510,wishlist,2026-03-04T18:25:38Z
460,132,wishlist,2026-03-04T18:37:38Z
460,1004,wishlist,2026-03-04T18:42:38Z
460,587,purchase,2026-03-04T19:26:38Z
460,44,remove_cart,2026-03-04T19:53:38Z
460,1483,remove_cart,2026-03-04T20:28:38Z
460,524,add_to_cart,2026-03-04T21:16:38Z
460,734,checkout,2026-03-04T21:23:38Z
460,658,checkout,2026-03-04T22:13:38Z
460,216,remove_cart,2026-03-04T23:11:38Z
460,96,view,2026-03-04T23:46:38Z
460,437,click,2026-03-04T23:49:38Z
460,368,view,2026-03-05T00:00:38Z
460,287,click,2026-03-05T00:46:38Z
460,693,purchase,2026-03-05T01:24:38Z
460,367,wishlist,2026-03-05T01:31:38Z
460,856,click,2026-03-05T02:27:38Z
460,392,purchase,2026-03-05T02:36:38Z
460,728,add_to_cart,2026-03-05T03:12:38Z
460,537,search,2026-03-05T03:19:38Z
460,337,add_to_cart,2026-03-05T04:19:38Z
460,473,remove_cart,2026-03-05T05:12:38Z
460,262,add_to_cart,2026-03-05T05:39:38Z
460,541,click,2026-03-05T05:58:38Z
460,973,wishlist,2026-03-05T06:11:38Z
461,660,view,2026-03-07T16:40:38Z
461,1266,click,2026-03-07T16:48:38Z
461,1001,add_to_cart,2026-03-07T17:14:38Z
461,903,checkout,2026-03-07T17:49:38Z
461,1128,purchase,2026-03-07T18:21:38Z
461,161,view,2026-03-07T19:11:38Z
461,723,click,2026-03-07T19:52:38Z
461,366,click,2026-03-07T20:06:38Z
461,612,remove_cart,2026-03-07T20:41:38Z
461,359,add_to_cart,2026-03-07T20:54:38Z
461,692,remove_cart,2026-03-07T21:07:38Z
461,551,wishlist,2026-03-07T21:58:38Z
461,1394,remove_cart,2026-03-07T22:38:38Z
461,394,view,2026-03-07T22:52:38Z
461,1153,remove_cart,2026-03-07T23:45:38Z
461,72,purchase,2026-03-07T23:51:38Z
461,170,wishlist,2026-03-08T00:20:38Z
461,361,checkout,2026-03-08T00:36:38Z
461,1123,purchase,2026-03-08T01:22:38Z
461,601,click,2026-03-08T01:45:38Z
461,282,wishlist,2026-03-08T02:07:38Z
461,1495,checkout,2026-03-08T02:43:38Z
461,1309,checkout,2026-03-08T03:11:38Z
461,781,add_to_cart,2026-03-08T03:52:38Z
461,374,view,2026-03-08T04:49:38Z
461,880,purchase,2026-03-08T05:11:38Z
462,1275,search,2026-04-17T16:23:38Z
462,1262,view,2026-04-17T17:03:38Z
462,888,click,2026-04-17T17:38:38Z
462,1484,click,2026-04-17T18:17:38Z
462,987,wishlist,2026-04-17T18:18:38Z
462,1166,remove_cart,2026-04-17T18:50:38Z
462,1171,remove_cart,2026-04-17T19:27:38Z
462,1075,purchase,2026-04-17T20:10:38Z
462,1324,click,2026-04-17T20:47:38Z
462,1286,click,2026-04-17T21:44:38Z
462,1397,search,2026-04-17T22:20:38Z
462,797,checkout,2026-04-17T22:38:38Z
462,481,click,2026-04-17T22:50:38Z
462,1426,click,2026-04-17T23:29:38Z
462,291,view,2026-04-17T23:32:38Z
462,742,search,2026-04-17T23:38:38Z
462,1013,wishlist,2026-04-17T23:46:38Z
462,812,wishlist,2026-04-18T00:20:38Z
462,928,purchase,2026-04-18T01:18:38Z
462,419,purchase,2026-04-18T01:40:38Z
462,970,purchase,2026-04-18T01:51:38Z
462,1034,view,2026-04-18T02:00:38Z
462,890,remove_cart,2026-04-18T02:27:38Z
462,1092,remove_cart,2026-04-18T03:19:38Z
462,1105,wishlist,2026-04-18T04:12:38Z
462,143,search,2026-04-18T04:26:38Z
462,331,click,2026-04-18T04:51:38Z
462,1459,click,2026-04-18T04:55:38Z
462,173,remove_cart,2026-04-18T05:18:38Z
462,1262,search,2026-04-18T06:03:38Z
462,946,search,2026-04-18T06:57:38Z
462,1257,purchase,2026-04-18T07:48:38Z
462,745,remove_cart,2026-04-18T08:35:38Z
462,412,search,2026-04-18T09:23:38Z
462,697,click,2026-04-18T09:25:38Z
462,1015,wishlist,2026-04-18T09:54:38Z
462,93,click,2026-04-18T10:37:38Z
462,113,purchase,2026-04-18T11:21:38Z
463,1175,view,2026-04-01T16:44:38Z
463,85,click,2026-04-01T17:11:38Z
463,1290,add_to_cart,2026-04-01T17:47:38Z
463,1185,remove_cart,2026-04-01T18:22:38Z
463,678,view,2026-04-01T19:11:38Z
463,925,remove_cart,2026-04-01T19:51:38Z
463,1068,purchase,2026-04-01T20:13:38Z
463,524,search,2026-04-01T20:27:38Z
463,205,add_to_cart,2026-04-01T20:40:38Z
463,567,search,2026-04-01T21:17:38Z
463,208,wishlist,2026-04-01T21:28:38Z
463,1449,add_to_cart,2026-04-01T21:51:38Z
463,869,remove_cart,2026-04-01T21:54:38Z
463,11,add_to_cart,2026-04-01T22:36:38Z
463,92,click,2026-04-01T23:12:38Z
463,1338,search,2026-04-01T23:16:38Z
463,255,click,2026-04-01T23:37:38Z
463,213,search,2026-04-02T00:25:38Z
463,734,search,2026-04-02T00:26:38Z
463,715,view,2026-04-02T01:02:38Z
463,163,view,2026-04-02T01:45:38Z
463,546,purchase,2026-04-02T02:29:38Z
463,559,checkout,2026-04-02T03:10:38Z
463,1410,add_to_cart,2026-04-02T03:49:38Z
463,449,remove_cart,2026-04-02T04:48:38Z
463,148,remove_cart,2026-04-02T05:05:38Z
463,844,add_to_cart,2026-04-02T05:16:38Z
463,278,search,2026-04-02T05:45:38Z
463,547,wishlist,2026-04-02T06:30:38Z
463,1178,purchase,2026-04-02T07:15:38Z
463,698,add_to_cart,2026-04-02T07:34:38Z
463,1483,purchase,2026-04-02T08:13:38Z
463,593,remove_cart,2026-04-02T08:14:38Z
463,54,add_to_cart,2026-04-02T08:31:38Z
463,580,click,2026-04-02T09:01:38Z
463,753,search,2026-04-02T09:10:38Z
463,1170,purchase,2026-04-02T10:10:38Z
463,1334,remove_cart,2026-04-02T10:44:38Z
463,1282,wishlist,2026-04-02T11:33:38Z
463,886,add_to_cart,2026-04-02T12:02:38Z
463,1165,add_to_cart,2026-04-02T12:04:38Z
463,1327,click,2026-04-02T12:40:38Z
463,313,click,2026-04-02T12:51:38Z
463,787,search,2026-04-02T13:42:38Z
463,532,remove_cart,2026-04-02T13:50:38Z
463,1100,add_to_cart,2026-04-02T14:40:38Z
463,1000,view,2026-04-02T15:19:38Z
463,17,view,2026-04-02T15:30:38Z
463,1446,checkout,2026-04-02T16:08:38Z
463,892,view,2026-04-02T16:47:38Z
463,208,purchase,2026-04-02T17:10:38Z
463,159,wishlist,2026-04-02T17:50:38Z
463,700,click,2026-04-02T18:21:38Z
463,241,purchase,2026-04-02T18:37:38Z
463,278,checkout,2026-04-02T18:41:38Z
463,418,wishlist,2026-04-02T19:39:38Z
463,1226,purchase,2026-04-02T20:11:38Z
463,1089,checkout,2026-04-02T20:12:38Z
463,632,remove_cart,2026-04-02T20:16:38Z
463,981,purchase,2026-04-02T20:46:38Z
463,944,wishlist,2026-04-02T21:22:38Z
463,754,add_to_cart,2026-04-02T22:12:38Z
464,284,view,2026-02-19T16:54:38Z
464,1403,click,2026-02-19T16:57:38Z
464,663,add_to_cart,2026-02-19T17:05:38Z
464,492,checkout,2026-02-19T17:20:38Z
464,51,purchase,2026-02-19T17:35:38Z
464,382,view,2026-02-19T17:48:38Z
464,1179,wishlist,2026-02-19T18:13:38Z
464,912,remove_cart,2026-02-19T18:31:38Z
464,138,search,2026-02-19T19:30:38Z
464,484,purchase,2026-02-19T20:30:38Z
464,206,click,2026-02-19T21:30:38Z
464,1219,wishlist,2026-02-19T21:36:38Z
464,465,remove_cart,2026-02-19T22:09:38Z
464,1418,search,2026-02-19T22:44:38Z
464,289,search,2026-02-19T22:55:38Z
464,886,remove_cart,2026-02-19T23:37:38Z
464,754,purchase,2026-02-19T23:43:38Z
464,435,search,2026-02-20T00:40:38Z
464,1260,view,2026-02-20T01:18:38Z
464,1315,view,2026-02-20T01:32:38Z
464,1165,search,2026-02-20T02:17:38Z
464,156,click,2026-02-20T02:33:38Z
464,781,wishlist,2026-02-20T03:26:38Z
464,1454,wishlist,2026-02-20T03:39:38Z
464,1017,remove_cart,2026-02-20T04:07:38Z
464,822,click,2026-02-20T04:21:38Z
464,1446,search,2026-02-20T04:48:38Z
464,171,purchase,2026-02-20T05:10:38Z
464,346,search,2026-02-20T05:31:38Z
464,1309,add_to_cart,2026-02-20T06:04:38Z
464,286,add_to_cart,2026-02-20T06:18:38Z
464,444,wishlist,2026-02-20T07:02:38Z
465,383,view,2026-03-11T17:09:38Z
465,1468,wishlist,2026-03-11T18:02:38Z
465,916,view,2026-03-11T18:41:38Z
465,1255,click,2026-03-11T19:30:38Z
465,434,add_to_cart,2026-03-11T20:07:38Z
465,833,search,2026-03-11T20:46:38Z
465,935,wishlist,2026-03-11T21:15:38Z
465,492,wishlist,2026-03-11T21:51:38Z
465,362,purchase,2026-03-11T22:14:38Z
465,1245,click,2026-03-11T22:57:38Z
465,1400,checkout,2026-03-11T22:58:38Z
465,14,remove_cart,2026-03-11T23:17:38Z
465,181,remove_cart,2026-03-11T23:36:38Z
465,1418,add_to_cart,2026-03-11T23:49:38Z
465,576,click,2026-03-12T00:10:38Z
465,632,view,2026-03-12T00:20:38Z
465,1031,search,2026-03-12T00:50:38Z
465,927,purchase,2026-03-12T00:51:38Z
465,220,wishlist,2026-03-12T00:52:38Z
465,291,remove_cart,2026-03-12T01:05:38Z
465,43,checkout,2026-03-12T01:46:38Z
465,552,purchase,2026-03-12T02:28:38Z
465,210,click,2026-03-12T02:45:38Z
465,710,view,2026-03-12T03:29:38Z
465,1240,add_to_cart,2026-03-12T03:54:38Z
465,847,remove_cart,2026-03-12T04:07:38Z
465,952,search,2026-03-12T04:18:38Z
465,152,add_to_cart,2026-03-12T05:05:38Z
465,832,add_to_cart,2026-03-12T06:04:38Z
465,642,search,2026-03-12T06:48:38Z
465,794,search,2026-03-12T07:01:38Z
465,1044,checkout,2026-03-12T07:28:38Z
465,888,checkout,2026-03-12T08:08:38Z
465,627,checkout,2026-03-12T08:51:38Z
465,1290,remove_cart,2026-03-12T09:22:38Z
465,1221,add_to_cart,2026-03-12T09:47:38Z
465,399,remove_cart,2026-03-12T10:33:38Z
465,183,view,2026-03-12T11:31:38Z
465,452,purchase,2026-03-12T11:45:38Z
465,1260,add_to_cart,2026-03-12T12:17:38Z
465,194,add_to_cart,2026-03-12T13:09:38Z
465,351,checkout,2026-03-12T13:10:38Z
465,992,remove_cart,2026-03-12T13:53:38Z
465,1161,click,2026-03-12T14:32:38Z
465,608,remove_cart,2026-03-12T14:37:38Z
465,193,search,2026-03-12T15:17:38Z
465,632,wishlist,2026-03-12T15:25:38Z
465,866,checkout,2026-03-12T15:48:38Z
465,86,click,2026-03-12T16:15:38Z
465,580,purchase,2026-03-12T16:50:38Z
465,308,wishlist,2026-03-12T17:35:38Z
465,858,remove_cart,2026-03-12T17:37:38Z
465,323,add_to_cart,2026-03-12T18:31:38Z
465,642,checkout,2026-03-12T19:08:38Z
465,629,remove_cart,2026-03-12T19:13:38Z
465,23,click,2026-03-12T20:02:38Z
465,144,remove_cart,2026-03-12T20:27:38Z
465,348,wishlist,2026-03-12T21:07:38Z
465,1499,purchase,2026-03-12T21:18:38Z
465,1081,wishlist,2026-03-12T21:47:38Z
465,1121,view,2026-03-12T22:46:38Z
465,89,wishlist,2026-03-12T23:37:38Z
465,31,remove_cart,2026-03-13T00:14:38Z
465,1441,purchase,2026-03-13T00:18:38Z
465,989,purchase,2026-03-13T00:37:38Z
465,377,click,2026-03-13T00:43:38Z
465,961,view,2026-03-13T00:52:38Z
465,1332,purchase,2026-03-13T00:54:38Z
465,480,add_to_cart,2026-03-13T01:52:38Z
465,1175,wishlist,2026-03-13T02:33:38Z
465,200,wishlist,2026-03-13T03:18:38Z
465,1283,add_to_cart,2026-03-13T03:56:38Z
465,952,add_to_cart,2026-03-13T03:59:38Z
466,420,search,2026-04-01T16:25:38Z
466,762,view,2026-04-01T16:41:38Z
466,1134,click,2026-04-01T17:29:38Z
466,460,add_to_cart,2026-04-01T17:44:38Z
466,217,wishlist,2026-04-01T17:49:38Z
466,1284,click,2026-04-01T18:05:38Z
466,962,checkout,2026-04-01T18:54:38Z
466,1355,purchase,2026-04-01T19:29:38Z
466,323,checkout,2026-04-01T20:08:38Z
466,959,checkout,2026-04-01T20:44:38Z
466,1093,remove_cart,2026-04-01T21:13:38Z
466,802,add_to_cart,2026-04-01T21:29:38Z
466,1130,view,2026-04-01T22:10:38Z
466,267,search,2026-04-01T22:22:38Z
466,836,remove_cart,2026-04-01T23:14:38Z
466,624,wishlist,2026-04-01T23:21:38Z
466,533,search,2026-04-02T00:05:38Z
466,942,remove_cart,2026-04-02T00:27:38Z
466,49,search,2026-04-02T00:40:38Z
466,48,remove_cart,2026-04-02T00:50:38Z
466,133,remove_cart,2026-04-02T01:24:38Z
466,1385,search,2026-04-02T02:08:38Z
466,1160,search,2026-04-02T03:00:38Z
466,1036,click,2026-04-02T03:38:38Z
466,104,checkout,2026-04-02T03:48:38Z
466,1209,add_to_cart,2026-04-02T04:42:38Z
466,427,click,2026-04-02T04:47:38Z
466,10,view,2026-04-02T05:36:38Z
466,1325,search,2026-04-02T05:52:38Z
467,173,view,2026-02-04T16:41:38Z
467,1445,click,2026-02-04T17:19:38Z
467,238,add_to_cart,2026-02-04T17:55:38Z
467,155,checkout,2026-02-04T18:44:38Z
467,1297,purchase,2026-02-04T19:29:38Z
467,841,checkout,2026-02-04T20:07:38Z
467,400,purchase,2026-02-04T21:05:38Z
467,692,view,2026-02-04T21:46:38Z
467,573,view,2026-02-04T22:16:38Z
467,579,wishlist,2026-02-04T22:20:38Z
467,350,search,2026-02-04T22:36:38Z
467,1210,checkout,2026-02-04T22:43:38Z
467,1144,add_to_cart,2026-02-04T23:20:38Z
467,1447,view,2026-02-04T23:30:38Z
467,541,search,2026-02-05T00:12:38Z
467,839,click,2026-02-05T01:03:38Z
467,774,click,2026-02-05T01:47:38Z
467,837,purchase,2026-02-05T02:31:38Z
467,120,add_to_cart,2026-02-05T02:49:38Z
467,235,wishlist,2026-02-05T03:45:38Z
467,272,remove_cart,2026-02-05T04:00:38Z
467,213,purchase,2026-02-05T04:33:38Z
467,29,purchase,2026-02-05T05:05:38Z
467,1459,wishlist,2026-02-05T05:36:38Z
467,78,search,2026-02-05T05:41:38Z
467,842,purchase,2026-02-05T06:12:38Z
467,849,add_to_cart,2026-02-05T06:24:38Z
467,549,wishlist,2026-02-05T07:03:38Z
467,669,click,2026-02-05T07:49:38Z
467,1094,add_to_cart,2026-02-05T08:13:38Z
467,717,purchase,2026-02-05T08:47:38Z
467,884,click,2026-02-05T09:39:38Z
467,1010,purchase,2026-02-05T10:00:38Z
468,580,view,2026-04-10T16:49:38Z
468,570,click,2026-04-10T17:40:38Z
468,889,add_to_cart,2026-04-10T18:26:38Z
468,1025,checkout,2026-04-10T18:53:38Z
468,981,purchase,2026-04-10T19:11:38Z
468,390,click,2026-04-10T20:04:38Z
468,1270,add_to_cart,2026-04-10T20:48:38Z
468,206,view,2026-04-10T21:39:38Z
468,365,view,2026-04-10T22:36:38Z
468,1068,click,2026-04-10T22:58:38Z
468,248,wishlist,2026-04-10T23:42:38Z
468,753,click,2026-04-11T00:18:38Z
468,248,click,2026-04-11T01:17:38Z
468,585,view,2026-04-11T01:24:38Z
468,270,remove_cart,2026-04-11T01:27:38Z
468,760,purchase,2026-04-11T02:17:38Z
468,692,purchase,2026-04-11T03:14:38Z
468,334,remove_cart,2026-04-11T03:47:38Z
468,555,view,2026-04-11T03:54:38Z
468,233,view,2026-04-11T04:29:38Z
468,497,add_to_cart,2026-04-11T05:14:38Z
468,467,wishlist,2026-04-11T05:42:38Z
468,1015,click,2026-04-11T06:08:38Z
468,101,remove_cart,2026-04-11T06:34:38Z
468,195,add_to_cart,2026-04-11T07:03:38Z
468,1195,remove_cart,2026-04-11T07:39:38Z
468,1083,add_to_cart,2026-04-11T08:09:38Z
468,960,search,2026-04-11T09:05:38Z
468,1117,checkout,2026-04-11T09:11:38Z
468,1261,click,2026-04-11T10:06:38Z
468,1090,purchase,2026-04-11T11:01:38Z
468,1022,purchase,2026-04-11T11:21:38Z
468,94,checkout,2026-04-11T12:09:38Z
468,26,wishlist,2026-04-11T12:15:38Z
468,477,search,2026-04-11T12:46:38Z
468,1137,view,2026-04-11T13:27:38Z
468,1060,view,2026-04-11T13:39:38Z
468,442,add_to_cart,2026-04-11T13:46:38Z
468,162,click,2026-04-11T14:32:38Z
468,1047,search,2026-04-11T15:26:38Z
468,1289,add_to_cart,2026-04-11T15:46:38Z
468,617,click,2026-04-11T16:40:38Z
468,562,purchase,2026-04-11T16:42:38Z
468,782,search,2026-04-11T17:02:38Z
468,1284,checkout,2026-04-11T17:37:38Z
468,672,search,2026-04-11T17:47:38Z
468,616,remove_cart,2026-04-11T18:02:38Z
468,44,view,2026-04-11T18:51:38Z
468,925,click,2026-04-11T19:29:38Z
468,1475,remove_cart,2026-04-11T20:03:38Z
468,567,purchase,2026-04-11T20:19:38Z
468,126,wishlist,2026-04-11T20:20:38Z
468,1267,search,2026-04-11T20:27:38Z
469,1290,view,2026-04-08T16:35:38Z
469,440,click,2026-04-08T16:38:38Z
469,908,add_to_cart,2026-04-08T16:40:38Z
469,797,checkout,2026-04-08T17:30:38Z
469,800,purchase,2026-04-08T18:25:38Z
469,9,click,2026-04-08T18:56:38Z
469,218,remove_cart,2026-04-08T19:41:38Z
469,1482,remove_cart,2026-04-08T20:25:38Z
469,549,remove_cart,2026-04-08T21:01:38Z
469,1414,remove_cart,2026-04-08T21:21:38Z
469,1313,add_to_cart,2026-04-08T22:12:38Z
469,1228,view,2026-04-08T23:12:38Z
469,1088,checkout,2026-04-08T23:21:38Z
469,1072,search,2026-04-09T00:11:38Z
469,217,click,2026-04-09T00:44:38Z
469,806,remove_cart,2026-04-09T01:21:38Z
469,576,add_to_cart,2026-04-09T01:36:38Z
469,525,search,2026-04-09T02:34:38Z
469,758,view,2026-04-09T02:55:38Z
469,634,checkout,2026-04-09T03:05:38Z
469,945,checkout,2026-04-09T03:54:38Z
469,456,add_to_cart,2026-04-09T04:00:38Z
469,402,remove_cart,2026-04-09T04:55:38Z
469,53,remove_cart,2026-04-09T05:05:38Z
469,16,click,2026-04-09T05:32:38Z
469,1387,search,2026-04-09T06:10:38Z
469,978,search,2026-04-09T06:18:38Z
469,397,add_to_cart,2026-04-09T07:14:38Z
469,1279,click,2026-04-09T08:12:38Z
469,899,view,2026-04-09T08:17:38Z
469,800,view,2026-04-09T09:02:38Z
469,1080,remove_cart,2026-04-09T09:55:38Z
469,897,remove_cart,2026-04-09T10:11:38Z
469,1429,add_to_cart,2026-04-09T10:18:38Z
469,1137,wishlist,2026-04-09T11:09:38Z
469,709,purchase,2026-04-09T12:03:38Z
469,1474,search,2026-04-09T12:50:38Z
469,625,view,2026-04-09T13:42:38Z
469,750,checkout,2026-04-09T13:45:38Z
469,326,checkout,2026-04-09T13:51:38Z
469,796,remove_cart,2026-04-09T14:12:38Z
469,1420,wishlist,2026-04-09T14:37:38Z
469,1394,search,2026-04-09T14:44:38Z
470,860,view,2026-03-10T16:47:38Z
470,195,click,2026-03-10T17:17:38Z
470,939,add_to_cart,2026-03-10T17:39:38Z
470,230,remove_cart,2026-03-10T18:29:38Z
470,244,view,2026-03-10T18:35:38Z
470,1013,add_to_cart,2026-03-10T18:38:38Z
470,1070,view,2026-03-10T18:45:38Z
470,692,view,2026-03-10T19:30:38Z
470,753,purchase,2026-03-10T20:19:38Z
470,1293,remove_cart,2026-03-10T20:51:38Z
470,839,add_to_cart,2026-03-10T21:43:38Z
470,1478,add_to_cart,2026-03-10T22:07:38Z
470,707,wishlist,2026-03-10T22:16:38Z
470,161,checkout,2026-03-10T22:43:38Z
470,1457,wishlist,2026-03-10T22:45:38Z
470,712,purchase,2026-03-10T22:58:38Z
470,97,search,2026-03-10T23:33:38Z
470,1033,remove_cart,2026-03-10T23:38:38Z
470,1371,remove_cart,2026-03-11T00:22:38Z
470,21,purchase,2026-03-11T01:11:38Z
470,574,search,2026-03-11T01:25:38Z
470,1214,add_to_cart,2026-03-11T01:36:38Z
470,766,checkout,2026-03-11T02:11:38Z
470,254,purchase,2026-03-11T02:20:38Z
470,1459,view,2026-03-11T02:25:38Z
470,1194,purchase,2026-03-11T02:40:38Z
470,1158,purchase,2026-03-11T02:41:38Z
470,16,view,2026-03-11T02:59:38Z
470,1004,view,2026-03-11T03:15:38Z
470,1135,remove_cart,2026-03-11T03:38:38Z
470,1345,search,2026-03-11T04:32:38Z
470,623,view,2026-03-11T04:39:38Z
470,695,view,2026-03-11T05:36:38Z
470,1,remove_cart,2026-03-11T05:58:38Z
470,721,add_to_cart,2026-03-11T06:52:38Z
470,1001,checkout,2026-03-11T07:28:38Z
470,1225,view,2026-03-11T08:12:38Z
470,666,view,2026-03-11T08:52:38Z
470,1398,view,2026-03-11T09:02:38Z
470,1233,checkout,2026-03-11T09:50:38Z
470,801,view,2026-03-11T10:08:38Z
470,1239,purchase,2026-03-11T10:34:38Z
470,1219,click,2026-03-11T11:24:38Z
470,396,click,2026-03-11T11:58:38Z
470,547,remove_cart,2026-03-11T12:55:38Z
470,273,purchase,2026-03-11T13:20:38Z
470,850,remove_cart,2026-03-11T13:58:38Z
471,912,search,2026-02-26T16:47:38Z
471,973,view,2026-02-26T17:30:38Z
471,137,click,2026-02-26T18:27:38Z
471,1453,checkout,2026-02-26T19:26:38Z
471,380,checkout,2026-02-26T19:47:38Z
471,1395,remove_cart,2026-02-26T20:33:38Z
471,1379,search,2026-02-26T21:33:38Z
471,788,add_to_cart,2026-02-26T22:18:38Z
471,558,click,2026-02-26T22:41:38Z
471,1106,checkout,2026-02-26T23:41:38Z
471,1304,click,2026-02-27T00:24:38Z
471,1414,search,2026-02-27T00:31:38Z
471,672,add_to_cart,2026-02-27T00:48:38Z
471,911,add_to_cart,2026-02-27T01:39:38Z
471,741,checkout,2026-02-27T01:42:38Z
471,1093,view,2026-02-27T02:33:38Z
471,693,checkout,2026-02-27T02:55:38Z
471,881,view,2026-02-27T03:16:38Z
471,605,add_to_cart,2026-02-27T03:33:38Z
471,1478,click,2026-02-27T04:08:38Z
471,1058,remove_cart,2026-02-27T04:37:38Z
471,52,wishlist,2026-02-27T05:33:38Z
471,1176,click,2026-02-27T05:48:38Z
471,1182,click,2026-02-27T06:47:38Z
471,945,purchase,2026-02-27T07:21:38Z
472,1465,view,2026-02-22T17:16:38Z
472,612,wishlist,2026-02-22T17:22:38Z
472,345,view,2026-02-22T18:19:38Z
472,208,click,2026-02-22T18:21:38Z
472,567,add_to_cart,2026-02-22T18:37:38Z
472,1131,search,2026-02-22T18:51:38Z
472,1360,add_to_cart,2026-02-22T19:26:38Z
472,637,click,2026-02-22T20:26:38Z
472,800,view,2026-02-22T20:45:38Z
472,973,add_to_cart,2026-02-22T21:05:38Z
472,1491,remove_cart,2026-02-22T21:49:38Z
472,733,purchase,2026-02-22T22:40:38Z
472,379,checkout,2026-02-22T23:40:38Z
472,1359,purchase,2026-02-23T00:07:38Z
472,466,add_to_cart,2026-02-23T00:38:38Z
472,1028,purchase,2026-02-23T00:42:38Z
472,627,view,2026-02-23T00:58:38Z
472,608,wishlist,2026-02-23T01:48:38Z
472,1343,search,2026-02-23T02:14:38Z
472,510,search,2026-02-23T03:06:38Z
472,129,add_to_cart,2026-02-23T04:00:38Z
472,1217,view,2026-02-23T04:56:38Z
472,1232,wishlist,2026-02-23T05:15:38Z
473,998,view,2026-02-07T16:29:38Z
473,1471,click,2026-02-07T16:59:38Z
473,386,add_to_cart,2026-02-07T17:42:38Z
473,968,remove_cart,2026-02-07T17:46:38Z
473,7,view,2026-02-07T18:23:38Z
473,1477,click,2026-02-07T19:08:38Z
473,914,search,2026-02-07T19:34:38Z
473,954,remove_cart,2026-02-07T19:39:38Z
473,1177,view,2026-02-07T20:18:38Z
473,190,wishlist,2026-02-07T20:26:38Z
473,1464,view,2026-02-07T20:40:38Z
473,1494,wishlist,2026-02-07T21:06:38Z
473,989,add_to_cart,2026-02-07T21:27:38Z
473,142,remove_cart,2026-02-07T21:36:38Z
473,1282,view,2026-02-07T22:23:38Z
473,1079,view,2026-02-07T22:33:38Z
473,930,view,2026-02-07T22:56:38Z
473,48,wishlist,2026-02-07T23:20:38Z
473,113,view,2026-02-08T00:12:38Z
473,562,search,2026-02-08T00:32:38Z
473,874,click,2026-02-08T00:55:38Z
473,488,remove_cart,2026-02-08T01:39:38Z
473,767,view,2026-02-08T02:38:38Z
473,321,checkout,2026-02-08T03:36:38Z
473,889,checkout,2026-02-08T04:00:38Z
473,384,add_to_cart,2026-02-08T04:52:38Z
473,233,view,2026-02-08T05:03:38Z
473,1108,checkout,2026-02-08T05:24:38Z
473,1150,add_to_cart,2026-02-08T06:17:38Z
473,1435,purchase,2026-02-08T06:54:38Z
473,398,view,2026-02-08T07:15:38Z
473,241,checkout,2026-02-08T07:17:38Z
473,980,purchase,2026-02-08T07:59:38Z
473,60,remove_cart,2026-02-08T08:44:38Z
473,10,checkout,2026-02-08T08:56:38Z
473,1499,purchase,2026-02-08T09:06:38Z
473,1245,search,2026-02-08T09:40:38Z
473,289,purchase,2026-02-08T10:34:38Z
473,954,purchase,2026-02-08T11:16:38Z
473,749,checkout,2026-02-08T12:15:38Z
473,975,remove_cart,2026-02-08T12:47:38Z
473,770,search,2026-02-08T13:47:38Z
473,1117,remove_cart,2026-02-08T14:43:38Z
473,382,wishlist,2026-02-08T14:57:38Z
474,580,view,2026-04-05T16:55:38Z
474,858,wishlist,2026-04-05T17:05:38Z
474,1151,view,2026-04-05T17:47:38Z
474,1041,click,2026-04-05T18:26:38Z
474,1492,add_to_cart,2026-04-05T19:02:38Z
474,997,view,2026-04-05T19:59:38Z
474,976,checkout,2026-04-05T20:22:38Z
474,706,search,2026-04-05T20:50:38Z
474,900,wishlist,2026-04-05T21:34:38Z
474,613,wishlist,2026-04-05T22:00:38Z
474,1425,wishlist,2026-04-05T22:06:38Z
474,282,add_to_cart,2026-04-05T22:24:38Z
474,496,checkout,2026-04-05T23:01:38Z
474,1103,search,2026-04-05T23:26:38Z
474,1337,add_to_cart,2026-04-06T00:21:38Z
474,817,wishlist,2026-04-06T00:27:38Z
474,376,wishlist,2026-04-06T00:37:38Z
474,426,checkout,2026-04-06T01:34:38Z
474,178,wishlist,2026-04-06T01:41:38Z
474,1087,checkout,2026-04-06T02:12:38Z
474,532,remove_cart,2026-04-06T02:28:38Z
474,583,click,2026-04-06T02:46:38Z
474,994,checkout,2026-04-06T03:29:38Z
474,912,checkout,2026-04-06T03:49:38Z
474,404,remove_cart,2026-04-06T04:39:38Z
474,1477,checkout,2026-04-06T05:22:38Z
474,396,click,2026-04-06T05:24:38Z
474,1100,click,2026-04-06T05:58:38Z
474,367,checkout,2026-04-06T06:53:38Z
474,1165,checkout,2026-04-06T07:25:38Z
474,840,remove_cart,2026-04-06T07:29:38Z
474,1368,remove_cart,2026-04-06T07:58:38Z
474,358,search,2026-04-06T08:45:38Z
474,1406,view,2026-04-06T09:07:38Z
474,665,view,2026-04-06T09:50:38Z
474,607,checkout,2026-04-06T10:25:38Z
474,296,remove_cart,2026-04-06T10:37:38Z
475,537,view,2026-04-11T16:36:38Z
475,834,click,2026-04-11T17:26:38Z
475,190,add_to_cart,2026-04-11T17:48:38Z
475,1478,remove_cart,2026-04-11T18:23:38Z
475,652,view,2026-04-11T18:49:38Z
475,477,click,2026-04-11T19:12:38Z
475,131,click,2026-04-11T19:21:38Z
475,147,search,2026-04-11T20:19:38Z
475,1068,purchase,2026-04-11T21:05:38Z
475,1262,add_to_cart,2026-04-11T21:46:38Z
475,97,checkout,2026-04-11T22:26:38Z
475,1043,remove_cart,2026-04-11T23:09:38Z
475,222,remove_cart,2026-04-11T23:30:38Z
475,840,search,2026-04-11T23:58:38Z
475,210,view,2026-04-12T00:49:38Z
475,717,checkout,2026-04-12T00:50:38Z
475,850,purchase,2026-04-12T01:30:38Z
475,220,checkout,2026-04-12T01:33:38Z
475,1418,wishlist,2026-04-12T01:57:38Z
475,794,add_to_cart,2026-04-12T02:09:38Z
475,274,search,2026-04-12T02:14:38Z
475,767,search,2026-04-12T02:39:38Z
475,1410,wishlist,2026-04-12T02:49:38Z
475,996,wishlist,2026-04-12T03:35:38Z
475,401,checkout,2026-04-12T04:26:38Z
475,777,wishlist,2026-04-12T04:34:38Z
475,12,purchase,2026-04-12T04:43:38Z
475,949,add_to_cart,2026-04-12T04:54:38Z
475,439,click,2026-04-12T05:00:38Z
475,103,click,2026-04-12T05:33:38Z
475,169,view,2026-04-12T05:43:38Z
475,1063,search,2026-04-12T06:22:38Z
475,1475,view,2026-04-12T06:25:38Z
475,1405,search,2026-04-12T06:54:38Z
475,682,wishlist,2026-04-12T07:47:38Z
475,1402,wishlist,2026-04-12T08:16:38Z
475,595,checkout,2026-04-12T08:32:38Z
475,1148,purchase,2026-04-12T08:42:38Z
475,1242,add_to_cart,2026-04-12T08:57:38Z
475,261,click,2026-04-12T09:10:38Z
475,1300,click,2026-04-12T09:46:38Z
475,800,purchase,2026-04-12T10:13:38Z
475,1060,search,2026-04-12T10:53:38Z
475,1204,purchase,2026-04-12T11:16:38Z
475,557,view,2026-04-12T11:50:38Z
475,1057,remove_cart,2026-04-12T12:29:38Z
475,284,checkout,2026-04-12T12:43:38Z
475,647,checkout,2026-04-12T13:41:38Z
475,686,search,2026-04-12T14:30:38Z
475,972,remove_cart,2026-04-12T14:40:38Z
475,1327,click,2026-04-12T15:38:38Z
475,110,purchase,2026-04-12T16:08:38Z
475,613,add_to_cart,2026-04-12T16:25:38Z
475,1250,remove_cart,2026-04-12T17:20:38Z
475,1155,search,2026-04-12T17:43:38Z
475,126,view,2026-04-12T18:22:38Z
475,58,remove_cart,2026-04-12T18:48:38Z
475,1075,search,2026-04-12T19:18:38Z
475,854,purchase,2026-04-12T19:22:38Z
475,872,add_to_cart,2026-04-12T20:22:38Z
475,1476,search,2026-04-12T20:48:38Z
475,1090,wishlist,2026-04-12T21:21:38Z
475,549,checkout,2026-04-12T21:33:38Z
475,616,search,2026-04-12T22:22:38Z
475,497,remove_cart,2026-04-12T23:21:38Z
475,1491,click,2026-04-12T23:31:38Z
475,287,search,2026-04-13T00:22:38Z
475,354,view,2026-04-13T01:00:38Z
475,1200,checkout,2026-04-13T01:20:38Z
475,1162,purchase,2026-04-13T02:04:38Z
475,1057,view,2026-04-13T02:42:38Z
475,164,click,2026-04-13T03:26:38Z
476,152,view,2026-04-02T16:34:38Z
476,1344,click,2026-04-02T16:56:38Z
476,284,add_to_cart,2026-04-02T17:03:38Z
476,1403,checkout,2026-04-02T17:45:38Z
476,725,purchase,2026-04-02T18:18:38Z
476,785,click,2026-04-02T18:32:38Z
476,665,search,2026-04-02T18:35:38Z
476,222,search,2026-04-02T19:29:38Z
476,680,remove_cart,2026-04-02T20:12:38Z
476,1001,add_to_cart,2026-04-02T20:27:38Z
476,1101,view,2026-04-02T20:28:38Z
476,976,checkout,2026-04-02T21:00:38Z
476,1259,wishlist,2026-04-02T21:05:38Z
476,95,view,2026-04-02T21:54:38Z
476,325,purchase,2026-04-02T22:06:38Z
476,975,remove_cart,2026-04-02T22:08:38Z
476,951,purchase,2026-04-02T22:27:38Z
476,330,search,2026-04-02T22:43:38Z
476,526,remove_cart,2026-04-02T23:13:38Z
476,558,search,2026-04-02T23:41:38Z
476,127,purchase,2026-04-02T23:46:38Z
476,448,purchase,2026-04-02T23:55:38Z
476,1360,purchase,2026-04-03T00:30:38Z
476,528,wishlist,2026-04-03T01:22:38Z
476,1465,purchase,2026-04-03T01:51:38Z
476,986,remove_cart,2026-04-03T02:48:38Z
476,729,purchase,2026-04-03T02:52:38Z
476,357,wishlist,2026-04-03T03:27:38Z
476,866,click,2026-04-03T04:07:38Z
477,1255,view,2026-03-15T17:01:38Z
477,1118,wishlist,2026-03-15T17:28:38Z
477,284,view,2026-03-15T17:38:38Z
477,422,click,2026-03-15T17:56:38Z
477,279,add_to_cart,2026-03-15T18:02:38Z
477,729,click,2026-03-15T18:12:38Z
477,1028,wishlist,2026-03-15T18:45:38Z
477,1264,purchase,2026-03-15T19:33:38Z
477,422,add_to_cart,2026-03-15T20:18:38Z
477,1113,view,2026-03-15T20:49:38Z
477,228,click,2026-03-15T21:07:38Z
477,676,add_to_cart,2026-03-15T22:07:38Z
477,1358,checkout,2026-03-15T22:09:38Z
477,120,remove_cart,2026-03-15T22:38:38Z
477,1270,checkout,2026-03-15T23:10:38Z
477,615,add_to_cart,2026-03-16T00:04:38Z
477,1460,search,2026-03-16T01:02:38Z
477,961,wishlist,2026-03-16T01:22:38Z
477,1234,wishlist,2026-03-16T02:04:38Z
477,212,checkout,2026-03-16T02:09:38Z
477,226,purchase,2026-03-16T03:03:38Z
477,1421,wishlist,2026-03-16T03:55:38Z
477,1079,remove_cart,2026-03-16T04:47:38Z
477,240,checkout,2026-03-16T05:01:38Z
477,612,view,2026-03-16T05:10:38Z
477,606,add_to_cart,2026-03-16T05:35:38Z
477,1486,wishlist,2026-03-16T06:14:38Z
477,473,remove_cart,2026-03-16T07:11:38Z
477,1083,search,2026-03-16T07:39:38Z
477,1052,search,2026-03-16T08:03:38Z
477,204,purchase,2026-03-16T08:49:38Z
477,1173,view,2026-03-16T09:41:38Z
477,710,view,2026-03-16T09:54:38Z
477,1459,wishlist,2026-03-16T10:27:38Z
477,775,checkout,2026-03-16T10:36:38Z
477,384,purchase,2026-03-16T11:20:38Z
477,71,checkout,2026-03-16T11:43:38Z
477,1299,add_to_cart,2026-03-16T12:15:38Z
477,317,click,2026-03-16T12:54:38Z
477,378,remove_cart,2026-03-16T13:14:38Z
477,14,click,2026-03-16T14:02:38Z
477,1126,add_to_cart,2026-03-16T14:18:38Z
477,333,checkout,2026-03-16T15:11:38Z
477,511,view,2026-03-16T15:43:38Z
477,1463,remove_cart,2026-03-16T16:10:38Z
477,1011,search,2026-03-16T16:47:38Z
477,1329,view,2026-03-16T17:12:38Z
477,1455,wishlist,2026-03-16T17:50:38Z
477,1400,view,2026-03-16T18:37:38Z
477,829,click,2026-03-16T19:14:38Z
477,1356,search,2026-03-16T19:29:38Z
477,848,purchase,2026-03-16T19:52:38Z
477,1191,add_to_cart,2026-03-16T20:05:38Z
477,55,wishlist,2026-03-16T20:56:38Z
477,159,add_to_cart,2026-03-16T21:01:38Z
477,1042,click,2026-03-16T21:58:38Z
477,1406,checkout,2026-03-16T21:59:38Z
477,83,view,2026-03-16T22:00:38Z
477,262,add_to_cart,2026-03-16T22:12:38Z
477,483,view,2026-03-16T22:35:38Z
477,342,add_to_cart,2026-03-16T23:23:38Z
477,1202,view,2026-03-16T23:58:38Z
477,1472,purchase,2026-03-17T00:35:38Z
477,101,wishlist,2026-03-17T01:00:38Z
477,870,view,2026-03-17T01:19:38Z
477,916,remove_cart,2026-03-17T01:24:38Z
477,32,click,2026-03-17T02:18:38Z
477,963,click,2026-03-17T02:37:38Z
477,954,add_to_cart,2026-03-17T02:54:38Z
477,1158,wishlist,2026-03-17T03:52:38Z
477,250,click,2026-03-17T04:42:38Z
477,1163,checkout,2026-03-17T04:55:38Z
477,804,view,2026-03-17T05:46:38Z
477,120,remove_cart,2026-03-17T06:07:38Z
477,1088,remove_cart,2026-03-17T06:40:38Z
477,1469,wishlist,2026-03-17T07:10:38Z
478,404,search,2026-04-15T16:52:38Z
478,870,view,2026-04-15T17:00:38Z
478,489,click,2026-04-15T17:02:38Z
478,315,wishlist,2026-04-15T17:06:38Z
478,697,search,2026-04-15T18:04:38Z
478,409,view,2026-04-15T18:30:38Z
478,949,add_to_cart,2026-04-15T19:18:38Z
478,1415,view,2026-04-15T20:18:38Z
478,564,wishlist,2026-04-15T20:28:38Z
478,876,click,2026-04-15T21:11:38Z
478,1302,search,2026-04-15T22:01:38Z
478,614,wishlist,2026-04-15T22:29:38Z
478,852,remove_cart,2026-04-15T23:04:38Z
478,813,remove_cart,2026-04-15T23:34:38Z
478,1258,search,2026-04-16T00:01:38Z
478,340,click,2026-04-16T00:19:38Z
478,36,search,2026-04-16T00:20:38Z
478,28,view,2026-04-16T01:20:38Z
478,909,click,2026-04-16T01:34:38Z
478,917,search,2026-04-16T01:47:38Z
478,1499,search,2026-04-16T02:19:38Z
478,973,click,2026-04-16T02:21:38Z
478,366,purchase,2026-04-16T02:54:38Z
478,302,purchase,2026-04-16T03:06:38Z
478,1482,wishlist,2026-04-16T04:01:38Z
478,985,purchase,2026-04-16T04:16:38Z
478,337,remove_cart,2026-04-16T05:06:38Z
478,429,add_to_cart,2026-04-16T06:02:38Z
478,675,purchase,2026-04-16T06:20:38Z
478,702,view,2026-04-16T06:28:38Z
478,965,search,2026-04-16T06:36:38Z
478,756,checkout,2026-04-16T07:02:38Z
478,864,checkout,2026-04-16T07:37:38Z
478,87,remove_cart,2026-04-16T07:43:38Z
478,39,view,2026-04-16T07:46:38Z
478,177,wishlist,2026-04-16T08:25:38Z
478,781,click,2026-04-16T08:59:38Z
478,1499,add_to_cart,2026-04-16T09:41:38Z
478,1246,search,2026-04-16T10:13:38Z
478,441,purchase,2026-04-16T10:53:38Z
478,1041,purchase,2026-04-16T11:13:38Z
478,115,click,2026-04-16T11:32:38Z
478,1206,add_to_cart,2026-04-16T11:58:38Z
478,462,remove_cart,2026-04-16T12:57:38Z
478,1433,click,2026-04-16T13:18:38Z
478,719,wishlist,2026-04-16T13:59:38Z
478,39,view,2026-04-16T14:41:38Z
479,694,view,2026-02-17T16:54:38Z
479,673,wishlist,2026-02-17T17:24:38Z
479,1413,view,2026-02-17T17:31:38Z
479,225,click,2026-02-17T17:45:38Z
479,458,add_to_cart,2026-02-17T18:18:38Z
479,1006,add_to_cart,2026-02-17T18:31:38Z
479,1101,view,2026-02-17T19:14:38Z
479,525,search,2026-02-17T19:32:38Z
479,1308,remove_cart,2026-02-17T20:07:38Z
479,216,wishlist,2026-02-17T20:09:38Z
479,1110,purchase,2026-02-17T20:50:38Z
479,1038,click,2026-02-17T21:06:38Z
479,1386,wishlist,2026-02-17T21:52:38Z
479,224,search,2026-02-17T22:47:38Z
479,1262,search,2026-02-17T22:59:38Z
479,826,purchase,2026-02-17T23:10:38Z
479,929,search,2026-02-17T23:31:38Z
479,963,view,2026-02-17T23:36:38Z
479,469,checkout,2026-02-17T23:52:38Z
479,78,checkout,2026-02-18T00:35:38Z
479,865,click,2026-02-18T00:39:38Z
479,823,wishlist,2026-02-18T00:52:38Z
479,604,view,2026-02-18T01:15:38Z
479,377,checkout,2026-02-18T01:21:38Z
479,478,checkout,2026-02-18T01:58:38Z
479,78,click,2026-02-18T02:39:38Z
479,795,add_to_cart,2026-02-18T03:36:38Z
479,1328,add_to_cart,2026-02-18T04:18:38Z
479,643,checkout,2026-02-18T04:48:38Z
479,1490,remove_cart,2026-02-18T05:43:38Z
479,1424,view,2026-02-18T06:11:38Z
479,238,view,2026-02-18T06:31:38Z
479,796,remove_cart,2026-02-18T07:11:38Z
479,737,view,2026-02-18T07:51:38Z
479,206,remove_cart,2026-02-18T08:17:38Z
479,1139,click,2026-02-18T09:10:38Z
479,1183,add_to_cart,2026-02-18T09:46:38Z
479,179,add_to_cart,2026-02-18T10:42:38Z
479,642,view,2026-02-18T11:13:38Z
479,450,remove_cart,2026-02-18T11:33:38Z
479,487,wishlist,2026-02-18T12:09:38Z
479,1010,view,2026-02-18T12:47:38Z
479,406,wishlist,2026-02-18T13:02:38Z
479,232,remove_cart,2026-02-18T13:15:38Z
479,276,search,2026-02-18T13:53:38Z
479,194,remove_cart,2026-02-18T14:31:38Z
479,1351,remove_cart,2026-02-18T14:39:38Z
479,1325,checkout,2026-02-18T15:00:38Z
479,885,remove_cart,2026-02-18T15:35:38Z
479,650,purchase,2026-02-18T15:52:38Z
479,1212,search,2026-02-18T16:44:38Z
479,573,remove_cart,2026-02-18T17:44:38Z
480,59,search,2026-01-22T16:34:38Z
480,1163,view,2026-01-22T17:01:38Z
480,1175,click,2026-01-22T17:59:38Z
480,703,add_to_cart,2026-01-22T18:21:38Z
480,23,purchase,2026-01-22T18:25:38Z
480,717,purchase,2026-01-22T19:17:38Z
480,1440,view,2026-01-22T20:00:38Z
480,831,checkout,2026-01-22T20:24:38Z
480,594,purchase,2026-01-22T20:41:38Z
480,81,click,2026-01-22T21:28:38Z
480,477,wishlist,2026-01-22T22:22:38Z
480,1119,search,2026-01-22T22:58:38Z
480,175,purchase,2026-01-22T23:57:38Z
480,1485,add_to_cart,2026-01-23T00:26:38Z
480,928,add_to_cart,2026-01-23T01:26:38Z
480,430,checkout,2026-01-23T01:59:38Z
480,1018,search,2026-01-23T02:03:38Z
480,1028,purchase,2026-01-23T02:12:38Z
480,183,click,2026-01-23T02:48:38Z
480,971,remove_cart,2026-01-23T03:31:38Z
480,1006,click,2026-01-23T04:29:38Z
480,193,checkout,2026-01-23T05:12:38Z
480,463,click,2026-01-23T05:13:38Z
480,358,search,2026-01-23T05:16:38Z
480,1007,view,2026-01-23T06:15:38Z
480,136,purchase,2026-01-23T06:43:38Z
480,655,checkout,2026-01-23T07:03:38Z
480,536,checkout,2026-01-23T07:52:38Z
480,1284,click,2026-01-23T08:23:38Z
480,558,click,2026-01-23T08:56:38Z
480,128,view,2026-01-23T08:58:38Z
480,32,view,2026-01-23T09:47:38Z
480,490,click,2026-01-23T10:02:38Z
480,1408,view,2026-01-23T10:56:38Z
480,241,add_to_cart,2026-01-23T11:43:38Z
480,1122,search,2026-01-23T12:36:38Z
480,17,view,2026-01-23T12:53:38Z
480,1489,click,2026-01-23T12:59:38Z
480,1316,purchase,2026-01-23T13:53:38Z
480,728,add_to_cart,2026-01-23T14:00:38Z
480,308,click,2026-01-23T14:38:38Z
480,1008,checkout,2026-01-23T15:28:38Z
480,592,add_to_cart,2026-01-23T15:46:38Z
480,919,purchase,2026-01-23T16:28:38Z
480,661,remove_cart,2026-01-23T16:47:38Z
480,1061,remove_cart,2026-01-23T16:52:38Z
480,1149,search,2026-01-23T17:20:38Z
480,1410,click,2026-01-23T17:44:38Z
480,814,purchase,2026-01-23T17:58:38Z
480,908,wishlist,2026-01-23T18:38:38Z
480,92,search,2026-01-23T19:10:38Z
480,1056,click,2026-01-23T19:29:38Z
480,1409,checkout,2026-01-23T20:17:38Z
480,380,click,2026-01-23T20:56:38Z
480,1047,view,2026-01-23T21:52:38Z
480,1070,purchase,2026-01-23T22:07:38Z
480,770,add_to_cart,2026-01-23T23:01:38Z
480,249,wishlist,2026-01-23T23:29:38Z
480,1301,checkout,2026-01-24T00:04:38Z
480,145,remove_cart,2026-01-24T00:39:38Z
480,826,add_to_cart,2026-01-24T01:04:38Z
480,1264,remove_cart,2026-01-24T01:48:38Z
481,1176,view,2026-04-04T17:09:38Z
481,1161,click,2026-04-04T18:04:38Z
481,324,add_to_cart,2026-04-04T19:00:38Z
481,1469,remove_cart,2026-04-04T19:47:38Z
481,928,view,2026-04-04T20:17:38Z
481,1029,view,2026-04-04T21:01:38Z
481,772,remove_cart,2026-04-04T21:46:38Z
481,608,wishlist,2026-04-04T22:16:38Z
481,1223,remove_cart,2026-04-04T22:40:38Z
481,1360,checkout,2026-04-04T23:09:38Z
481,951,wishlist,2026-04-04T23:48:38Z
481,988,checkout,2026-04-05T00:16:38Z
481,1363,purchase,2026-04-05T01:01:38Z
481,947,view,2026-04-05T01:04:38Z
481,1500,wishlist,2026-04-05T01:07:38Z
481,273,remove_cart,2026-04-05T01:41:38Z
481,1498,purchase,2026-04-05T02:23:38Z
481,973,purchase,2026-04-05T03:13:38Z
481,459,purchase,2026-04-05T04:07:38Z
481,958,purchase,2026-04-05T04:25:38Z
481,192,search,2026-04-05T05:10:38Z
481,1022,add_to_cart,2026-04-05T05:38:38Z
481,692,remove_cart,2026-04-05T06:31:38Z
481,915,checkout,2026-04-05T06:35:38Z
481,1116,purchase,2026-04-05T07:17:38Z
481,825,wishlist,2026-04-05T07:34:38Z
481,737,view,2026-04-05T08:22:38Z
481,942,add_to_cart,2026-04-05T08:28:38Z
481,137,purchase,2026-04-05T08:37:38Z
481,7,purchase,2026-04-05T08:51:38Z
481,899,wishlist,2026-04-05T09:24:38Z
481,1288,add_to_cart,2026-04-05T10:16:38Z
481,1463,view,2026-04-05T10:27:38Z
481,1345,add_to_cart,2026-04-05T11:05:38Z
481,1024,wishlist,2026-04-05T11:27:38Z
481,447,remove_cart,2026-04-05T12:07:38Z
481,1071,view,2026-04-05T12:40:38Z
481,1401,purchase,2026-04-05T13:12:38Z
481,1226,view,2026-04-05T13:41:38Z
481,1424,click,2026-04-05T14:35:38Z
481,261,view,2026-04-05T15:02:38Z
481,1357,purchase,2026-04-05T15:46:38Z
481,578,click,2026-04-05T16:09:38Z
481,628,purchase,2026-04-05T16:59:38Z
481,162,search,2026-04-05T17:39:38Z
481,931,checkout,2026-04-05T17:59:38Z
481,1119,view,2026-04-05T18:40:38Z
481,814,search,2026-04-05T19:15:38Z
481,229,checkout,2026-04-05T19:23:38Z
481,325,checkout,2026-04-05T20:12:38Z
481,1083,search,2026-04-05T20:52:38Z
481,1200,wishlist,2026-04-05T21:46:38Z
481,525,remove_cart,2026-04-05T22:02:38Z
481,766,purchase,2026-04-05T22:30:38Z
481,514,view,2026-04-05T23:10:38Z
481,290,click,2026-04-05T23:37:38Z
481,366,remove_cart,2026-04-06T00:07:38Z
482,1147,view,2026-04-18T16:33:38Z
482,1009,click,2026-04-18T17:16:38Z
482,171,add_to_cart,2026-04-18T17:20:38Z
482,1461,remove_cart,2026-04-18T18:17:38Z
482,293,view,2026-04-18T18:33:38Z
482,816,click,2026-04-18T18:57:38Z
482,127,remove_cart,2026-04-18T19:26:38Z
482,1270,click,2026-04-18T20:10:38Z
482,953,click,2026-04-18T20:43:38Z
482,228,click,2026-04-18T21:13:38Z
482,684,view,2026-04-18T21:31:38Z
482,93,add_to_cart,2026-04-18T22:17:38Z
482,161,checkout,2026-04-18T23:09:38Z
482,354,view,2026-04-18T23:19:38Z
482,215,click,2026-04-18T23:35:38Z
482,642,remove_cart,2026-04-18T23:38:38Z
482,640,view,2026-04-18T23:51:38Z
482,1299,remove_cart,2026-04-18T23:58:38Z
482,488,click,2026-04-19T00:29:38Z
482,989,search,2026-04-19T00:35:38Z
482,181,search,2026-04-19T01:34:38Z
482,708,search,2026-04-19T02:01:38Z
482,672,wishlist,2026-04-19T02:21:38Z
482,376,click,2026-04-19T03:13:38Z
482,423,purchase,2026-04-19T04:09:38Z
482,1203,wishlist,2026-04-19T04:33:38Z
482,618,click,2026-04-19T05:00:38Z
482,1344,click,2026-04-19T05:23:38Z
482,397,remove_cart,2026-04-19T05:49:38Z
482,403,view,2026-04-19T06:34:38Z
482,477,remove_cart,2026-04-19T06:47:38Z
482,631,remove_cart,2026-04-19T07:33:38Z
482,40,remove_cart,2026-04-19T07:55:38Z
482,604,view,2026-04-19T08:24:38Z
482,667,search,2026-04-19T08:38:38Z
482,650,add_to_cart,2026-04-19T09:36:38Z
482,1161,view,2026-04-19T09:41:38Z
483,815,view,2026-02-26T16:37:38Z
483,945,wishlist,2026-02-26T16:54:38Z
483,805,view,2026-02-26T16:56:38Z
483,892,click,2026-02-26T17:38:38Z
483,875,add_to_cart,2026-02-26T18:18:38Z
483,1039,checkout,2026-02-26T18:50:38Z
483,426,click,2026-02-26T19:43:38Z
483,633,search,2026-02-26T19:48:38Z
483,562,wishlist,2026-02-26T19:58:38Z
483,888,search,2026-02-26T20:34:38Z
483,1196,search,2026-02-26T21:24:38Z
483,648,click,2026-02-26T22:08:38Z
483,51,purchase,2026-02-26T22:31:38Z
483,544,view,2026-02-26T23:14:38Z
483,156,purchase,2026-02-26T23:37:38Z
483,776,search,2026-02-26T23:40:38Z
483,315,purchase,2026-02-27T00:19:38Z
483,1499,search,2026-02-27T01:00:38Z
483,202,remove_cart,2026-02-27T01:24:38Z
483,934,purchase,2026-02-27T01:34:38Z
483,71,click,2026-02-27T01:38:38Z
483,1343,search,2026-02-27T02:18:38Z
483,355,click,2026-02-27T03:14:38Z
483,574,remove_cart,2026-02-27T04:04:38Z
483,544,purchase,2026-02-27T04:38:38Z
484,1250,view,2026-02-18T17:09:38Z
484,201,click,2026-02-18T17:45:38Z
484,325,add_to_cart,2026-02-18T18:22:38Z
484,36,checkout,2026-02-18T19:04:38Z
484,100,purchase,2026-02-18T19:28:38Z
484,433,click,2026-02-18T19:53:38Z
484,1385,purchase,2026-02-18T20:30:38Z
484,500,add_to_cart,2026-02-18T21:13:38Z
484,651,remove_cart,2026-02-18T21:22:38Z
484,1132,purchase,2026-02-18T21:31:38Z
484,1003,remove_cart,2026-02-18T21:55:38Z
484,1423,click,2026-02-18T22:03:38Z
484,601,add_to_cart,2026-02-18T22:49:38Z
484,1047,click,2026-02-18T22:58:38Z
484,55,purchase,2026-02-18T22:59:38Z
484,490,remove_cart,2026-02-18T23:11:38Z
484,434,click,2026-02-18T23:44:38Z
484,746,add_to_cart,2026-02-19T00:02:38Z
484,1012,click,2026-02-19T00:29:38Z
484,922,click,2026-02-19T01:01:38Z
484,1397,remove_cart,2026-02-19T01:09:38Z
484,1007,remove_cart,2026-02-19T01:10:38Z
484,968,click,2026-02-19T01:17:38Z
484,306,add_to_cart,2026-02-19T01:57:38Z
484,1441,purchase,2026-02-19T02:12:38Z
484,252,wishlist,2026-02-19T02:49:38Z
484,430,purchase,2026-02-19T03:36:38Z
484,169,wishlist,2026-02-19T03:50:38Z
484,722,wishlist,2026-02-19T04:06:38Z
484,1458,remove_cart,2026-02-19T04:17:38Z
484,282,checkout,2026-02-19T05:04:38Z
484,1430,search,2026-02-19T05:27:38Z
484,559,view,2026-02-19T06:17:38Z
484,520,view,2026-02-19T06:54:38Z
484,915,click,2026-02-19T07:12:38Z
484,879,checkout,2026-02-19T07:18:38Z
484,1365,add_to_cart,2026-02-19T07:53:38Z
484,1099,add_to_cart,2026-02-19T07:58:38Z
484,585,add_to_cart,2026-02-19T08:17:38Z
484,330,remove_cart,2026-02-19T08:53:38Z
484,399,click,2026-02-19T09:19:38Z
484,1225,remove_cart,2026-02-19T09:28:38Z
484,435,checkout,2026-02-19T09:29:38Z
484,1316,remove_cart,2026-02-19T10:24:38Z
484,1427,search,2026-02-19T11:06:38Z
484,473,checkout,2026-02-19T12:03:38Z
484,333,add_to_cart,2026-02-19T12:49:38Z
484,285,purchase,2026-02-19T13:47:38Z
484,326,add_to_cart,2026-02-19T14:04:38Z
484,928,remove_cart,2026-02-19T14:17:38Z
484,1050,purchase,2026-02-19T14:43:38Z
484,698,click,2026-02-19T14:54:38Z
484,602,search,2026-02-19T15:01:38Z
484,1068,wishlist,2026-02-19T15:10:38Z
484,1109,checkout,2026-02-19T16:03:38Z
484,712,search,2026-02-19T16:34:38Z
484,529,view,2026-02-19T16:52:38Z
484,1427,checkout,2026-02-19T17:11:38Z
484,869,click,2026-02-19T17:40:38Z
484,560,search,2026-02-19T17:54:38Z
484,8,search,2026-02-19T17:59:38Z
484,1201,wishlist,2026-02-19T18:29:38Z
484,1500,search,2026-02-19T19:12:38Z
484,1416,view,2026-02-19T19:37:38Z
484,717,wishlist,2026-02-19T19:49:38Z
484,1186,purchase,2026-02-19T20:01:38Z
484,263,purchase,2026-02-19T20:42:38Z
484,551,search,2026-02-19T21:02:38Z
485,1489,search,2026-02-10T16:40:38Z
485,244,view,2026-02-10T17:04:38Z
485,1203,click,2026-02-10T17:41:38Z
485,11,wishlist,2026-02-10T18:02:38Z
485,652,checkout,2026-02-10T18:33:38Z
485,280,search,2026-02-10T19:05:38Z
485,660,click,2026-02-10T19:53:38Z
485,877,checkout,2026-02-10T19:55:38Z
485,710,remove_cart,2026-02-10T20:07:38Z
485,1446,view,2026-02-10T20:14:38Z
485,384,remove_cart,2026-02-10T20:26:38Z
485,400,view,2026-02-10T20:46:38Z
485,256,checkout,2026-02-10T21:15:38Z
485,585,search,2026-02-10T21:55:38Z
485,578,checkout,2026-02-10T22:06:38Z
485,265,search,2026-02-10T22:44:38Z
485,714,remove_cart,2026-02-10T22:52:38Z
485,1063,add_to_cart,2026-02-10T23:52:38Z
485,661,purchase,2026-02-10T23:53:38Z
485,274,remove_cart,2026-02-11T00:29:38Z
485,1147,view,2026-02-11T01:25:38Z
485,360,view,2026-02-11T01:58:38Z
485,971,view,2026-02-11T02:45:38Z
485,1028,view,2026-02-11T03:24:38Z
485,74,add_to_cart,2026-02-11T03:35:38Z
485,363,add_to_cart,2026-02-11T03:58:38Z
485,1325,click,2026-02-11T03:59:38Z
485,296,search,2026-02-11T04:49:38Z
485,708,purchase,2026-02-11T05:30:38Z
485,1157,search,2026-02-11T06:02:38Z
485,102,click,2026-02-11T06:16:38Z
485,1190,add_to_cart,2026-02-11T06:48:38Z
485,1189,add_to_cart,2026-02-11T07:26:38Z
485,646,view,2026-02-11T07:37:38Z
485,32,click,2026-02-11T07:39:38Z
485,982,add_to_cart,2026-02-11T07:50:38Z
485,740,add_to_cart,2026-02-11T08:45:38Z
485,1169,checkout,2026-02-11T09:22:38Z
485,1255,purchase,2026-02-11T09:44:38Z
485,434,search,2026-02-11T10:44:38Z
485,70,add_to_cart,2026-02-11T11:12:38Z
485,350,purchase,2026-02-11T11:24:38Z
485,1129,search,2026-02-11T11:28:38Z
485,1329,view,2026-02-11T12:23:38Z
485,1315,checkout,2026-02-11T12:54:38Z
485,478,view,2026-02-11T12:55:38Z
485,1094,checkout,2026-02-11T13:45:38Z
485,217,click,2026-02-11T14:17:38Z
485,778,wishlist,2026-02-11T14:21:38Z
485,602,wishlist,2026-02-11T14:31:38Z
485,1037,remove_cart,2026-02-11T14:32:38Z
485,1180,wishlist,2026-02-11T15:25:38Z
485,103,add_to_cart,2026-02-11T16:09:38Z
485,734,wishlist,2026-02-11T16:17:38Z
485,383,click,2026-02-11T17:07:38Z
485,1045,add_to_cart,2026-02-11T17:49:38Z
485,785,remove_cart,2026-02-11T18:48:38Z
485,1173,view,2026-02-11T18:50:38Z
485,594,checkout,2026-02-11T19:35:38Z
485,225,search,2026-02-11T20:34:38Z
485,906,click,2026-02-11T21:24:38Z
485,1194,click,2026-02-11T21:48:38Z
486,606,search,2026-04-12T16:48:38Z
486,1026,view,2026-04-12T17:42:38Z
486,1001,click,2026-04-12T18:29:38Z
486,258,purchase,2026-04-12T19:00:38Z
486,1379,wishlist,2026-04-12T19:40:38Z
486,217,view,2026-04-12T20:29:38Z
486,1234,add_to_cart,2026-04-12T20:50:38Z
486,572,remove_cart,2026-04-12T21:23:38Z
486,470,purchase,2026-04-12T21:41:38Z
486,1404,add_to_cart,2026-04-12T22:18:38Z
486,1353,checkout,2026-04-12T22:53:38Z
486,1005,remove_cart,2026-04-12T23:34:38Z
486,640,click,2026-04-12T23:56:38Z
486,1500,add_to_cart,2026-04-13T00:48:38Z
486,1272,wishlist,2026-04-13T01:32:38Z
486,994,wishlist,2026-04-13T02:24:38Z
486,1191,click,2026-04-13T03:15:38Z
486,1376,search,2026-04-13T03:44:38Z
486,92,checkout,2026-04-13T03:48:38Z
486,1230,checkout,2026-04-13T03:54:38Z
486,1320,click,2026-04-13T04:42:38Z
486,751,view,2026-04-13T04:57:38Z
486,823,purchase,2026-04-13T05:12:38Z
486,716,purchase,2026-04-13T06:10:38Z
486,1282,add_to_cart,2026-04-13T06:18:38Z
486,414,checkout,2026-04-13T06:30:38Z
486,694,search,2026-04-13T06:31:38Z
486,657,click,2026-04-13T06:55:38Z
486,508,remove_cart,2026-04-13T07:22:38Z
486,1330,click,2026-04-13T08:05:38Z
486,454,search,2026-04-13T08:48:38Z
486,769,checkout,2026-04-13T08:52:38Z
486,703,click,2026-04-13T08:57:38Z
486,238,search,2026-04-13T09:07:38Z
486,1428,click,2026-04-13T10:02:38Z
486,526,wishlist,2026-04-13T10:42:38Z
486,303,click,2026-04-13T11:22:38Z
486,1376,remove_cart,2026-04-13T11:43:38Z
486,975,wishlist,2026-04-13T11:51:38Z
486,807,purchase,2026-04-13T12:06:38Z
486,626,remove_cart,2026-04-13T12:34:38Z
486,457,click,2026-04-13T12:52:38Z
486,923,click,2026-04-13T13:06:38Z
486,2,search,2026-04-13T13:08:38Z
486,1120,click,2026-04-13T13:45:38Z
486,240,view,2026-04-13T14:42:38Z
486,840,click,2026-04-13T14:43:38Z
486,338,purchase,2026-04-13T15:19:38Z
486,556,add_to_cart,2026-04-13T15:37:38Z
486,788,purchase,2026-04-13T15:48:38Z
486,544,wishlist,2026-04-13T16:38:38Z
486,1365,wishlist,2026-04-13T16:44:38Z
486,1187,click,2026-04-13T17:26:38Z
486,1340,checkout,2026-04-13T17:59:38Z
486,668,wishlist,2026-04-13T18:54:38Z
486,1225,click,2026-04-13T19:23:38Z
486,584,click,2026-04-13T19:46:38Z
486,1187,purchase,2026-04-13T20:12:38Z
486,1314,view,2026-04-13T21:10:38Z
486,752,purchase,2026-04-13T21:28:38Z
486,1218,search,2026-04-13T22:03:38Z
486,581,purchase,2026-04-13T22:05:38Z
486,1075,search,2026-04-13T22:09:38Z
486,143,view,2026-04-13T22:48:38Z
486,853,view,2026-04-13T22:49:38Z
486,1256,wishlist,2026-04-13T23:15:38Z
486,1098,click,2026-04-13T23:54:38Z
486,391,purchase,2026-04-14T00:07:38Z
486,964,click,2026-04-14T00:33:38Z
486,789,add_to_cart,2026-04-14T00:58:38Z
486,1434,search,2026-04-14T01:00:38Z
486,99,purchase,2026-04-14T01:46:38Z
486,6,checkout,2026-04-14T02:09:38Z
486,1177,wishlist,2026-04-14T02:46:38Z
486,882,view,2026-04-14T03:28:38Z
486,1057,search,2026-04-14T03:30:38Z
486,770,click,2026-04-14T03:34:38Z
487,215,view,2026-04-05T16:59:38Z
487,1278,click,2026-04-05T17:28:38Z
487,757,add_to_cart,2026-04-05T17:53:38Z
487,37,checkout,2026-04-05T18:00:38Z
487,668,purchase,2026-04-05T18:52:38Z
487,53,add_to_cart,2026-04-05T19:46:38Z
487,441,remove_cart,2026-04-05T20:08:38Z
487,1187,checkout,2026-04-05T20:27:38Z
487,1415,search,2026-04-05T20:50:38Z
487,1092,wishlist,2026-04-05T21:36:38Z
487,386,purchase,2026-04-05T22:15:38Z
487,747,click,2026-04-05T22:49:38Z
487,1469,remove_cart,2026-04-05T23:14:38Z
487,1157,wishlist,2026-04-05T23:31:38Z
487,947,purchase,2026-04-05T23:48:38Z
487,303,click,2026-04-06T00:39:38Z
487,1123,remove_cart,2026-04-06T01:13:38Z
487,961,click,2026-04-06T01:14:38Z
487,1285,remove_cart,2026-04-06T02:00:38Z
487,121,purchase,2026-04-06T02:12:38Z
487,951,click,2026-04-06T02:51:38Z
487,447,view,2026-04-06T03:32:38Z
487,1286,view,2026-04-06T04:04:38Z
487,868,click,2026-04-06T04:34:38Z
487,1472,add_to_cart,2026-04-06T04:50:38Z
487,687,add_to_cart,2026-04-06T05:11:38Z
487,1325,click,2026-04-06T05:17:38Z
487,901,click,2026-04-06T05:28:38Z
487,202,checkout,2026-04-06T05:55:38Z
487,196,wishlist,2026-04-06T06:50:38Z
487,1030,view,2026-04-06T07:19:38Z
487,260,search,2026-04-06T07:39:38Z
487,960,search,2026-04-06T08:04:38Z
487,1434,remove_cart,2026-04-06T08:55:38Z
487,521,view,2026-04-06T08:59:38Z
487,707,add_to_cart,2026-04-06T09:51:38Z
487,843,checkout,2026-04-06T10:48:38Z
487,190,wishlist,2026-04-06T11:20:38Z
487,526,add_to_cart,2026-04-06T11:42:38Z
487,717,search,2026-04-06T12:38:38Z
487,903,search,2026-04-06T13:30:38Z
487,1219,wishlist,2026-04-06T13:36:38Z
487,521,remove_cart,2026-04-06T13:41:38Z
487,137,view,2026-04-06T14:36:38Z
487,1419,search,2026-04-06T14:38:38Z
487,622,view,2026-04-06T15:00:38Z
487,1171,search,2026-04-06T15:20:38Z
487,1330,remove_cart,2026-04-06T15:31:38Z
488,225,search,2026-03-03T17:16:38Z
488,716,view,2026-03-03T17:43:38Z
488,1130,click,2026-03-03T17:59:38Z
488,445,checkout,2026-03-03T18:52:38Z
488,827,view,2026-03-03T19:22:38Z
488,824,remove_cart,2026-03-03T20:10:38Z
488,1437,checkout,2026-03-03T20:33:38Z
488,526,add_to_cart,2026-03-03T21:28:38Z
488,29,search,2026-03-03T21:40:38Z
488,657,purchase,2026-03-03T21:47:38Z
488,1216,checkout,2026-03-03T22:25:38Z
488,829,checkout,2026-03-03T22:26:38Z
488,1142,wishlist,2026-03-03T23:17:38Z
488,269,click,2026-03-03T23:24:38Z
488,120,search,2026-03-03T23:48:38Z
488,1128,checkout,2026-03-04T00:17:38Z
488,459,purchase,2026-03-04T00:45:38Z
488,1384,wishlist,2026-03-04T00:48:38Z
488,1048,remove_cart,2026-03-04T01:36:38Z
488,211,view,2026-03-04T02:32:38Z
488,942,add_to_cart,2026-03-04T02:42:38Z
488,857,click,2026-03-04T03:31:38Z
488,423,remove_cart,2026-03-04T03:42:38Z
488,370,purchase,2026-03-04T04:05:38Z
488,174,remove_cart,2026-03-04T04:06:38Z
488,917,checkout,2026-03-04T04:47:38Z
488,854,add_to_cart,2026-03-04T05:42:38Z
488,1035,wishlist,2026-03-04T06:04:38Z
488,418,click,2026-03-04T06:58:38Z
488,891,add_to_cart,2026-03-04T07:49:38Z
488,688,click,2026-03-04T08:02:38Z
488,927,search,2026-03-04T08:11:38Z
488,1376,view,2026-03-04T08:17:38Z
488,415,add_to_cart,2026-03-04T08:31:38Z
488,1286,add_to_cart,2026-03-04T09:13:38Z
488,341,view,2026-03-04T09:17:38Z
488,1401,wishlist,2026-03-04T10:13:38Z
488,565,purchase,2026-03-04T10:16:38Z
488,633,remove_cart,2026-03-04T10:47:38Z
488,929,view,2026-03-04T11:37:38Z
488,1472,click,2026-03-04T12:12:38Z
488,477,wishlist,2026-03-04T12:27:38Z
488,159,click,2026-03-04T13:16:38Z
488,605,wishlist,2026-03-04T13:42:38Z
488,850,purchase,2026-03-04T14:03:38Z
488,1138,add_to_cart,2026-03-04T14:57:38Z
488,396,checkout,2026-03-04T15:19:38Z
488,1043,click,2026-03-04T16:09:38Z
488,485,search,2026-03-04T16:44:38Z
488,590,purchase,2026-03-04T17:09:38Z
488,706,add_to_cart,2026-03-04T17:17:38Z
488,1442,add_to_cart,2026-03-04T18:10:38Z
488,746,remove_cart,2026-03-04T18:27:38Z
488,130,checkout,2026-03-04T19:16:38Z
488,398,remove_cart,2026-03-04T19:41:38Z
488,97,purchase,2026-03-04T20:27:38Z
488,330,purchase,2026-03-04T20:36:38Z
488,1131,click,2026-03-04T21:04:38Z
488,7,view,2026-03-04T21:34:38Z
488,320,click,2026-03-04T22:07:38Z
488,1436,click,2026-03-04T23:01:38Z
488,1003,wishlist,2026-03-04T23:23:38Z
488,1379,search,2026-03-05T00:15:38Z
488,275,click,2026-03-05T01:13:38Z
488,366,wishlist,2026-03-05T01:20:38Z
488,1119,click,2026-03-05T01:55:38Z
488,1419,purchase,2026-03-05T02:52:38Z
489,1335,view,2026-03-13T17:17:38Z
489,961,click,2026-03-13T17:22:38Z
489,1461,add_to_cart,2026-03-13T17:59:38Z
489,1215,checkout,2026-03-13T18:04:38Z
489,623,purchase,2026-03-13T19:02:38Z
489,1453,search,2026-03-13T19:47:38Z
489,749,wishlist,2026-03-13T20:28:38Z
489,895,checkout,2026-03-13T21:26:38Z
489,1192,remove_cart,2026-03-13T22:26:38Z
489,705,remove_cart,2026-03-13T22:36:38Z
489,925,purchase,2026-03-13T23:03:38Z
489,995,click,2026-03-13T23:10:38Z
489,280,click,2026-03-13T23:58:38Z
489,625,view,2026-03-14T00:13:38Z
489,983,wishlist,2026-03-14T00:58:38Z
489,1295,search,2026-03-14T01:06:38Z
489,780,checkout,2026-03-14T01:28:38Z
489,1268,wishlist,2026-03-14T02:24:38Z
489,12,add_to_cart,2026-03-14T02:38:38Z
489,268,view,2026-03-14T03:38:38Z
489,366,add_to_cart,2026-03-14T03:57:38Z
489,922,add_to_cart,2026-03-14T04:12:38Z
489,789,click,2026-03-14T04:38:38Z
489,445,search,2026-03-14T04:53:38Z
489,1421,purchase,2026-03-14T05:41:38Z
489,174,wishlist,2026-03-14T06:40:38Z
489,328,checkout,2026-03-14T07:21:38Z
489,141,click,2026-03-14T07:26:38Z
489,1257,wishlist,2026-03-14T07:35:38Z
489,18,add_to_cart,2026-03-14T08:04:38Z
489,114,purchase,2026-03-14T08:51:38Z
489,965,remove_cart,2026-03-14T09:43:38Z
490,98,view,2026-01-29T16:31:38Z
490,1463,wishlist,2026-01-29T17:12:38Z
490,239,view,2026-01-29T17:57:38Z
490,192,click,2026-01-29T18:44:38Z
490,1421,add_to_cart,2026-01-29T19:16:38Z
490,83,purchase,2026-01-29T19:21:38Z
490,1255,click,2026-01-29T19:24:38Z
490,1395,click,2026-01-29T19:26:38Z
490,74,search,2026-01-29T19:52:38Z
490,680,view,2026-01-29T20:45:38Z
490,96,add_to_cart,2026-01-29T21:27:38Z
490,698,search,2026-01-29T22:05:38Z
490,856,remove_cart,2026-01-29T23:03:38Z
490,710,remove_cart,2026-01-29T23:49:38Z
490,411,click,2026-01-29T23:51:38Z
490,968,wishlist,2026-01-30T00:05:38Z
490,941,add_to_cart,2026-01-30T00:14:38Z
490,1175,purchase,2026-01-30T01:07:38Z
490,1230,add_to_cart,2026-01-30T01:55:38Z
490,698,view,2026-01-30T02:06:38Z
490,630,purchase,2026-01-30T02:18:38Z
490,1114,search,2026-01-30T02:52:38Z
490,839,view,2026-01-30T03:24:38Z
490,948,remove_cart,2026-01-30T03:47:38Z
490,817,checkout,2026-01-30T04:38:38Z
490,437,wishlist,2026-01-30T04:58:38Z
490,337,wishlist,2026-01-30T05:37:38Z
490,868,click,2026-01-30T05:54:38Z
490,150,purchase,2026-01-30T06:43:38Z
490,1344,add_to_cart,2026-01-30T07:39:38Z
490,1401,search,2026-01-30T08:01:38Z
490,929,purchase,2026-01-30T08:18:38Z
490,1441,search,2026-01-30T08:56:38Z
490,832,click,2026-01-30T09:01:38Z
490,1044,view,2026-01-30T09:48:38Z
490,954,search,2026-01-30T10:32:38Z
490,324,click,2026-01-30T11:08:38Z
490,438,add_to_cart,2026-01-30T11:19:38Z
490,556,search,2026-01-30T12:03:38Z
490,930,search,2026-01-30T12:21:38Z
490,623,search,2026-01-30T12:56:38Z
490,1362,wishlist,2026-01-30T13:47:38Z
490,1269,remove_cart,2026-01-30T14:37:38Z
490,673,search,2026-01-30T14:57:38Z
490,538,click,2026-01-30T15:42:38Z
490,1289,add_to_cart,2026-01-30T15:50:38Z
490,288,wishlist,2026-01-30T16:20:38Z
491,272,view,2026-02-03T16:39:38Z
491,1471,click,2026-02-03T17:04:38Z
491,983,add_to_cart,2026-02-03T17:08:38Z
491,450,checkout,2026-02-03T17:13:38Z
491,1187,purchase,2026-02-03T17:26:38Z
491,480,click,2026-02-03T17:44:38Z
491,826,add_to_cart,2026-02-03T18:13:38Z
491,813,search,2026-02-03T18:56:38Z
491,271,click,2026-02-03T19:46:38Z
491,1232,purchase,2026-02-03T20:33:38Z
491,541,wishlist,2026-02-03T20:54:38Z
491,1306,wishlist,2026-02-03T21:42:38Z
491,687,add_to_cart,2026-02-03T22:40:38Z
491,426,click,2026-02-03T23:34:38Z
491,22,checkout,2026-02-03T23:46:38Z
491,960,remove_cart,2026-02-04T00:37:38Z
491,1367,checkout,2026-02-04T01:18:38Z
491,1271,purchase,2026-02-04T01:22:38Z
491,55,checkout,2026-02-04T01:58:38Z
491,1253,purchase,2026-02-04T02:53:38Z
491,820,purchase,2026-02-04T03:10:38Z
491,105,remove_cart,2026-02-04T03:21:38Z
491,435,checkout,2026-02-04T03:43:38Z
491,1228,click,2026-02-04T04:36:38Z
491,1351,click,2026-02-04T05:25:38Z
491,324,purchase,2026-02-04T06:01:38Z
491,1478,click,2026-02-04T06:34:38Z
491,1482,purchase,2026-02-04T07:31:38Z
491,907,wishlist,2026-02-04T07:32:38Z
491,1025,purchase,2026-02-04T08:12:38Z
491,1308,search,2026-02-04T08:47:38Z
491,23,wishlist,2026-02-04T09:09:38Z
491,802,wishlist,2026-02-04T09:12:38Z
491,193,click,2026-02-04T09:35:38Z
491,849,click,2026-02-04T09:52:38Z
491,1029,add_to_cart,2026-02-04T10:22:38Z
491,1300,wishlist,2026-02-04T10:48:38Z
491,147,remove_cart,2026-02-04T10:59:38Z
491,1447,checkout,2026-02-04T11:59:38Z
491,332,remove_cart,2026-02-04T12:59:38Z
491,1466,checkout,2026-02-04T13:56:38Z
491,472,add_to_cart,2026-02-04T14:16:38Z
491,625,click,2026-02-04T15:14:38Z
491,743,search,2026-02-04T16:10:38Z
491,719,remove_cart,2026-02-04T17:06:38Z
491,550,click,2026-02-04T17:52:38Z
491,417,checkout,2026-02-04T18:14:38Z
491,607,view,2026-02-04T18:19:38Z
491,436,search,2026-02-04T18:44:38Z
491,536,purchase,2026-02-04T19:19:38Z
491,582,wishlist,2026-02-04T19:40:38Z
491,7,wishlist,2026-02-04T20:32:38Z
491,1343,click,2026-02-04T20:41:38Z
491,151,add_to_cart,2026-02-04T20:50:38Z
491,206,search,2026-02-04T21:26:38Z
491,263,purchase,2026-02-04T21:32:38Z
491,1243,view,2026-02-04T21:55:38Z
491,1134,purchase,2026-02-04T21:59:38Z
491,1159,purchase,2026-02-04T22:01:38Z
492,1459,search,2026-03-31T16:32:38Z
492,338,view,2026-03-31T16:35:38Z
492,633,click,2026-03-31T17:21:38Z
492,1024,click,2026-03-31T18:13:38Z
492,1213,remove_cart,2026-03-31T18:40:38Z
492,1393,checkout,2026-03-31T18:43:38Z
492,1087,remove_cart,2026-03-31T19:39:38Z
492,1122,purchase,2026-03-31T20:24:38Z
492,338,add_to_cart,2026-03-31T21:00:38Z
492,838,remove_cart,2026-03-31T21:46:38Z
492,124,checkout,2026-03-31T22:05:38Z
492,15,view,2026-03-31T22:48:38Z
492,454,checkout,2026-03-31T23:20:38Z
492,602,wishlist,2026-04-01T00:05:38Z
492,749,remove_cart,2026-04-01T00:17:38Z
492,38,wishlist,2026-04-01T00:55:38Z
492,186,click,2026-04-01T01:05:38Z
492,681,purchase,2026-04-01T01:29:38Z
492,243,purchase,2026-04-01T01:33:38Z
492,455,add_to_cart,2026-04-01T01:55:38Z
492,407,search,2026-04-01T02:39:38Z
492,530,remove_cart,2026-04-01T03:26:38Z
492,1191,remove_cart,2026-04-01T03:54:38Z
492,127,purchase,2026-04-01T04:24:38Z
492,1300,remove_cart,2026-04-01T04:55:38Z
492,891,wishlist,2026-04-01T05:54:38Z
492,47,search,2026-04-01T06:13:38Z
492,177,purchase,2026-04-01T06:54:38Z
492,360,search,2026-04-01T07:27:38Z
492,152,add_to_cart,2026-04-01T07:35:38Z
492,677,search,2026-04-01T08:34:38Z
492,39,checkout,2026-04-01T08:46:38Z
492,656,wishlist,2026-04-01T09:10:38Z
492,207,purchase,2026-04-01T09:21:38Z
492,1329,remove_cart,2026-04-01T10:13:38Z
492,721,wishlist,2026-04-01T11:10:38Z
492,316,wishlist,2026-04-01T11:11:38Z
492,1221,remove_cart,2026-04-01T12:04:38Z
492,753,search,2026-04-01T12:56:38Z
492,1071,view,2026-04-01T13:19:38Z
492,803,purchase,2026-04-01T14:06:38Z
492,326,view,2026-04-01T14:36:38Z
492,1030,add_to_cart,2026-04-01T15:12:38Z
492,1185,search,2026-04-01T16:03:38Z
492,307,purchase,2026-04-01T16:41:38Z
492,795,remove_cart,2026-04-01T17:38:38Z
492,64,view,2026-04-01T17:45:38Z
492,1390,remove_cart,2026-04-01T18:26:38Z
492,1483,wishlist,2026-04-01T19:16:38Z
492,706,add_to_cart,2026-04-01T19:50:38Z
492,401,search,2026-04-01T20:10:38Z
492,358,view,2026-04-01T20:31:38Z
492,871,purchase,2026-04-01T21:19:38Z
492,196,click,2026-04-01T21:36:38Z
492,479,remove_cart,2026-04-01T22:30:38Z
492,944,checkout,2026-04-01T22:32:38Z
492,534,add_to_cart,2026-04-01T23:04:38Z
492,60,add_to_cart,2026-04-02T00:02:38Z
492,1350,view,2026-04-02T00:58:38Z
492,376,wishlist,2026-04-02T01:02:38Z
492,10,search,2026-04-02T01:54:38Z
492,1257,checkout,2026-04-02T02:31:38Z
492,907,purchase,2026-04-02T03:10:38Z
492,1149,checkout,2026-04-02T03:57:38Z
493,538,view,2026-04-09T17:22:38Z
493,757,click,2026-04-09T17:55:38Z
493,206,add_to_cart,2026-04-09T18:33:38Z
493,1224,checkout,2026-04-09T18:56:38Z
493,735,purchase,2026-04-09T18:58:38Z
493,607,search,2026-04-09T19:09:38Z
493,579,checkout,2026-04-09T19:43:38Z
493,215,view,2026-04-09T20:03:38Z
493,214,search,2026-04-09T20:35:38Z
493,1393,search,2026-04-09T20:36:38Z
493,1181,checkout,2026-04-09T21:08:38Z
493,159,wishlist,2026-04-09T22:03:38Z
493,821,wishlist,2026-04-09T22:48:38Z
493,1212,add_to_cart,2026-04-09T22:57:38Z
493,1323,click,2026-04-09T23:57:38Z
493,1295,purchase,2026-04-10T00:27:38Z
493,130,view,2026-04-10T01:08:38Z
493,1073,remove_cart,2026-04-10T01:44:38Z
493,29,search,2026-04-10T02:28:38Z
493,979,search,2026-04-10T03:13:38Z
493,483,remove_cart,2026-04-10T03:58:38Z
493,1277,purchase,2026-04-10T03:59:38Z
493,1314,search,2026-04-10T04:30:38Z
493,210,click,2026-04-10T04:50:38Z
493,1181,wishlist,2026-04-10T05:32:38Z
493,1027,add_to_cart,2026-04-10T06:22:38Z
493,957,search,2026-04-10T06:31:38Z
493,936,remove_cart,2026-04-10T07:03:38Z
493,888,search,2026-04-10T07:10:38Z
493,911,wishlist,2026-04-10T07:26:38Z
493,836,search,2026-04-10T08:25:38Z
493,903,remove_cart,2026-04-10T09:14:38Z
493,859,wishlist,2026-04-10T10:07:38Z
493,908,purchase,2026-04-10T10:51:38Z
493,608,click,2026-04-10T11:16:38Z
493,140,purchase,2026-04-10T11:42:38Z
493,830,click,2026-04-10T11:49:38Z
493,761,wishlist,2026-04-10T12:27:38Z
493,146,add_to_cart,2026-04-10T12:47:38Z
493,882,checkout,2026-04-10T12:55:38Z
493,1005,checkout,2026-04-10T13:15:38Z
493,834,add_to_cart,2026-04-10T13:36:38Z
493,1500,purchase,2026-04-10T13:54:38Z
493,665,purchase,2026-04-10T14:06:38Z
493,252,click,2026-04-10T14:07:38Z
493,340,click,2026-04-10T14:09:38Z
493,241,purchase,2026-04-10T14:54:38Z
493,1366,search,2026-04-10T15:31:38Z
493,157,click,2026-04-10T15:49:38Z
493,184,view,2026-04-10T15:55:38Z
493,168,add_to_cart,2026-04-10T15:58:38Z
493,626,checkout,2026-04-10T16:50:38Z
494,1407,view,2026-03-17T16:43:38Z
494,1165,click,2026-03-17T17:14:38Z
494,198,add_to_cart,2026-03-17T17:42:38Z
494,562,checkout,2026-03-17T18:20:38Z
494,266,purchase,2026-03-17T19:17:38Z
494,1026,purchase,2026-03-17T20:07:38Z
494,139,view,2026-03-17T20:19:38Z
494,660,add_to_cart,2026-03-17T20:36:38Z
494,979,add_to_cart,2026-03-17T20:53:38Z
494,52,view,2026-03-17T21:26:38Z
494,1198,checkout,2026-03-17T21:29:38Z
494,1060,add_to_cart,2026-03-17T21:59:38Z
494,552,wishlist,2026-03-17T22:28:38Z
494,1422,purchase,2026-03-17T22:55:38Z
494,676,search,2026-03-17T23:06:38Z
494,1387,search,2026-03-17T23:18:38Z
494,946,search,2026-03-18T00:02:38Z
494,791,view,2026-03-18T00:14:38Z
494,653,click,2026-03-18T00:55:38Z
494,831,search,2026-03-18T01:21:38Z
494,1282,remove_cart,2026-03-18T02:00:38Z
494,4,add_to_cart,2026-03-18T02:59:38Z
494,1432,checkout,2026-03-18T03:49:38Z
494,941,add_to_cart,2026-03-18T04:26:38Z
494,483,add_to_cart,2026-03-18T04:35:38Z
494,1072,click,2026-03-18T05:22:38Z
494,1042,checkout,2026-03-18T05:24:38Z
494,494,remove_cart,2026-03-18T06:09:38Z
494,620,purchase,2026-03-18T07:02:38Z
494,473,search,2026-03-18T07:25:38Z
494,96,checkout,2026-03-18T07:49:38Z
494,1340,add_to_cart,2026-03-18T08:26:38Z
494,412,view,2026-03-18T09:11:38Z
494,1435,wishlist,2026-03-18T09:36:38Z
494,1141,view,2026-03-18T09:45:38Z
494,4,search,2026-03-18T10:03:38Z
494,1060,add_to_cart,2026-03-18T10:32:38Z
494,1418,purchase,2026-03-18T10:59:38Z
494,776,add_to_cart,2026-03-18T11:42:38Z
494,607,search,2026-03-18T12:22:38Z
494,1390,click,2026-03-18T13:06:38Z
494,938,search,2026-03-18T13:58:38Z
494,587,view,2026-03-18T14:15:38Z
494,168,checkout,2026-03-18T14:36:38Z
494,1005,wishlist,2026-03-18T14:52:38Z
494,1307,add_to_cart,2026-03-18T15:18:38Z
494,884,view,2026-03-18T16:12:38Z
494,1106,view,2026-03-18T17:10:38Z
494,1400,add_to_cart,2026-03-18T17:26:38Z
495,34,view,2026-04-01T17:06:38Z
495,1397,click,2026-04-01T17:07:38Z
495,353,add_to_cart,2026-04-01T17:48:38Z
495,968,checkout,2026-04-01T18:27:38Z
495,18,purchase,2026-04-01T19:02:38Z
495,987,remove_cart,2026-04-01T19:43:38Z
495,550,add_to_cart,2026-04-01T20:24:38Z
495,1294,remove_cart,2026-04-01T20:45:38Z
495,10,wishlist,2026-04-01T20:58:38Z
495,371,add_to_cart,2026-04-01T21:08:38Z
495,262,add_to_cart,2026-04-01T21:16:38Z
495,1277,click,2026-04-01T21:42:38Z
495,656,view,2026-04-01T21:56:38Z
495,358,purchase,2026-04-01T22:46:38Z
495,341,add_to_cart,2026-04-01T23:01:38Z
495,462,checkout,2026-04-01T23:11:38Z
495,284,search,2026-04-01T23:28:38Z
495,803,search,2026-04-01T23:33:38Z
495,439,view,2026-04-02T00:07:38Z
495,1113,click,2026-04-02T00:24:38Z
495,1371,search,2026-04-02T00:59:38Z
495,337,add_to_cart,2026-04-02T01:42:38Z
495,393,purchase,2026-04-02T02:26:38Z
495,1029,add_to_cart,2026-04-02T02:38:38Z
495,810,search,2026-04-02T03:06:38Z
495,1196,click,2026-04-02T03:45:38Z
495,93,checkout,2026-04-02T03:51:38Z
495,1043,click,2026-04-02T04:41:38Z
495,301,remove_cart,2026-04-02T04:54:38Z
495,1318,click,2026-04-02T05:10:38Z
495,1419,purchase,2026-04-02T05:39:38Z
495,1395,wishlist,2026-04-02T06:25:38Z
495,533,add_to_cart,2026-04-02T06:31:38Z
495,732,wishlist,2026-04-02T07:14:38Z
495,915,search,2026-04-02T07:31:38Z
495,980,add_to_cart,2026-04-02T07:41:38Z
495,106,view,2026-04-02T08:27:38Z
495,1251,search,2026-04-02T09:01:38Z
495,540,checkout,2026-04-02T09:53:38Z
495,359,search,2026-04-02T10:04:38Z
495,1399,wishlist,2026-04-02T10:44:38Z
495,66,checkout,2026-04-02T10:57:38Z
495,519,purchase,2026-04-02T11:29:38Z
495,107,wishlist,2026-04-02T12:11:38Z
495,897,purchase,2026-04-02T13:02:38Z
495,456,search,2026-04-02T13:57:38Z
495,104,add_to_cart,2026-04-02T14:44:38Z
495,1350,view,2026-04-02T15:10:38Z
495,1328,view,2026-04-02T16:04:38Z
495,1309,purchase,2026-04-02T16:05:38Z
495,499,checkout,2026-04-02T16:37:38Z
495,1361,remove_cart,2026-04-02T17:25:38Z
495,745,remove_cart,2026-04-02T17:56:38Z
496,997,view,2026-03-05T17:20:38Z
496,1490,click,2026-03-05T17:26:38Z
496,650,add_to_cart,2026-03-05T18:13:38Z
496,480,remove_cart,2026-03-05T18:43:38Z
496,477,view,2026-03-05T18:58:38Z
496,1028,wishlist,2026-03-05T19:13:38Z
496,1208,purchase,2026-03-05T19:45:38Z
496,506,view,2026-03-05T19:57:38Z
496,1383,search,2026-03-05T20:48:38Z
496,895,view,2026-03-05T21:09:38Z
496,940,search,2026-03-05T21:53:38Z
496,215,remove_cart,2026-03-05T22:42:38Z
496,1075,add_to_cart,2026-03-05T23:12:38Z
496,1386,click,2026-03-05T23:22:38Z
496,1241,view,2026-03-05T23:52:38Z
496,574,remove_cart,2026-03-06T00:02:38Z
496,1177,view,2026-03-06T00:59:38Z
496,328,wishlist,2026-03-06T01:10:38Z
496,273,search,2026-03-06T01:53:38Z
496,874,checkout,2026-03-06T02:14:38Z
496,922,click,2026-03-06T03:10:38Z
496,915,purchase,2026-03-06T04:08:38Z
496,162,add_to_cart,2026-03-06T04:12:38Z
496,1489,checkout,2026-03-06T05:07:38Z
496,231,view,2026-03-06T05:12:38Z
496,1307,checkout,2026-03-06T05:33:38Z
496,1421,wishlist,2026-03-06T05:55:38Z
496,942,remove_cart,2026-03-06T06:25:38Z
496,508,search,2026-03-06T06:56:38Z
496,89,wishlist,2026-03-06T07:04:38Z
496,1466,remove_cart,2026-03-06T07:34:38Z
496,609,search,2026-03-06T08:30:38Z
496,1239,search,2026-03-06T09:15:38Z
496,1453,view,2026-03-06T10:06:38Z
496,1436,checkout,2026-03-06T10:14:38Z
496,1286,remove_cart,2026-03-06T10:46:38Z
496,1458,checkout,2026-03-06T11:20:38Z
496,38,view,2026-03-06T11:36:38Z
496,1179,add_to_cart,2026-03-06T11:55:38Z
496,1382,add_to_cart,2026-03-06T12:10:38Z
496,20,view,2026-03-06T13:09:38Z
496,620,purchase,2026-03-06T13:24:38Z
496,1093,click,2026-03-06T14:22:38Z
496,247,checkout,2026-03-06T15:14:38Z
496,641,wishlist,2026-03-06T16:00:38Z
496,402,view,2026-03-06T16:52:38Z
496,471,purchase,2026-03-06T16:56:38Z
496,757,view,2026-03-06T17:09:38Z
496,216,search,2026-03-06T17:23:38Z
496,451,purchase,2026-03-06T17:52:38Z
496,1457,click,2026-03-06T18:02:38Z
496,1423,wishlist,2026-03-06T18:53:38Z
497,1263,view,2026-03-16T17:12:38Z
497,1022,click,2026-03-16T17:47:38Z
497,748,add_to_cart,2026-03-16T18:32:38Z
497,1160,checkout,2026-03-16T19:09:38Z
497,468,purchase,2026-03-16T19:39:38Z
497,364,add_to_cart,2026-03-16T20:24:38Z
497,986,add_to_cart,2026-03-16T21:20:38Z
497,1210,view,2026-03-16T22:00:38Z
497,1069,add_to_cart,2026-03-16T22:59:38Z
497,1435,purchase,2026-03-16T23:56:38Z
497,1184,remove_cart,2026-03-17T00:10:38Z
497,80,click,2026-03-17T00:51:38Z
497,64,remove_cart,2026-03-17T01:03:38Z
497,943,search,2026-03-17T01:31:38Z
497,403,remove_cart,2026-03-17T02:30:38Z
497,456,view,2026-03-17T03:20:38Z
497,794,click,2026-03-17T04:15:38Z
497,1171,click,2026-03-17T05:14:38Z
497,805,search,2026-03-17T05:49:38Z
497,958,checkout,2026-03-17T05:52:38Z
497,1255,remove_cart,2026-03-17T06:37:38Z
498,526,view,2026-02-10T17:17:38Z
498,562,click,2026-02-10T17:35:38Z
498,132,add_to_cart,2026-02-10T18:13:38Z
498,1118,remove_cart,2026-02-10T18:21:38Z
498,168,view,2026-02-10T18:44:38Z
498,703,view,2026-02-10T18:51:38Z
498,341,search,2026-02-10T19:34:38Z
498,359,checkout,2026-02-10T20:24:38Z
498,941,wishlist,2026-02-10T20:46:38Z
498,210,purchase,2026-02-10T20:47:38Z
498,1013,view,2026-02-10T21:21:38Z
498,1031,add_to_cart,2026-02-10T21:43:38Z
498,460,search,2026-02-10T21:55:38Z
498,331,view,2026-02-10T22:04:38Z
498,369,checkout,2026-02-10T23:04:38Z
498,763,checkout,2026-02-10T23:49:38Z
498,1408,add_to_cart,2026-02-10T23:57:38Z
498,345,wishlist,2026-02-11T00:51:38Z
498,1495,checkout,2026-02-11T01:41:38Z
498,142,add_to_cart,2026-02-11T01:57:38Z
498,546,click,2026-02-11T02:42:38Z
498,139,purchase,2026-02-11T03:01:38Z
498,479,remove_cart,2026-02-11T03:26:38Z
498,947,add_to_cart,2026-02-11T03:53:38Z
498,749,checkout,2026-02-11T04:42:38Z
498,953,checkout,2026-02-11T04:51:38Z
498,225,checkout,2026-02-11T05:21:38Z
498,55,search,2026-02-11T05:48:38Z
498,1439,wishlist,2026-02-11T06:01:38Z
498,1497,search,2026-02-11T06:27:38Z
498,902,wishlist,2026-02-11T07:08:38Z
498,125,search,2026-02-11T08:06:38Z
498,1103,remove_cart,2026-02-11T08:57:38Z
498,1415,purchase,2026-02-11T09:14:38Z
498,1282,remove_cart,2026-02-11T10:05:38Z
498,875,checkout,2026-02-11T10:12:38Z
498,821,search,2026-02-11T11:01:38Z
498,258,add_to_cart,2026-02-11T11:41:38Z
498,1019,click,2026-02-11T12:30:38Z
498,396,checkout,2026-02-11T13:19:38Z
498,40,remove_cart,2026-02-11T14:09:38Z
498,1223,wishlist,2026-02-11T14:25:38Z
498,1114,view,2026-02-11T15:24:38Z
498,27,click,2026-02-11T15:30:38Z
498,988,view,2026-02-11T15:33:38Z
498,485,checkout,2026-02-11T16:08:38Z
498,1062,click,2026-02-11T17:02:38Z
498,837,add_to_cart,2026-02-11T17:49:38Z
498,1310,purchase,2026-02-11T18:20:38Z
498,1202,search,2026-02-11T18:25:38Z
498,98,checkout,2026-02-11T19:09:38Z
498,376,purchase,2026-02-11T20:08:38Z
498,116,add_to_cart,2026-02-11T20:29:38Z
498,408,click,2026-02-11T21:09:38Z
498,1381,purchase,2026-02-11T21:49:38Z
498,973,add_to_cart,2026-02-11T22:00:38Z
498,597,search,2026-02-11T22:42:38Z
498,1352,wishlist,2026-02-11T22:59:38Z
498,581,wishlist,2026-02-11T23:46:38Z
498,988,search,2026-02-12T00:45:38Z
498,1063,add_to_cart,2026-02-12T01:14:38Z
498,1229,checkout,2026-02-12T02:00:38Z
498,579,add_to_cart,2026-02-12T02:19:38Z
498,1387,checkout,2026-02-12T03:12:38Z
498,156,checkout,2026-02-12T04:12:38Z
498,49,checkout,2026-02-12T04:32:38Z
498,803,remove_cart,2026-02-12T05:32:38Z
498,1165,remove_cart,2026-02-12T06:01:38Z
498,12,search,2026-02-12T06:10:38Z
498,448,remove_cart,2026-02-12T06:18:38Z
498,1248,checkout,2026-02-12T06:46:38Z
498,928,add_to_cart,2026-02-12T06:59:38Z
498,1149,remove_cart,2026-02-12T07:05:38Z
498,1476,add_to_cart,2026-02-12T07:26:38Z
498,61,purchase,2026-02-12T08:25:38Z
498,1012,checkout,2026-02-12T08:59:38Z
498,144,view,2026-02-12T09:38:38Z
498,158,add_to_cart,2026-02-12T10:11:38Z
498,331,add_to_cart,2026-02-12T10:17:38Z
498,648,remove_cart,2026-02-12T10:31:38Z
499,890,view,2026-02-07T16:46:38Z
499,154,click,2026-02-07T17:17:38Z
499,355,add_to_cart,2026-02-07T17:20:38Z
499,797,checkout,2026-02-07T18:18:38Z
499,350,purchase,2026-02-07T18:29:38Z
499,210,wishlist,2026-02-07T19:18:38Z
499,650,purchase,2026-02-07T19:31:38Z
499,1040,remove_cart,2026-02-07T19:40:38Z
499,471,search,2026-02-07T19:59:38Z
499,376,checkout,2026-02-07T20:43:38Z
499,1025,add_to_cart,2026-02-07T21:40:38Z
499,1483,search,2026-02-07T21:42:38Z
499,344,click,2026-02-07T22:38:38Z
499,1428,wishlist,2026-02-07T23:35:38Z
499,89,add_to_cart,2026-02-07T23:39:38Z
499,382,search,2026-02-07T23:55:38Z
499,143,view,2026-02-08T00:32:38Z
499,1331,add_to_cart,2026-02-08T01:05:38Z
499,598,click,2026-02-08T01:15:38Z
499,1266,checkout,2026-02-08T02:14:38Z
499,858,remove_cart,2026-02-08T02:57:38Z
499,1354,remove_cart,2026-02-08T03:56:38Z
499,423,checkout,2026-02-08T04:29:38Z
499,200,view,2026-02-08T04:42:38Z
499,1223,checkout,2026-02-08T04:53:38Z
499,1260,search,2026-02-08T04:57:38Z
499,974,purchase,2026-02-08T05:54:38Z
499,437,wishlist,2026-02-08T06:00:38Z
499,1398,checkout,2026-02-08T06:27:38Z
499,231,search,2026-02-08T07:01:38Z
499,1338,search,2026-02-08T07:49:38Z
499,1220,click,2026-02-08T08:35:38Z
499,1154,remove_cart,2026-02-08T09:07:38Z
499,596,click,2026-02-08T09:43:38Z
499,1278,wishlist,2026-02-08T09:48:38Z
499,1042,add_to_cart,2026-02-08T09:49:38Z
499,874,search,2026-02-08T10:29:38Z
499,1051,wishlist,2026-02-08T10:45:38Z
499,1168,wishlist,2026-02-08T10:51:38Z
499,765,search,2026-02-08T10:54:38Z
499,594,remove_cart,2026-02-08T11:29:38Z
499,1192,wishlist,2026-02-08T12:10:38Z
499,517,purchase,2026-02-08T12:55:38Z
499,204,view,2026-02-08T13:55:38Z
499,946,view,2026-02-08T14:49:38Z
499,358,wishlist,2026-02-08T15:45:38Z
499,1246,checkout,2026-02-08T16:31:38Z
499,286,checkout,2026-02-08T16:42:38Z
499,1493,wishlist,2026-02-08T17:13:38Z
499,264,wishlist,2026-02-08T17:17:38Z
499,1264,add_to_cart,2026-02-08T17:39:38Z
499,1471,purchase,2026-02-08T18:37:38Z
499,321,click,2026-02-08T19:20:38Z
499,346,add_to_cart,2026-02-08T19:51:38Z
499,585,wishlist,2026-02-08T20:09:38Z
499,645,wishlist,2026-02-08T21:09:38Z
499,1395,view,2026-02-08T21:25:38Z
499,1181,view,2026-02-08T21:54:38Z
499,272,wishlist,2026-02-08T22:29:38Z
499,877,wishlist,2026-02-08T22:46:38Z
499,305,checkout,2026-02-08T23:15:38Z
499,769,purchase,2026-02-08T23:55:38Z
499,994,checkout,2026-02-09T00:38:38Z
499,23,purchase,2026-02-09T01:15:38Z
499,165,checkout,2026-02-09T01:36:38Z
499,1114,remove_cart,2026-02-09T01:49:38Z
499,873,view,2026-02-09T02:15:38Z
499,989,add_to_cart,2026-02-09T02:41:38Z
499,1247,search,2026-02-09T02:42:38Z
499,428,view,2026-02-09T03:12:38Z
499,279,checkout,2026-02-09T03:59:38Z
500,800,view,2026-01-30T16:54:38Z
500,1092,click,2026-01-30T17:12:38Z
500,446,add_to_cart,2026-01-30T17:13:38Z
500,142,checkout,2026-01-30T17:39:38Z
500,1300,purchase,2026-01-30T17:58:38Z
500,514,wishlist,2026-01-30T18:18:38Z
500,1471,view,2026-01-30T19:02:38Z
500,164,add_to_cart,2026-01-30T19:41:38Z
500,682,wishlist,2026-01-30T20:06:38Z
500,666,view,2026-01-30T20:49:38Z
500,616,search,2026-01-30T21:25:38Z
500,556,click,2026-01-30T22:06:38Z
500,260,add_to_cart,2026-01-30T22:58:38Z
500,672,purchase,2026-01-30T23:52:38Z
500,1453,remove_cart,2026-01-30T23:55:38Z
500,1216,add_to_cart,2026-01-31T00:04:38Z
500,132,purchase,2026-01-31T00:27:38Z
500,999,click,2026-01-31T01:10:38Z
500,1047,search,2026-01-31T02:07:38Z
500,851,remove_cart,2026-01-31T02:20:38Z
500,1107,purchase,2026-01-31T03:20:38Z
500,1104,view,2026-01-31T03:43:38Z
500,69,search,2026-01-31T04:09:38Z
500,1354,checkout,2026-01-31T04:10:38Z
500,691,search,2026-01-31T04:25:38Z
500,768,click,2026-01-31T04:57:38Z
500,897,purchase,2026-01-31T05:03:38Z
500,135,add_to_cart,2026-01-31T05:31:38Z
500,1380,view,2026-01-31T06:06:38Z
500,814,search,2026-01-31T06:27:38Z
